"Land_system_names","Land_use","lon","lat","BIO1_Annual_Mean_Temperature","BIO10_Mean_Temperature_Warmest_Quarter","BIO11_Mean_Temperature_Coldest_Quarter","BIO12_Annual_Precipitation","BIO13_Precipitation_Wettest_Month","BIO14_Precipitation_Driest_Month","BIO15_Precipitation_Seasonality","BIO16_Precipitation_Wettest_Quarter","BIO17_Precipitation_Driest_Quarter","BIO18_Precipitation_Warmest_Quarter","BIO19_Precipitation_Coldest_Quarter","BIO2_Mean_Diurnal_Range","BIO3_Isothermality","BIO4_Temperature_Seasonality","BIO5_Max_Temperature_Warmest_Month","BIO6_Min_Temperature_Coldest_Month","BIO7_Temperature_Annual_Range","BIO8_Mean_Temperature_Wettest_Quarter","BIO9_Mean_Temperature_Driest_Quarter","Top_Rao","Cec_Rao","Clay_Rao","N_Rao","pH_Rao","Sand_Rao","Silt_Rao","Soc_Rao","Hyd_feat_Sha","Landform_sha","TWI_Rao","C.hull","F.eDep","F.eRDC","F.rich","F.disp","F.div","F.eve","F.dist","F.nMST","F.rao","Sp.rich","intensity_bi","intensity_ord","intensity_bi_N","intensity_ord_N"
"medium-intensity forest",42,4545284,3667465,-0.251954612202499,-0.355548804977578,0.000861086696668488,-0.80406927099208,-1.0143291357901,-0.850545898457081,-0.455248645730935,-0.967267196589768,-0.796585390104778,-0.635378634592824,-0.363651223464523,-1.33234413851171,-1.09189743923422,-0.480087510960855,-0.288677558585795,0.220136379356752,-0.665737012526374,-1.32796041039062,0.241079328042252,-1.14812408325357,-0.0244240268211093,-1.25985071518127,-0.564217989890901,-1.21105623599447,-0.499752915493412,-0.806746207932376,1.58664189907781,-0.55600660719514,-0.501757752503733,0.409248219843173,1.19146346349803,0.947472312190638,0.989952992504597,-0.0320609527961615,-0.408036299116121,1.06557724851692,-1.96765192341934,0.986084622668362,-0.570769538366218,-0.772061083616972,-1.66321225682919,"low","medium","1","3"
"high-intensity forest",43,4372284,3309465,0.319020410044619,0.212173907437142,0.450962214650254,-1.13469115999161,-1.40713884072085,-0.94139808755657,-0.980028447767443,-1.34409427696836,-0.937519550343253,-0.956984130053482,-0.834404745433255,-1.01527802595349,-0.600997593321808,-0.418796385254682,0.316740332545227,0.706634320250956,-0.637040924996151,1.07513096566851,0.0926932579532311,-1.13924436132219,0.386977702511349,-0.36701237525594,-0.287146506943727,0.377712529965637,0.726772392731679,0.70609278352223,0.150453073189756,-1.27843053693979,-0.028106111177713,-0.832735046597254,-1.17663476264763,0.963628668290471,0.138507628080229,-2.77166052591905,-1.20688722292314,-3.25786597351895,-2.09335203378261,-0.42000508521367,1.75150368560228,-1.53396326247533,-2.39034265911105,"high","high","1","4"
"high-intensity grassland",53,4019284,3240465,0.552856531991699,0.142336155700228,0.899146399073983,-0.729042570323926,-1.11132958912766,-0.689664072152502,-1.00836778921197,-0.953142620178809,-0.466246896603795,-0.679298959089039,-0.269000688875687,-1.120966562152,0.45068980466968,-1.28358696843384,0.117895038220832,1.09437503370386,-1.43613450777023,-0.789570984475578,0.251745855559398,-1.36737148674394,-0.684246863192177,1.18542231971842,0.370571991788225,0.107314272051293,1.4682407355664,0.840310728785868,-0.47978904064078,-1.27843053693979,-2.32425434918061,0.467608934124334,1.24236197050866,0.839555212955692,0.72592029865943,1.74689884565453,0.388807201619351,-0.181015405188689,-0.43991935278181,2.03889461221383,-0.715340530377766,0.520714613225988,0.187019919624766,"high","high","1","4"
"high-intensity grassland",53,3964284,3228465,0.594821648222336,0.100640387995294,0.983650259899934,-0.72608154392277,-0.957366886313814,-0.737856379925632,-0.646046761008797,-0.840778939993924,-0.565283967134906,-0.662763995865339,-0.350860880238477,-1.54372121090873,0.271755399923706,-1.47982674041643,-0.0012153444064538,1.19420902415745,-1.7238080756369,-0.0848797677320203,0.277206173661123,-2.23939442602014,-1.07687131388907,-0.140775095801412,-0.160744009423874,-1.06405417629644,-1.05315390090319,-0.345834059818731,1.3211904993283,0.34368066323714,-2.32425434918061,1.07066662878501,-1.53816803566226,-1.28067531392491,0.868948663541392,-1.1510828040968,-1.45325412356263,-0.351921258507925,1.02845964164949,-1.56722755926372,-1.10004007025229,-1.36290746535505,-0.394144753787411,"high","high","1","4"
"high-intensity agricultural mosaics",733,4070284,3225465,0.56033286167638,0.205577573166161,0.851052109476666,-0.77962981671528,-1.06704801133897,-0.801583859269778,-0.932988947174327,-1.02968593726971,-0.584206514972466,-0.635601761006384,-0.336982891033273,-1.01527802595349,0.411165941290609,-1.12401686423904,0.204486910753514,1.05706240870588,-1.27785884072864,1.07088933444021,0.246602195080492,-1.22607184438383,-1.43840717531584,1.39997960225025,-0.985134068736879,0.837060342215748,2.15519089921817,1.90193205121832,0.16338350395763,-1.27843053693979,-2.32425434918061,1.01169825460984,1.31307672894396,0.57155323528357,0.0587676498657645,-0.020145129740935,1.10215387345055,0.0938154797304998,-0.650160988238591,0.139312142698169,0.106592449795182,1.33892113358713,0.54392296593678,"high","high","1","4"
"high-intensity grassland",53,3958284,3222465,0.594821648222336,0.128523900814217,0.976080199746856,-0.725130809738897,-0.97068745983748,-0.734260295498191,-0.666394514305763,-0.848320335238625,-0.557787188087111,-0.654078093384659,-0.349304596430868,-1.33234413851171,0.470808193110421,-1.46795771547153,0.0517770157301116,1.17204653281265,-1.627917089568,-0.090307742484536,0.277206173661123,-2.23939442602014,-0.260665571701263,0.396520859965681,1.08297126079775,-0.619486688352971,0.733967345820673,0.924343784364157,0.761866279054142,-0.330861306964139,-2.32425434918061,0.0748914254360005,-0.120831468923523,-1.38256383010653,-1.04395668894107,-0.443767124257828,-1.50903621820717,-1.36153023889229,0.155570745536814,-0.944966610689342,0.709102731970407,-1.31439840190221,0.842678478247376,"high","high","1","4"
"forest/shrubs and cropland mosaics",71,4099284,3211465,0.549056924422834,0.240057420256038,0.801040861444981,-0.819112751514211,-1.21954860764734,-0.759407412114789,-1.07698430560509,-1.07232029486767,-0.583277998802959,-0.759736532717783,-0.394239476720028,-1.01527802595349,0.240547075905848,-0.999059753808727,0.252970798925616,1.01966321446894,-1.16543082658915,-1.32102659328496,0.240597595489847,-1.30469055453784,-0.580485544094601,-0.817731039156659,-0.738342182417882,0.913034044984476,-0.602313906798843,-1.24539238003303,-0.382334083946329,1.04334388220449,-1.80081827924134,0.826282270074399,-0.0794542370544538,0.301666622779982,0.265277611167358,0.0236097852518162,1.07247044540953,0.812892541562907,0.675863327750308,-0.0997050109644179,0.553814730315056,1.15163851689245,0.595145383051275,"low","low","0","2"
"high-intensity agricultural mosaics",733,4100284,3211465,0.551433241820121,0.240057420256038,0.801040861444981,-0.817678381476188,-1.21863893722603,-0.755762839529441,-1.08590363172607,-1.06993439288465,-0.578667498804093,-0.760495238259379,-0.390564418410615,-1.01527802595349,0.231735097850361,-0.99476129192465,0.260157771216465,1.01690913550556,-1.15278769707287,-1.31949890668489,0.239015635806351,-1.31455625358469,-0.677463621181738,-1.22354068801959,-0.55319663055333,0.418744459603044,-0.2468476038588,-0.0986451745649082,-0.460082303559224,1.3211764963808,-1.53029992020229,1.14118561383763,1.1128643054873,-0.496931203185086,-0.789477560800194,0.967038629070839,0.00658919045112532,-0.125855873874878,-0.0442548337625394,0.171063164420241,0.437231282392503,0.369600600520172,0.898529236317539,"high","high","1","4"
"forest/shrubs and grassland mosaics",72,4094284,3207465,0.56693117213916,0.240057420256038,0.826046455651804,-0.819424188949701,-1.22342701778765,-0.779376138207714,-1.04678339986437,-1.0724435880012,-0.593168208628547,-0.759339057531855,-0.400557403784726,-1.01527802595349,0.230704738957935,-1.03044346632329,0.244263651355189,1.03907162189665,-1.20393207623768,-1.30953592092581,0.247351199360246,-1.2652930651469,-0.77470288499441,-0.795696551384355,-1.02844452115889,-0.0253323604812911,-0.613472360430527,-0.682718316360964,-0.411342694877473,-1.016154115879,-2.32425434918061,0.0651648812887088,-0.568773218261582,-0.0477056141487364,0.258982349729381,-0.159812073968364,-0.466153255376926,-0.0605549761050803,-0.86792357920912,-0.219127468098288,-0.0412406237818938,-0.45635674569821,-0.736814538409737,"low","none","0","1"
"high-intensity forest",43,4863284,3184465,0.272424746514982,0.503295459421062,0.0296517333367943,-1.38681462466409,-1.12500406530009,-1.45826875180282,1.10190289452334,-1.23639408608566,-1.50119751492624,-0.846894993976874,-1.77419094126377,-0.381146304799736,-1.15370826377862,0.718375705000651,0.599506074359838,0.178089359677402,0.466357751018488,1.26233043364539,-0.404613214362381,-1.06225404347493,-0.282118671425968,-1.06759360492329,0.454621534203797,2.45712036005293,-0.0313041862520793,-0.316008609519182,0.468093169721335,1.3158123877999,-0.738504031906031,2.01416061558796,0.0396423322085428,0.85937172256106,0.843617551962573,-0.0295975641025655,-0.475722098407198,-2.41270942663398,-1.29875411180938,0.943818586191887,0.968301684665364,-0.417998041887278,-0.726379375967161,"high","high","1","4"
"forest/shrubs and cropland mosaics",71,4863284,3176465,0.258690568228792,0.464642844558075,0.025689660040418,-1.36411392339234,-1.09317917133597,-1.42963222470618,1.07480223544465,-1.20624815046251,-1.47386022696926,-0.816080378127314,-1.73507680514867,-0.325302198769375,-1.14439908210022,0.682615137197533,0.578993310256511,0.153778758355187,0.476679295174646,1.23747569895139,-0.411525304054071,-1.23550352588089,-0.905487065258526,-1.43020302460239,-1.05067485328041,1.27169932979108,-0.368961177528704,-0.663810811186021,-0.770653465130115,-1.27843053693979,-1.91126819294769,0.855462627214988,-0.706102049722908,0.721474874763547,0.0555055939537721,-1.98141431496546,-0.384224014807524,-1.39240705610232,2.73359538042288,-0.593841626964414,0.167453319903979,-0.769579943568111,-1.85817894526882,"low","low","0","2"
"forest/shrubs and cropland mosaics",71,4865284,3167465,0.159718305159598,0.359188185127279,-0.0363543117596216,-1.27485905372088,-0.95594322862924,-1.3324689761884,1.02311551305022,-1.07518614383554,-1.37560863856472,-0.682111227620005,-1.59773774762766,-0.275457768601225,-1.0118614246594,0.602169011306929,0.456738974698959,0.108247186040242,0.394866578311572,1.16966534273902,-0.444802144075882,-0.717106815668091,0.216312283700154,-0.765949899951001,0.156917630382139,2.28886190327708,1.74411823285242,2.3456935407678,-0.487861188010653,-1.27843053693979,0.771310816817124,-0.374970209522693,1.33817745280012,0.464889375542418,0.366905315507834,1.02641527404335,0.0795207773127035,-0.0884443423507662,-0.0230254333791551,0.921196550756976,0.286121446414754,-0.218161108662278,-0.855259224479708,"low","low","0","2"
"high-intensity forest",43,4844284,3165465,0.135048385495307,0.296300437119551,-0.0241445373191734,-1.24356762892221,-0.884012510983477,-1.27364314301593,1.02995243059067,-1.017695662064,-1.33384768468673,-0.623345524244878,-1.54499990609462,-0.381146304799736,-0.968589410892133,0.515546275665348,0.38859641026344,0.112608240042398,0.306372597277917,1.12922672564219,-0.44841358272539,-0.864667962865474,-0.15227102804259,-0.867203479786529,-0.539275928778857,-0.28982683977791,1.35532649332441,1.75297432783198,0.105738081903538,-0.626287640838409,1.02267999918535,-0.942160932937736,0.67805813577178,1.33304730045261,1.22534812438517,0.196209670415372,0.322250239263269,-0.105125291054612,-0.615674320056177,1.50219596511606,-0.587984285637905,0.134550232561251,-0.411289166793792,"high","high","1","4"
"high-intensity forest",43,4592284,3154465,0.455368469848947,0.518891484777525,0.361195944021373,-1.20043788087012,-1.31904651906264,-0.947817919663422,-0.349000361255894,-1.31566234870684,-1.04477646568252,-0.927921540714976,-1.04673874466599,-0.803900953556465,-1.04329157798598,0.160446551504979,0.528711289223777,0.551496907257145,-0.157584775331705,1.27235912313742,0.137174302697266,-1.46535895000704,-0.963587376369153,-2.07124892685378,0.837507922753419,0.931912080003673,-0.901596107964666,-0.849325406841185,-1.19589100566168,1.96672416045166,-1.89805303518192,1.36672454414772,-1.79847702770593,-0.0613278256979524,0.772867767327297,-1.15342299152077,-1.69353795271017,0.304712382686952,-0.17101093925169,-1.13019946979624,0.0472114078674056,-1.88859511534734,-1.24463075750421,"high","high","1","4"
"forest/shrubs and grassland mosaics",72,4002284,3150465,0.678493608443512,0.312802175389331,0.951074545921994,-0.872301362062242,-1.25802955262456,-0.714178671604763,-1.33979677960474,-1.13144901892962,-0.58540746902272,-0.851009977384597,-0.401125007055234,-0.803900953556465,0.71195577487105,-1.13900845000087,0.316740332545227,1.12772156333294,-1.24435192597245,-1.21286546719192,0.302666491762848,-1.87073069327106,-1.06124560483213,-0.595390569934351,-1.08081146984948,0.616966123322652,1.46630527767319,1.8199108047053,-0.151169141054063,1.15477079037961,-2.32425434918061,1.14726474922336,1.71611572162368,-0.249179301818135,0.817174702716206,0.214011458003528,-0.345799142209442,0.304449514262516,0.367834365146113,-0.0367156930674914,-3.50382129085429,-0.315741854365027,-0.349104358529688,"low","none","0","1"
"medium-intensity forest",42,4628284,3069465,-0.168806910050487,-0.107246519541429,-0.193005702926061,-0.96780649078997,-0.678124243110766,-0.878884838530873,0.537626611172131,-0.739819409823341,-0.980834513828961,-0.339305576918335,-1.00682707562046,0.0416083439569932,-0.143820391901917,0.186751820699325,0.0222791464753038,-0.0716282468647735,0.130188167118381,0.869734513279992,-0.15426147791069,-0.215174714627979,0.0622250039904292,-0.853669053948601,-0.00810553406340833,0.660277810169555,-0.529799599773164,-0.546348276931556,-0.788883227817081,0.823289339413421,0.593439639197245,0.827498314561173,0.235342597192542,-0.948118771437072,-1.86257015153929,0.799062452538159,0.277276054102345,0.188917868137045,0.527702969264636,-0.0935476054640913,0.504730826146401,0.438423210257709,1.86416070245329,"low","medium","1","3"
"high-intensity forest",43,4379284,3054465,-0.449054766326371,-0.550065677409475,-0.294749759300121,-0.170827569489544,-0.290815882800823,0.429359820614866,-1.23659593660592,-0.321542323706016,0.36932922584187,-0.207574261712624,0.45979573588685,-0.803900953556465,-0.535796604997701,-0.323359991138448,-0.49836471470303,-0.100483783594719,-0.456274899778515,-2.07710408720036,0.732474515203481,-0.314981539832974,-0.273684784204955,-0.142740415883029,-0.233579664926939,0.238928327702835,-0.842879454262277,-0.886475393892373,-0.887035050378774,1.06056541631693,1.11313356892346,0.187357060644024,0.904154347709258,1.41530094797319,1.36206934761786,-0.0780213933600211,-0.0536795435084538,1.11073074193398,-0.969871251974588,1.42730014482742,-0.482796101942135,-0.0520226971366569,-1.14100135465271,"high","high","1","4"
"low-intensity forest",41,5009284,2985465,-1.58111765207732,-1.67584449160368,-1.30023687636006,-0.0318397379926457,0.496390562664395,-0.268554986808601,1.19078613902839,0.498440096214318,-0.30330178350996,0.926420306583671,-0.521979867407336,-0.0640801922415182,0.306191722847318,-0.285075682725687,-1.71525517114625,-1.22387732379039,-0.304061082326118,-0.138918758312509,-1.23809443562061,1.03504645727976,-0.254962533251693,0.0466429168258024,-0.834164138029611,-0.799726030239516,-0.447119582815045,-0.882549952139793,0.190705372942469,-0.595006652605272,-0.799457310674321,-1.82790240887758,-0.696546268412107,1.51779185714603,0.880688188124046,-0.793820133229788,-0.384899475295965,-0.803821774505955,-2.63527990375687,0.945807117756904,-0.107316126528283,-0.615911809601544,-1.25629762779056,"low","low","0","2"
"high-intensity forest",43,3647284,2964465,0.721010645269553,0.143146138534605,1.21424407190585,-0.632538251309292,-0.559365011812752,-0.13835690104972,-0.320961168774332,-0.529572004086154,-0.334472067995897,-1.00843362402589,0.035205572163947,-0.592523377196759,1.99125916679315,-1.8304432182393,0.156624131430675,1.31664376324404,-1.70998708295997,-0.618799843625401,1.64601037192091,-0.663361274013975,-0.925709280188767,-0.436259388551559,0.406252340657979,1.9942547724878,0.203593281248881,1.13311721779135,1.62901740780113,-0.545339790469743,1.13540582686689,0.290095789355399,0.251421431673087,1.69365425027924,1.55826728551508,-1.13918671871269,0.751925443514681,0.138616047948101,-0.78810651439375,0.632590428250297,-0.109324464773841,0.869961558436918,-0.526162926395062,"high","high","1","4"
"medium-intensity forest",42,5055284,2951465,-1.66170497463831,-1.62005725628254,-1.55800357715402,0.939127817896484,1.34100714117689,0.841159758603748,0.975341172186141,1.28467340889086,0.634602605341555,1.7300934053759,0.181773452800882,0.237996053971003,-0.0321331596205489,0.206506299859156,-1.61221958080794,-1.50282372518001,0.222543734725276,-0.103045973556972,-1.36932151512859,1.39725611417613,2.4510430390999,1.77971877062402,0.977251203832993,-1.35479776564015,2.10045722138494,0.543162184950561,0.453670591823089,-0.673750624819182,-0.0521823226173547,-0.647926903130518,-0.922427640431516,1.78104293439877,0.704919211460624,-1.64629444593136,2.70389223394344,0.0323110835202631,-1.71685422759902,1.56695195391144,0.522500508985968,2.56645759819604,-1.15047616417826,"low","medium","1","3"
"low-intensity forest",41,5054284,2950465,-1.42841372466217,-1.33125715871229,-1.40446566356538,1.00182631451777,1.38970082080375,0.895164566213355,0.970797587964551,1.33180167997135,0.696093114934476,1.7782670493176,0.222687658903894,0.245222878991094,-0.167827677602555,0.376166096347673,-1.34909988082125,-1.34993732705941,0.319463217249647,0.0826607329661134,-1.29115652356092,0.98763088624401,1.33828754126057,1.75506138985291,-0.545157596882766,-1.24915821687617,1.90360510240306,0.0603730862258694,-0.442167341583975,1.12901349633179,0.557925934925137,1.15881536010079,0.707564551829682,1.9237781135401,0.996297025336329,-0.0807073083778382,2.51724522176239,0.403030528152413,-3.0451693994636,2.72423312606252,-0.168367847493723,2.43208414856524,-0.930071951729058,"low","low","0","2"
"low-intensity forest",41,5052284,2949465,-1.887308635685,-1.8544454406654,-1.71698092140866,1.47688023431357,1.75028556400654,1.35108583308197,0.955273439803065,1.67870868697935,1.14508603482213,2.13286895287439,0.506619168357434,0.155103262272738,0.00536899733486446,0.144674984307004,-1.8518963384097,-1.65584560373852,0.154106349063718,-0.253764266715016,-1.45025567974416,1.36824747660994,2.22253579988302,-0.482956837576519,2.18095837646078,-0.894656512961593,0.709882109127221,0.844040871313447,0.41202749528642,0.928434298077757,-0.120003642650128,0.808652523811241,0.944412816744357,1.82741329867831,0.549518544425947,0.10961541368947,1.44767114252169,-0.306653368646889,0.027935217396685,2.60865136631871,-0.104089278967041,1.0943301308383,-1.1431588002658,"low","low","0","2"
"bare and rocks",90,5052284,2947465,-2.32755306090955,-2.36333803083394,-2.02749980958927,1.73840950273776,1.91937009045029,1.61021378597413,0.927214645519165,1.84803164961438,1.40123116620783,2.30594774244426,0.658264660406613,0.203744733492287,0.213653714406268,-0.0945704870957248,-2.32937363994125,-1.96493545144989,0.0238878458503035,-0.580996728508814,-1.60833849921812,1.85116674786104,1.53429116091661,0.0161443596953792,0.751000789750081,-0.810659684295887,0.573234899261592,0.0858203282236484,-0.190427544403098,0.442657414788996,0.572804497836871,1.0931598282965,-0.791871381625076,-2.37871879636196,-2.68662193717653,-0.518988343883864,-1.16909501901032,-0.403396737532633,1.05554689121646,-1.37044174532148,0.900863800419038,-1.05084710146116,0.8375018611833,"low","none","0","1"
"water body",11,5053284,2947465,-2.28283679922004,-2.31087262925114,-1.98980213100439,1.6520868633585,1.85456551633757,1.53989611463701,0.920392779005654,1.7862308736177,1.32664635124987,2.24277613631639,0.614810516925666,0.231209692344757,0.227310750534997,-0.0837989698134885,-2.27869666645474,-1.92293165446874,0.0244389785093338,-0.547259977668612,-1.58914689592069,1.73587687228428,1.25327577978726,0.0830676709002625,0.808136530608069,-0.84671194432319,0.13952850935163,-0.0420728097854497,-0.42524704006925,1.87820057698648,0.65215965314489,1.85123783056402,-1.59001052048879,-0.730967687504205,-0.3461349620513,-0.8977437468355,-1.55520342800788,-0.624038757134901,-0.901634016446682,-1.39353552774734,1.26625804209958,-1.50830970303262,-0.00585011714206414,"low","none","0","1"
"forest/shrubs and bare mosaics",74,5047284,2945465,-2.0630618643559,-2.02683776227574,-1.87655659230531,1.5391630955308,1.79467940629717,1.33308239716236,0.97656963640854,1.7294333990894,1.18769339119478,2.18471881208227,0.532325600984455,0.147296880155504,-0.0484276697366628,0.139759915476798,-2.02632179579621,-1.79230505160339,0.140499956714209,-0.364617450441307,-1.53149444793181,1.55117175018449,2.12180757200649,0.894880415517136,1.30339149743732,-0.234485274404255,1.67758950362635,1.03297184914859,0.289564552944691,0.555673921106105,0.600693285214518,-0.339710898171064,-0.278149082655725,-2.00080106959728,-2.75043899324668,-0.314120549960564,-1.22858754215999,-1.00404183828998,0.200910888053121,-1.30524061720087,1.01089078737317,-1.08126102631538,0.926336158490374,"low","none","0","1"
"shrub",80,5059284,2944465,-2.16996007290566,-2.20999280392493,-1.8956466461846,1.38258396392718,1.63194779544894,1.37058473063589,0.848743077924329,1.57438894487685,1.14603050830496,2.02623524879573,0.507191163749287,0.252985920316711,0.248873324268146,-0.0982648586276658,-2.18022817186161,-1.84029852117363,0.0240585506561985,-0.482391370373915,-1.5412130501039,1.22295112831026,0.725114931317877,-0.527408383425515,0.726480328240851,-1.01814543582276,0.980881549253766,1.18552417665992,0.65044016072648,0.787585942280887,0.290944107227296,-0.473453507229124,-1.02312011024132,0.330520627866703,1.44552345504783,-0.184781501313087,-0.396287782464744,0.5621827553458,0.309136629560952,-0.220991095457107,0.692745345470203,-0.680147218439407,-0.787034159913533,"low","none","0","1"
"low-intensity forest",41,5052284,2942465,-2.08785428711862,-2.06596716611511,-1.88626944402547,1.30482961255219,1.57708867173977,1.18826665157268,0.890323666384401,1.52939482020151,1.03143705193929,1.9802430896971,0.437057347724684,0.160662978703801,0.0484306557232083,0.088892477493496,-2.05402784940816,-1.81138877113273,0.134600276690639,-0.389778774057042,-1.53643918734542,1.1539995862273,0.825908852419032,0.336927991458872,2.07571455861895,-0.874161156338145,2.16609977241051,2.01222531686963,1.01118930502041,0.509474972744449,0.442943579247736,-0.450352466648948,-0.655488088560158,1.52189277884527,1.32436343278922,-0.8253119058258,-1.30539598514102,-1.43631338488347,-0.591761362026637,0.849967908226822,0.84447177652341,-1.50891787979832,-1.59643737561191,"low","low","0","2"
"medium-intensity forest",42,5053284,2940465,-1.50793198367949,-1.39609141832461,-1.49605721498876,0.743846715846655,1.1157695633789,0.655557800953691,0.862095981962418,1.08886245058288,0.530041644845337,1.52993907827784,0.112271102811269,0.172053543494873,-0.292305281851458,0.437388710170952,-1.39699500429897,-1.42878821006406,0.375406230440052,0.0409704533444523,-1.28146590509682,0.155658191107707,0.181633222020236,0.0249775442673978,0.425513747594472,-0.148424021327575,-0.828240609964277,-0.111096740235035,-0.0384451910466584,1.65530544662209,0.510773358616944,1.56429879945458,-1.25299812896877,-0.22591669156022,0.773235428603176,-1.20903037801148,-1.78575780944607,-1.61123869112965,-0.0602839454451724,-1.59622829678651,1.55053479736108,-1.58262359607644,0.554937192835221,"low","medium","1","3"
"medium-intensity forest",42,3282284,2900465,0.857923924960762,-0.139738371992504,1.76212717548486,0.0116992848772125,0.265911734175072,-0.0707814883385583,0.57020814818608,0.30565196050049,-0.235467576979502,-0.720957121314697,1.06916094546712,-2.22512312079391,1.99173342255653,-3.07645269278357,-0.365507560872353,1.85380272223691,-3.11456390596727,-0.673504250150616,1.51280039478732,-0.185348450247533,-0.109098059761023,0.102585787074585,-0.802745228612296,-0.607356367916914,-0.846655338595979,-0.535933351243047,-1.15790441784554,-0.00388456447653986,0.156113328478598,-0.756744948402306,0.187311743583678,-0.539116171645335,0.219945225961383,0.70514106293919,0.850213340444548,0.843064481960754,0.820214765705957,-0.0688454437855426,0.0979395655704431,0.783913171142925,0.47933492711632,"low","medium","1","3"
"forest/shrubs and grassland mosaics",72,4494284,2893465,0.00870298878055725,0.0754660364096624,-0.0699006670347531,-0.737606463741293,-0.648158545610894,-0.561098951759305,-0.258404387755162,-0.672074642510879,-0.657947420765985,-0.270058133195019,-0.528977647463751,0.147296880155504,-0.00247687583482861,0.21532325217433,0.160718699288118,0.0314630666268527,0.148508450750547,0.987223902277993,-0.0666980275027536,-0.139224748865737,-0.478951105122909,-1.08341171860559,0.315655110898142,1.11640071917158,-0.828434601381051,-0.780462407761393,-0.877086972672301,0.889261446374364,0.740904906884901,0.251188525718162,-1.81022525124749,1.53262647763565,1.23024152089031,-2.64078368984789,-1.5574676018986,-2.3423670532389,-0.492252453248929,-1.40547253013639,1.71287547221214,-1.36398006801455,-1.11621464760365,"low","none","0","1"
"medium-intensity forest",42,4533284,2875465,-0.554863530168311,-0.576737141062582,-0.50350026694666,0.286025127795242,0.298681556153289,0.509989692842221,-0.639738286282462,0.212409495791848,0.733364412217693,0.634045135900079,0.663526720578862,0.351431000726257,0.431116045428175,0.000387641376390407,-0.487955961359187,-0.414719245972022,0.00948157955321021,0.56783864205384,-0.34750459726274,0.457442313286653,1.35100448989509,-0.44141192407477,1.58633433677121,-0.50817508551125,-0.476120565041275,-0.30096150042081,0.568033010370173,-1.16702195819692,0.351257296204805,-1.78230825937327,-0.876289077400324,2.66128142927143,1.71791106380503,-2.03376387150065,1.02767880249768,-0.0133262825151206,-1.90893010976941,2.49982553230941,1.07939743641684,1.02960773827751,-0.946597640713354,"low","medium","1","3"
"forest/shrubs and cropland mosaics",71,5530284,2874465,0.205953025919132,0.735369103229266,-0.399729405900899,-1.21186172518971,-0.518260319487361,-1.58485446979765,2.0577404856542,-0.697004875262332,-1.66293120198295,-0.295541354378773,-2.05894243766058,0.675740065110745,-0.997799741274496,1.78267684380292,0.75137502135624,-0.398779158725186,1.48155508280959,1.41156041114548,-0.779652887276712,-1.06533959123611,-0.159921422171775,0.0162375170303204,-0.921732353263089,0.900972875989534,-0.824196974083931,-0.472090916598295,-0.672954906533864,0.842314970195403,-0.516543497696167,0.32413923739494,-0.481754554955401,-0.798273130530141,-1.09600201880321,-0.00806981356921969,-0.0932132113109015,0.168270526984518,1.13420304933808,-0.574077656471212,0.953644338873047,0.0331412905624154,1.90234173221019,"low","low","0","2"
"medium-intensity forest",42,3355284,2831465,0.957536149934778,0.158667175329259,1.65325867399217,-0.631516278558667,-0.469884005664862,-0.72644834666672,0.463454845077546,-0.437235263845999,-0.851148431047427,-1.47927226677671,0.299312891339155,-1.51065168294549,1.80785375408412,-2.47432019945315,0.0346800976090618,1.69982862333076,-2.40973412666594,-0.357801874406133,1.6530965023692,-0.93141192053801,-0.175089825658733,-1.2074702910218,0.408247979768929,0.187588225953,-1.35003996495039,-1.04557198638701,0.965709025459737,-1.27843053693979,0.958890257911813,-0.914196620283921,0.069544788922484,0.991675164979105,0.831227742130062,-0.710763376524981,-1.71132119694924,0.240802740393139,-2.16825545352532,-0.0335272819408253,-0.258208686146146,-1.53810616260326,-1.30975454835954,"low","medium","1","3"
"forest/shrubs and cropland mosaics",71,5651284,2807465,0.444698448314128,1.0739658605157,-0.271880845811357,-1.29623339927498,-0.905452901459962,-1.49086227443659,1.27273794841792,-1.08662388607596,-1.53306501764937,-0.712820581139293,-1.83793221220438,0.759270873578571,-1.22784132395634,2.05145950072236,1.11372658852906,-0.262184441780353,1.72168004631552,1.34695855160198,-0.517686725290659,-0.117377129553551,-0.684226925041861,0.708231387581685,0.669448646382577,1.88462448544502,-0.00202874424318964,-0.490233994485825,1.12203244024526,0.415524575075899,0.236787200345288,0.940571609663205,-0.67160281639263,0.512638920051356,0.565456785790095,0.0158659328388226,1.42403598377823,0.512678789504344,0.375960712002392,0.0565989278663134,0.0570828014078224,1.68718261128243,0.440000291029838,"low","low","0","2"
"medium-intensity forest",42,4199284,2708465,0.238719022249931,0.141315034858475,0.353955556720893,-0.0460432741798384,-0.241412595884342,0.53954344219754,-0.848705394018024,-0.106397174519308,0.360376508174546,0.290558720854365,0.134566601682915,0.403106327358698,0.960208778867566,-0.391378456731254,0.170215246388711,0.332047184022365,-0.273554304533432,0.745412107047703,0.0743408016825712,0.697278387577026,-0.0934396262938225,5.15020262324838,0.95288703017106,2.27382679621228,2.96390085346947,3.54469928295231,2.60003331338419,-1.27843053693979,0.418487637594492,-0.92270748229381,-0.742422307120509,-0.658925355824477,-0.458561778459252,0.315165430663986,0.254710961273022,0.838152249977494,1.07970693605341,-0.48835245663469,0.315030946949797,0.095699016147696,0.303106253068583,"low","medium","1","3"
"forest/shrubs and grassland mosaics",72,5601284,2707465,0.222513037653806,0.737554408197392,-0.364681242407788,-1.30796683067768,-0.914601223908032,-1.67667613257373,1.85712981572705,-0.915136477960178,-1.69017881316344,-0.534551053528644,-2.10334602801819,1.20418325006599,-0.326957314654572,1.70818202897145,0.762992637488848,-0.364226046075687,1.44573694691361,1.14401823043025,-0.761810132090907,-0.125696065994688,-1.09850161632346,-0.709491109705056,-1.39409546527185,0.206843703006432,-1.23280796488735,-0.341543952198011,-0.944039400591086,-1.27843053693979,0.846024616197419,-1.01450362237113,-1.25985982811104,0.690106878523122,0.989914225499318,-0.8567482856029,-0.0517165372453006,1.39664688567023,-0.116238501509553,-0.166055709835791,0.208844466465272,-0.376670550838989,-1.32129826525604,"low","none","0","1"
"forest/shrubs and cropland mosaics",71,4075284,2697465,0.621064608079999,0.552282136302864,0.63869360752117,0.127419166449914,-0.174098604591863,1.00194880607484,-1.53385624633037,-0.187268411232182,0.714167764279254,0.0804978021584808,0.441902706237262,-0.169769232402713,0.117385148936048,-0.277084166845884,0.496535425020022,0.613266211634324,-0.285484131825099,-0.910216461049013,0.263723853816807,0.212057147256328,-0.0333384413920525,-0.219896530854167,1.08305431210732,1.07832442695392,1.60702161828357,2.79659670668258,0.0184721589526861,0.914463481803742,0.792038540915216,2.43666614131091,-0.834849248912681,-0.63942993218142,-0.856988424671783,-0.429209636770002,-0.855031891963159,0.125515951337095,0.0229716963327316,-1.14933835180626,1.49708187665817,-0.659348457673274,1.01409582070936,"low","low","0","2"
"medium-intensity forest",42,5624284,2687465,0.290618975183716,0.809869973476853,-0.280146886954758,-1.21283211936766,-0.78176383225392,-1.55814299494029,1.59397115860157,-0.840039775340392,-1.57189531120073,-0.44174897434064,-1.91720391610011,1.03746936738862,-0.458466143060243,1.67293332398579,0.831348976573064,-0.259879477793608,1.37769888856587,1.45946659733857,-0.718774330530727,0.0200074836020104,-1.04520533730121,0.663695340193414,-1.26589186566184,-0.053906056338638,0.0487374678422352,0.204900201018897,-0.450575093028576,-1.27843053693979,0.142046861865281,-0.992010422859652,-0.330906761257473,-0.572439021748411,-0.897127906993135,0.429217971390933,1.16742383170033,0.980994951814888,1.33499404437683,-0.236429174089512,-0.29794383450496,0.892303097791226,0.187331977790532,"low","medium","1","3"
"forest/shrubs and grassland mosaics",72,4086284,2683465,0.0477268337128675,-0.0973006961759762,0.207804549216473,0.359723044158234,0.0327462081920188,1.37689658612845,-1.5611054020589,-0.0106980290429794,1.00214407887806,0.329798630126485,0.644186755250558,-0.0640801922415182,0.550092282821638,-0.508300572586827,-0.136316879359669,0.20627399347443,-0.461944737974177,0.593349986596954,-0.0159265365716422,0.739802326911777,1.91005648640588,0.300146712386343,-0.283457336591579,0.626902028412611,1.15157466090484,1.37196783295642,-0.248113468848145,0.120597562211268,-0.142055252901364,-0.882584717693856,1.1035701815101,-0.252947584672452,-0.653183399899856,1.79930363583385,0.629278989699936,0.318021313657365,-0.372610269321645,1.07956112451681,-0.848657194179748,0.802933401890973,0.926177868116441,"low","none","0","1"
"medium-intensity forest",42,5633284,2669465,0.482537326377745,1.02749103453784,-0.104283388878153,-1.27043809928942,-0.963007072833195,-1.53326784623028,1.27541030683575,-1.0250465190125,-1.53610048095576,-0.630859433776991,-1.86400614407663,0.776886385555694,-0.778688989010443,1.72092260411904,1.01419048413603,-0.0756105474430383,1.33251210712662,1.5994031515839,-0.629243552608027,0.264614542629022,-0.489995737347316,0.322822279907838,-0.397091007224765,1.25595222622007,-0.893032580002307,0.46610314008022,-0.0551861015404548,-0.492861510874862,-0.176908423986302,-1.07225613323423,-0.456310850180815,-1.34799487981875,-0.0361633669497947,0.892716428528628,1.44083853738831,0.94718617808566,1.24358396466711,-0.161360234176511,-0.143181406747215,1.15721251223888,0.429950417794141,"low","medium","1","3"
"high-intensity cropland",63,4214284,2660465,0.584451392716909,0.59463790971853,0.512859660214302,0.933021192443964,0.951693726665616,1.42021605114311,0.256061526685949,1.053371506009,1.13144785102768,1.49366089348858,0.498348535994424,0.350174117769485,0.392708212950413,0.0107322769266906,0.478649107368807,0.380987537152332,0.0279353787299898,1.32106623655268,-0.315060689881352,0.0520595207122923,0.899279864503756,-0.43262946272381,-0.0923837219081922,-1.57449692181188,0.460815013791233,0.657543313726727,0.43574745070653,1.52911175901181,-0.0473092748637478,1.3016770345868,2.14523860388628,0.824247245361448,0.385859879992442,0.709505635049447,-0.615940816621187,-0.43552266655211,-1.2447773967788,1.09019679502562,0.369828632150524,-0.487639146973856,0.872001161209731,"high","high","1","4"
"medium-intensity forest",42,4076284,2655465,0.137240906684674,0.0405032842550659,0.255080797340339,0.187010227537725,-0.21178196425168,1.09345942093647,-1.67756192889378,-0.179264338782186,0.778237374639457,0.186980808407277,0.512139101484523,-0.275457768601225,0.134146265529094,-0.388450232505234,-0.0173293034454677,0.242461167177758,-0.370597548042085,0.629209775949219,0.0114358541943142,1.05877056189849,3.26174871585531,-0.0908511087314952,0.32445445035876,-0.406465850909777,0.287112609913973,0.279500460314471,1.05746144595237,0.853851983053691,0.413514252711419,0.744820696387732,0.0310105879625587,-1.20200243110479,-1.95381017428766,0.721769095795728,0.593496917200624,0.47766617574988,-0.274058750261758,-0.415417188225521,0.903497542241071,0.807068561587345,1.51467608236941,"low","medium","1","3"
"forest/shrubs and cropland mosaics",71,4056284,2637465,0.378362912462784,0.287927246217173,0.43910651174497,0.0155505620687206,-0.266953000792721,0.940675695965398,-1.80648311789608,-0.268091580049943,0.634836978381118,-0.083926059037929,0.492808183761142,-0.486834840998247,-0.21693380218834,-0.328902865972564,0.176987809195101,0.405471240625312,-0.371286463865832,-0.98900092234081,0.121528860435491,0.749420456181505,2.05684213887688,0.970190964486086,-0.441647834080451,-0.273016781199037,1.36427556709037,0.45426474982091,0.654987211715402,1.01552044171113,0.323177233830935,0.170335336624261,0.736307323820503,-1.31899995879001,-0.818906720001645,1.03223502187324,0.810072191537204,0.515760191590762,-0.25917105350617,-0.191861789948454,-0.458361319954229,0.763261257421315,0.679908660675306,"low","low","0","2"
"high-intensity cropland",63,4051284,2631465,0.330671121331376,0.209573240293288,0.419595286227329,0.0158389857464317,-0.254117341094224,0.926834136142645,-1.73527537968696,-0.246029263204927,0.626302142856674,-0.102216611749095,0.500273688814073,-0.59329746389347,-0.273048968000006,-0.404695453970591,0.0661054763440149,0.383460266501921,-0.47329599790586,-1.00915884470802,0.0929885133885762,-0.0678757217282549,0.552719461349621,1.55128704459797,-0.768777153871716,-0.841333594739168,1.82667476795326,0.804344526372702,-0.690908570513531,-0.577176450496154,-0.355538592070272,-1.12210562315615,0.447633913862842,-0.862308725582842,-1.64414496358272,0.141146024928618,0.278084494181749,0.526973477066391,-0.440259885411981,-0.591918667164204,0.500831596336252,0.489916541811033,0.894998143360525,"high","high","1","4"
"high-intensity forest",43,4053284,2630465,0.569123693328519,0.482389605687482,0.578719171622471,-0.300558088013484,-0.566627528050507,0.493529772492503,-1.68013243334752,-0.531647907970986,0.198395815205219,-0.379799030054208,0.17841717379944,-0.667415761140928,-0.487981679974218,-0.287835262316868,0.331748020411708,0.530173110627852,-0.364432665909355,-0.878712354687881,0.202733453292115,-0.348772463026076,-0.35009854249351,-0.561659473158823,-1.77393820086664,0.743877281795577,-0.348742750805412,-1.2987027267073,1.016713659086,0.689535226562876,0.334161682200637,0.0329447752805783,-0.140641824821784,-0.618124049952765,-0.870523111708592,-0.229322102955593,0.445230631643474,1.12468370054427,0.820168329438214,-0.954492623549312,0.454763135702977,0.495865174045121,0.54800094343847,"high","high","1","4"
"high-intensity forest",43,4034284,2627465,-0.530500026179156,-0.818409320783267,-0.142231373800871,0.669305038796922,0.367048322676689,1.88274560260097,-1.5884237259601,0.341876676321117,1.54954541764035,0.315499206529,1.12751249662977,-0.898276535218661,0.119250809914972,-0.949355041530475,-0.942346358898246,-0.105732223897214,-0.98430449229908,-1.45499252919546,-0.312807424716876,-0.440433010016916,-0.1545696852994,0.220144571394814,-1.27211358140565,0.710879027381186,-0.638664969688473,-0.964621408071907,-1.45194368212444,-1.27843053693979,0.620869742554498,-1.31542462863277,0.945764973064764,-0.0911410142218681,-0.217059592698591,1.21025639959972,0.606501021191418,0.823423342721757,0.750864206326558,0.810431273060575,-0.781530543638141,0.536950500163066,0.148196335316988,"high","high","1","4"
"high-intensity forest",43,4052284,2624465,0.597817712601451,0.479271996117489,0.656757933034989,-0.38886869973441,-0.662984626450267,0.363755487707806,-1.56586780164391,-0.599475848618649,0.0573592622062033,-0.470568319158223,0.0714787304243268,-1.02893692682652,-0.735918003509359,-0.395670989702389,0.267040506300442,0.627161040960042,-0.582379417169975,-0.838759782772326,0.205250894372426,-0.388991234002233,-0.595036894298335,0.0371435434976441,-1.26761873631698,0.554304650846417,-0.549246344507882,-0.618892822698697,-0.229015033869137,0.703351287519085,0.796743106884706,-0.00778583038806925,0.11547614154038,-0.537673954164336,-0.712007953491706,0.447440935412487,0.547092185808749,0.780101652788289,0.0294303505607853,-0.289565991258222,0.597108513109032,0.549330767560811,0.745747367395318,"high","high","1","4"
"high-intensity forest",43,4051284,2623465,0.572650931408381,0.447494396421852,0.655536955590945,-0.356769711767512,-0.625467807009246,0.403721309084553,-1.56200065338375,-0.563610913672229,0.100159768558972,-0.44522918188004,0.110272328129312,-1.06408530089909,-0.75991840485218,-0.432165425174294,0.236662774957294,0.638107004342605,-0.634815056259344,-0.840112416160675,0.195777832544901,-0.366535682667194,-0.389161772036844,-0.728635388340773,-0.267765434533221,0.36494190662534,-0.22755439660092,-0.273206281709331,-0.117288954354444,-0.54911993988626,-0.374080870096788,-0.745802359768254,0.573030720077095,-1.04877260522968,-1.61253172132577,1.082087603839,1.18504430458673,0.408093179289658,-0.0669357974785633,-0.0233584447951674,0.726393819584758,1.24346436230538,1.01118780041106,"high","high","1","4"
"extensive perm-crops",31,4037284,2602465,0.582435752103907,0.40638417769963,0.744894201756971,0.449266915742538,0.120468314240093,1.56490037211373,-1.54274582988422,0.16823965629358,1.15227746403043,0.214345267686239,0.829216471711518,-1.6069816319318,-0.996547553073388,-0.622069824292642,0.0879185765492083,0.780864601706267,-1.02013786969557,-0.795725590361877,0.194326443264658,0.565214203166745,0.30504901205433,0.844996993119886,1.03547283992482,0.138476980074636,-0.0611040882631186,-0.0580911206062738,0.758020475707056,-1.27843053693979,-0.34847575108606,-1.30205031337456,0.259859317139098,-0.372626003679644,0.54552304178503,0.0196456968552423,0.0755335562577688,-0.591441612124962,-1.39907536862907,-0.643215906395881,0.92910385487221,0.419424652718044,0.866312448694152,"high","high","1","4"
"low-intensity forest",41,4652284,2599465,-0.998961981999944,-0.955048851171054,-0.930036515325672,1.24716638735357,0.821144180664417,0.767132091853283,0.116311064416695,0.949975459672893,0.815336465916298,1.36604700914654,0.473060155951911,0.99556990907832,0.776423961547808,0.105121888524327,-0.889993806575481,-1.03648631966692,0.421224619661096,-0.29932854444633,-0.925878930759788,1.68013991791685,0.92558788148514,-0.0241759648529907,-0.0494258859766384,-0.281584272417496,-1.1211186122234,-0.27339117561289,1.16943874515132,0.212502710487893,0.193237126453459,-1.19444831258955,1.31062280277744,0.434358284320164,0.95050131188982,0.903803587747011,0.40006875838371,-0.234059332479184,-0.261058888440749,0.808010189962976,-0.829322534315498,0.269317780736227,-0.0968733441915607,"low","low","0","2"
"shrub",80,4600284,2598465,-1.56107129758402,-1.49273040115491,-1.50111210930153,2.15769750240983,1.72352939638129,1.1289927009767,0.369683214084046,1.73790125095356,1.38506474558234,1.70710822419177,0.956764830701996,0.678286084636647,0.35802481807264,0.239450634014091,-1.46142456082921,-1.50550205296324,0.408316288035685,-1.45077269946606,-1.18829885374254,1.31625212926774,-0.241985776686452,0.36059268100016,0.859443197556975,-0.439736403392695,-0.395894155675011,-0.88714644839252,1.64478139584162,-0.594629042230428,0.378555809884091,-0.899606441713635,2.07081243818218,-0.910592598509153,-2.06454499849745,1.63710645839072,0.264828514387327,-0.257268180389813,1.00137296536977,0.498152688674615,0.698955338729569,0.559117769229613,1.76826178399566,"low","none","0","1"
"low-intensity forest",41,4677284,2588465,-0.440230021481013,-0.377523378675501,-0.459880847758159,0.666176092916996,0.661570382780315,0.313808342840759,0.234770054077224,0.654533122846503,0.331106473751227,1.0859757011348,0.0629680368678001,0.905778876035915,0.577039954255362,0.177191777961892,-0.327535523037765,-0.610821578844978,0.48582907277039,0.695938777816355,-0.675409067853084,1.6733505957506,1.70396647714846,-0.355674115918311,2.02590591276241,-1.29532222149787,-0.601017708221302,0.874142457357744,1.23842721264312,0.767141557372895,0.114639316738546,-1.104475876893,1.57041056092792,-0.0141767510658814,-0.267192208542174,1.38948527710842,0.842564982708427,-0.17450892489057,0.785717778352931,0.941516711603036,-1.59136357949819,1.19795460550578,1.78130456291699,"low","low","0","2"
"low-intensity forest",41,4677284,2586465,0.0524387726755844,0.20918553347369,-0.166827958449349,0.528614420519429,0.552205455221234,0.229445606158432,0.201681483489446,0.527600440444676,0.225096389738043,0.95622746920526,-0.00747152544368759,0.952006365955164,0.149878553086989,0.54474748944857,0.25068093383526,-0.346208204624854,0.801722583690832,1.07320935590701,-0.486672473139154,1.31805018296191,1.47846940320466,0.0620975187058124,1.09265140522628,-1.16469927106054,-0.83194389502565,-0.630137466773981,-0.190754825234858,1.11147929371217,0.272820213882281,0.315020353141671,-1.36008585774362,-1.07201370682306,-1.19758657921845,0.24691542913208,0.104917170842219,0.045156587194268,0.747075924137766,-0.36750163566668,0.0252283253459886,0.234497781080905,1.58664358363363,"low","low","0","2"
"medium-intensity forest",42,4149284,2582465,-1.55401010528214,-1.24605472930963,-1.71730452812576,-0.467075230973039,-0.746668191095407,0.00165924061104347,-1.29712623287835,-0.63836342384855,-0.0597586078842075,-0.264252531002796,-0.178883900003138,1.38459282289299,0.110854953045458,0.946364147027879,-1.06894795102328,-1.7664686573308,1.25816101926099,-0.262996132796426,-0.808643857005429,1.69887917684266,0.314549266103298,0.996198478501149,1.6625831454749,1.50793651584186,-0.120527027336947,0.0736683720839881,2.05588560236185,-0.536033901322362,-0.162764648437175,-1.8522192221825,-0.374066522874406,0.900370257588142,0.67071920951267,-0.462241902760728,-0.0184654103212096,1.01788025969676,-0.563189298466167,0.0677369589860792,-0.311185947790921,-0.304505843907553,-0.77491259617941,"low","medium","1","3"
"low-intensity forest",41,4670284,2568465,0.534417064388519,0.751155525076027,0.207493201458692,0.305199404365755,0.197740783500878,0.199466897902772,-0.0463978382893557,0.224023386824509,0.147599531318998,0.586206055394358,-0.0133349641445733,0.887117137507768,-0.0525085640878985,0.696132399940731,0.784948254126515,0.0427337286408077,0.885291121414492,0.67803966172689,-0.269690813370861,0.470135232213175,0.0226848574532667,0.182024799719678,-0.8106411677211,0.338214730863719,-0.904630333205603,0.0705004797484859,0.275191599437765,-1.16551030057373,0.763714332692379,-0.996873876107976,0.604207304085521,0.694609556604949,0.802932205195913,0.102456687719854,-0.818187336907228,-1.89827105208298,-0.54379384401528,0.68457812493774,0.742548610560161,-0.772369152793198,-1.00024381394918,"low","low","0","2"
"medium-intensity forest",42,4670284,2566465,0.736767113814486,0.994522659027276,0.337850861253039,0.190682483136152,0.0889723306570673,0.101838380180241,-0.0683611000432212,0.126449012070753,0.0519351054494166,0.471700927832096,-0.0858220057545397,0.887117137507768,-0.24588252697219,0.842776156382364,1.0279690941169,0.145478679312458,1.03026522611709,0.815971504026704,-0.194108517734033,-0.257781136339463,-0.436800765359478,-0.263500260208904,0.0105982755800001,-0.712622568349226,0.2927132218775,1.09033709616857,-0.993218212579306,0.172663660125296,0.80415348560772,1.2238628696617,0.60347729919851,0.763582531890157,0.837022158870809,0.498678019501333,0.3452516459847,-1.69297470694711,-0.045138269424305,1.10912102633217,0.0669013439417765,0.444961884532123,-0.264699408565344,"low","medium","1","3"
"medium-intensity forest",42,4154284,2565465,-2.31223908472752,-1.98257563070524,-2.39324360295291,-0.349016503988021,-0.193222265669066,-0.336753653274824,-0.310501950071036,-0.464364656440983,-0.176014284388638,-0.339470509047239,-0.415977281411906,1.13333718258529,-0.193904095303219,1.01515798268009,-1.7855842509897,-2.37045038330605,1.26474351850814,-1.44783984214011,-1.79263385828944,1.75886071653126,0.129882793565599,0.599413768782851,2.11839687048986,0.393985164256994,-1.02615657372081,-0.361779478242151,1.79900200498464,-1.16454343189877,-0.763565051096446,-1.78352412268535,3.36105532748948,-0.127468485870959,0.026175228088361,2.92360595085389,1.15115211311726,0.693276212197754,0.250962305240667,2.09112591964626,-2.87424248486914,0.697441935130391,-0.903688599248839,"low","medium","1","3"
"forest/shrubs and cropland mosaics",71,4855284,2561465,0.935950867930695,1.22518002950131,0.47844639903029,-0.855365433640235,-0.874052496354756,-0.804480701037973,-0.0994206780439035,-0.982894779800654,-0.899442408736767,-0.599212730787617,-0.947558792285674,0.891988440899964,-0.314811777539552,0.982249880770922,1.41183609419447,0.396359547102815,1.1315157334309,0.96002725912222,-0.116167304777053,-0.674600528584582,0.171673964254439,-1.23713389276386,1.23796594952108,0.757553592628029,-0.691072412246498,-1.19169860236501,-2.48932407972997,-0.666184817973352,0.33892287872795,-0.571936804935569,-1.22554127532524,0.226700239910853,0.276915841316868,-0.289289286313566,0.315160612476502,0.374036140937348,0.694610967601721,-0.383236134704793,0.0335200610265392,0.593510939373006,0.700555639582279,"low","low","0","2"
"medium-intensity forest",42,4991284,2551465,1.01318118334248,1.38327719116091,0.440028355677028,-1.18919606496622,-1.12734197082757,-1.15186303569197,-0.131230676243419,-1.32789704558281,-1.19932952796182,-0.940427620771061,-1.26529582153364,1.04862609349006,-0.451067753151143,1.28732143751355,1.58856455648424,0.374197029338279,1.3766746597305,1.8281838061919,-0.130159310530678,-1.19550959901117,-0.523429184241087,-0.618094231867234,0.0353739529860207,-0.62233437152623,-0.285613134935746,-0.967923670389797,-1.39414726538314,0.771480851599433,-0.772075965992389,1.09012007942895,-0.845459462460527,-0.413538834158928,-1.25591966722723,-0.252766954382305,-0.701274443052609,1.18004233034992,0.244829278174117,-0.724892778810817,0.847328667039396,-0.543344379073617,0.593257031073874,"low","medium","1","3"
"medium-intensity forest",42,4658284,2523465,-0.0987808208202146,-0.058851773647549,-0.099423892689051,1.33585655260711,1.02161486635805,1.86457832012982,-0.301586774499276,1.07423138391494,1.57337600288161,0.886733954622963,1.0313290084698,0.221893437998788,0.0399131751982076,0.0645608775412493,-0.0320266895760364,-0.135772844582381,0.157182083869871,-0.542484337961486,-0.504092543824514,0.0354255474076681,0.181686265082277,0.118864216322823,-1.31924922035151,-1.21465921402015,-0.652844832468523,0.404670128682049,-1.10315708878989,-1.27843053693979,0.945839851597789,-0.522087315013653,-0.575940097594155,-0.268853055565454,-0.298469678511472,0.446154484945859,1.18961273582939,0.97275986822943,0.653766543748325,0.130068571365225,-0.496264300088999,1.17016468695156,0.666917369611874,"low","medium","1","3"
"medium-intensity forest",42,4659284,2522465,-0.0295444435165785,0.0277323598940947,-0.0596871877344162,1.29502852727264,0.99871647747925,1.82294190078723,-0.290256215950362,1.04924548525631,1.5295459173749,0.858823736152067,1.00828168125177,0.179286416067271,-0.0109821175014275,0.113005366434946,0.037455125022688,-0.0880714716816852,0.172201058488114,-0.505889282371944,-0.476397582850979,0.119940518417234,-0.818981782495495,-0.0743220514642585,-0.547834837942495,-1.05503647113901,-0.382410347576958,0.60813612047395,-0.840265604399283,-1.27843053693979,1.13228856138809,0.109542895718922,0.670125531598111,-0.685451415437336,-0.455626740995015,1.4296953700408,0.321982925910386,-0.453513089444341,-0.221484295859784,0.537393934787626,-1.55162255880531,0.608782147382094,0.814529927179583,"low","medium","1","3"
"medium-intensity forest",42,4809284,2515465,1.12474388563268,1.46405423174885,0.626001523143107,-0.721869563663575,-0.824561709787932,-0.588528340835228,-0.327542500832801,-0.865322410203017,-0.719603653706737,-0.479101778406589,-0.784433384171558,1.30987229022719,-0.106911054650746,1.06077240379539,1.66532380593201,0.448876393571163,1.36156728440922,1.08893721369862,-0.0342914064394499,-1.28712583989799,-1.04382005849523,1.76148331996119,0.344831651435213,-0.47340672170521,0.478711259161197,-0.0590622635315191,-1.17182552944771,1.11876441246507,-2.15532802398071,0.38797106481845,0.335153859202859,-1.19796480570487,-1.56961539593269,0.0687087719768358,-1.12349520685327,-1.8504382479102,0.740936590911393,-0.92321910530907,-0.239969216582467,-0.739537338273737,0.942046565076177,"low","medium","1","3"
"medium-intensity forest",42,5336284,2514465,0.622385493707347,1.02720543980241,0.107513463639388,-0.900151362722282,-0.946238717299365,-0.659433949179575,-0.487199504979184,-0.965979667891611,-0.852439144985165,-0.701302454569225,-0.752803826368684,1.62238661174068,0.257586626527712,1.35764098009656,1.14522322548024,-0.00528140511801777,1.3891556196812,1.32292252731357,-0.300384934698507,-0.346587796734096,-1.44801229642554,-0.582519659698428,0.467591240046073,-0.654711946985629,-0.809543643358288,0.277257326366774,-1.96462419952002,-1.20289296790317,0.946131698705028,-0.980459993156907,1.20354270350734,-0.151427592724346,0.263820722097986,1.25972409697895,0.811073194730997,0.825116896885837,0.282548139906844,0.638335603039388,-2.79572937860185,0.43981604562875,-0.439504860811398,"low","medium","1","3"
"forest/shrubs and grassland mosaics",72,4713284,2512465,0.150662019649999,0.250275542512625,0.0201281092732447,0.720926863464517,0.441970067640081,0.874698510835153,-0.404424137897037,0.514600880208264,0.806202898697877,0.697310226472426,0.478132492331042,0.775514599104878,0.27226713719097,0.287620416608072,0.364273605790178,-0.0581554465006367,0.52330975154371,-0.272258777464515,-0.407935619550665,0.181884639989139,-1.09642422246095,-0.303271099128911,-1.85678799147822,-0.43505474868048,-0.249872948663152,-0.225838880482019,-0.623603983655869,0.552654717940878,-0.0322634050757196,0.656672327421329,0.973080334074611,0.160904866741533,0.423094338014944,-0.0871682121690643,0.0621998470486802,0.0632696820178981,-0.263017237707842,-0.542095742813305,-2.1015813235545,0.128106655017469,-0.173482406266875,"low","none","0","1"
"medium-intensity forest",42,4855284,2499465,1.16480268142605,1.4948037967637,0.626001523143107,-0.752874183842858,-0.860649820254019,-0.662082560527444,-0.476725870019367,-0.933292659712921,-0.669477410758447,-0.604109315897274,-0.772911280929394,1.20418325006599,-0.217909086217905,1.12437778185388,1.64155085209179,0.440684476952919,1.34470347856729,0.196565100584912,-0.022764030863844,-1.70518714176672,-1.18473963014607,-0.653526677470609,-0.393014771832172,-1.14359777568358,-0.400554642034853,-0.305448322183213,-0.538388290148793,-0.369897773159545,-2.02662416931793,0.822634861312835,-0.382386151016684,-0.414636545564065,-1.15183588552002,-1.00470409664541,0.155910104373174,-0.183618776177344,-1.32327704747949,-1.42963890771375,1.39943964221841,0.233463217113652,0.998547183406801,"low","medium","1","3"
"forest/shrubs and cropland mosaics",71,5428284,2499465,0.809026686051798,1.3213355754331,0.128349443908319,-1.25567691315274,-1.34778617768114,-1.1888605133602,0.221521898288168,-1.26998619884025,-1.32168779637268,-0.881232228125035,-1.4164265025122,1.33854474369251,-0.373091691432572,1.74428186234855,1.37072667333607,0.0135101120628139,1.63408592347293,1.78835357915836,-0.272435128873375,-0.536746783806915,-0.0431069323394155,1.2092423822856,-0.205285962831686,1.39834254594309,-0.0291781158922907,1.03256828790603,-0.564705711016784,-1.27843053693979,0.727621633837149,-1.01632732675192,-0.100347289036926,-1.05450554156764,-1.2939857400404,0.557973803692242,0.781907060007104,0.0027656462006425,1.82247109075966,-0.417142967861471,0.354554691282798,1.16179838620743,2.02101915731349,"low","low","0","2"
"medium-intensity forest",42,4940284,2498465,0.856773004278192,1.16118979008476,0.371745192118822,-0.70797630844163,-0.675898750008158,-0.789938306407504,-0.345996337444893,-0.784290969984558,-0.685208994595639,-0.394867684243146,-0.768153492977238,1.20418325006599,-0.0878528573198128,1.07012888718843,1.29803621749733,0.220428581705262,1.24796750370926,1.40219722309426,-0.171951946486004,-0.168307895907581,-1.3349224782219,0.0114036112159288,-1.47233608452856,-0.351439324517881,-1.12345115901044,-0.936930018849296,-2.013818189513,-1.27843053693979,0.071207438575346,-0.856443928246139,-1.30690820958455,0.690582955230447,0.16895723490452,-1.68946152850969,-0.608095833257722,0.916562980225865,-0.0245704425345479,-1.31582577509112,1.10397609058901,-0.887553187957496,-0.739985042416015,"low","medium","1","3"
"medium-intensity forest",42,4681284,2461465,1.60531245245132,1.75411424352439,1.35394213462459,0.93893977583555,1.15616653655435,0.0867699975920611,0.729185481993181,1.1916655640622,0.886579885951341,-0.13680948115028,1.14187795864834,-1.92057745738484,-2.63862600685272,0.319375015565652,1.43991082063435,1.328287736215,-0.178690595599986,0.546796348296144,2.38149797439291,-0.46548683495468,-0.42152502611751,-0.245929712674299,0.132359378323439,1.2975806614648,-1.14127335041509,-0.452745055269392,-0.979008376696682,0.467187380156896,1.20167391873632,-0.136057145129096,0.649959363341621,-0.220378258802302,0.220093415965427,0.861595214790127,-0.538308902262792,0.420134500302246,0.664911821295615,0.535155379593375,0.177539053637245,-0.520695655163827,-0.256378901151264,"low","medium","1","3"
"medium-intensity forest",42,4680284,2450465,1.66804600820481,1.66801301504746,1.56652050790887,0.368837417409584,0.718740422366973,-0.569161736344962,0.923520612069397,0.784631562935584,0.108069775533257,-0.661720876578669,0.768532674113157,-2.94600042843522,-3.3758298185598,-0.126104398738191,1.2034492741791,1.64403282266046,-0.91932022099666,0.618428208028666,2.3421884524314,-0.15857776822562,-0.397775422976591,-0.792009046423422,0.655836800289168,1.01428459885608,-1.28029180496278,-0.789220342388567,-0.369878490224828,0.0769313302028094,0.0626757278106497,0.898624959507798,-0.813847996680929,1.25295070690375,0.424521839193221,-0.89023292628135,0.914038127416703,0.651904129745509,0.412577715628746,-0.0268368485782985,0.529048161453279,0.881455878153423,-0.287912778875669,"low","medium","1","3"
"medium-intensity forest",42,4722284,2430465,-0.422873249195236,-0.385998681662055,-0.34075008450451,1.40523181450899,1.23931917430445,0.657581566398027,0.189541349726334,1.29875470322599,1.61214961472624,0.284052943837892,1.48368963278506,-0.561989285542871,-0.931930205309753,-0.00528764584680601,-0.496339667380793,-0.437617659235236,0.0323980900839866,-0.709074977276355,1.40442926676962,0.469747935601089,-0.771999104713861,0.164164318891998,-0.248502801770253,-0.723629651397728,-0.568609772075887,-1.00512404728099,0.118849804305063,-1.27843053693979,0.732346173239901,-0.480140664858231,0.138281771647261,-0.368063830426179,-0.896651447992762,0.191964797729866,0.402148223351764,0.399759276648342,0.665437525709526,-0.520888764199606,-0.0208988586278225,0.469353532474811,1.15626040628624,"low","medium","1","3"
"low-intensity forest",41,4715284,2422465,-0.646352414928358,-0.76198893735686,-0.367397917220788,1.87325393266067,1.63905009838414,0.641251333778113,0.467971836095516,1.68541484934022,1.71631629660554,0.340298497198112,1.8887182435899,-1.46594414450884,-1.50278039378811,-0.432721425454778,-0.98124323741158,-0.454039325542527,-0.52887870202383,-0.815647116084194,1.23277088889282,0.113795937728572,0.246052125271939,-0.405772142162064,-1.58467948542167,-1.17886909492058,-1.0446247299454,-1.52326469883106,-0.293782727447395,-1.22550886142809,1.17115850739347,-0.0983661071533045,-0.720921669122818,-2.33174374281525,-0.554436959435654,-0.782941492956134,-1.73718586280616,-0.589339638316249,0.811101791481816,-1.66814383184607,-0.239384919344369,-1.70383278316972,-0.557403706009493,"low","low","0","2"
"high-intensity forest",43,4777284,2422465,-0.0703590380433856,-0.0475173323040852,-0.0739970374168176,0.781465536266569,0.615213274384972,1.03911447251767,-0.387619639145831,0.661212576767759,1.3153774960412,0.118416519630556,0.987321674875508,1.2557497207567,0.933479112099256,0.0179359061531151,0.140646118917655,-0.254939408721837,0.53735144114823,-0.510568653499634,1.55896295080079,0.645822128874942,0.292857886924885,0.954193999648934,-0.0864199944984382,-2.03206435444645,0.62900842788655,-0.942666455176719,-0.512935662141391,-1.27843053693979,0.288604160774859,-1.41451576740791,-0.864635008883399,-0.301549057803639,0.31404525326054,-0.265046332605278,-1.06497227013048,1.41453216119269,0.999029940353782,-0.526381509420762,-0.909591468464165,-1.15311810638097,-0.714733205191252,"high","high","1","4"
"medium-intensity forest",42,4724284,2420465,-0.178428415446948,-0.0944755951804582,-0.162872003454253,1.48161759900257,1.35301077960073,0.556937519476003,0.340329129334153,1.38600650195889,1.505719653906,0.225596294437152,1.60805996520471,-0.609599649092184,-1.04005439993641,0.118898705900837,-0.242269760855327,-0.253462333776041,0.0732910359950681,-0.551716204042898,1.53752415255753,-0.325692236755404,-0.0412082380002558,-1.20274638904583,-1.53438532528104,-0.78980736901373,-1.46750175894666,-1.6471285137583,-0.811929339653202,1.02025918568732,0.677563510442775,1.44879377772839,0.350157973899629,-0.631338251545125,-1.09265492558931,0.788880042695224,0.495814876370463,0.423329812039249,0.759199803031339,-0.121721344270324,-1.19934417522859,0.448187654097382,0.663229725735576,"low","medium","1","3"
"medium-intensity forest",42,4721284,2411465,-0.174908092998652,-0.146191908895774,-0.0850407873409089,2.2121071142367,1.94415576298524,0.827662102850209,0.55250876204612,1.9226116953727,1.92316563022428,0.449301892002188,2.14565591870533,-0.813821459171552,-1.08958658978062,-0.0776315828159842,-0.314507398525702,-0.181883326287972,-0.117082011834089,-1.28655017315968,1.51391306586665,0.517793177504532,2.18433872320619,-0.31860919937476,-0.548370667601547,-0.55731743435084,-1.11554694788012,-0.886600668296165,2.07671172314689,1.02001329398898,-0.038857692813687,0.507123495306223,-0.299808553070643,-0.490356405224049,0.00935722581407679,0.534970184719563,0.551705846362394,0.728463584775134,0.79225439964783,-0.181645193991343,-0.1851803398829,0.39069792078946,0.170960230543522,"low","medium","1","3"
"medium-intensity forest",42,5415284,2329465,0.421962511613306,0.778031212897457,-0.0608959583849226,-0.744021404159668,-0.480973974401069,-0.604013432099865,0.253333032679941,-0.519203150381825,-0.71820921723234,-0.347306263402173,-0.898855033663872,1.94400350741825,0.6738898655001,1.23756600009122,0.774959974796172,-0.282886000641824,1.3428635246238,1.11846276991291,-0.607155339609818,0.603189425127123,-0.870297217569667,0.439685456953519,0.113239914905338,-1.2307775311613,-0.148987950396675,-0.760416192203307,-0.279411943410112,-0.632214106600665,-0.38488215033435,-0.689873553285925,-0.795732084430148,-0.839308311025264,-0.384571822511735,-0.277120693728403,-1.15308167625162,0.490969265199752,1.40948412400783,-0.979074594528012,-1.00537510917664,-1.2615394370659,-0.233888796087994,"low","medium","1","3"
"low-intensity forest",41,5413284,2328465,-0.180198817125516,0.0338383434275116,-0.437543101190183,-0.74062438847823,-0.472261074982798,-0.604812980112631,0.288181605549968,-0.506758039512374,-0.729049884533262,-0.329712208488616,-0.909450993061976,1.91494703438074,1.18162808579927,0.753880012010989,0.0697345915975763,-0.614371018367367,0.970197253224312,0.651136099113131,-0.798903553801649,0.142013572420583,-0.889403543164283,-0.387775039355023,-1.30905244927275,0.0184566066672168,-0.826380221583348,-0.782704561670506,-0.870855932799561,-1.27843053693979,0.88157286275999,-0.877721264445532,-1.05296274470205,0.249978904769634,0.58910528428493,-0.922828098361974,-1.18192308077275,-1.35056181048609,0.667577607036819,-1.0438078048136,0.543226912020374,-1.05626849972819,0.03342642115882,"low","low","0","2"
"medium-intensity forest",42,3364284,2289465,0.676280606345302,0.0620962672217441,1.25065972417448,1.16533293414992,1.06554120150705,0.634062928183245,0.536106119048928,1.16981987923676,0.558686019608421,-0.346915154098468,1.89215638437289,0.0599178125626181,2.75823935608407,-1.93482634198736,0.094937258159179,1.11711646746398,-1.4966231460775,-1.04865606453291,1.60900704743055,0.437704943452064,-0.73769564469132,1.68084580292236,-1.28147373970612,-0.315337770118688,0.887562954491591,-0.656827406495457,-1.08670615743159,0.770288130575234,0.960047777114939,-0.0880313595879622,0.643336953212197,-0.214529325307117,1.06366345084953,1.74414639558412,-0.447787988447535,1.45574895655718,9.98279604038237e-05,1.00494555516765,-1.48509488633693,-0.960629717727108,-1.99256199345761,"low","medium","1","3"
"medium-intensity forest",42,3361284,2286465,0.944836922509663,0.316253244734189,1.46550894857418,0.550249665759528,0.589088599717409,0.0654540244131749,0.56275433754663,0.698372629224115,0.0219747510024799,-0.725915959461676,1.40880495851239,0.185794590286897,2.77816115786161,-1.91364266542409,0.357798204906792,1.28015358151765,-1.41466837842951,-0.899750117153659,1.72504243352117,-0.125059925975904,-0.21217352026323,0.454940022886723,-0.127349661234736,-0.158856188423807,-0.158627953886887,-0.611749710167945,0.976984473978258,0.993084065229263,0.680871580954645,1.15395190685246,0.519105380451801,-0.814102825439467,0.130633549088525,0.239192906137861,1.06126928467119,0.418630308762429,0.818485731341341,-0.598804154118826,0.211563357131072,1.32902488125568,0.164315861638495,"low","medium","1","3"
"medium-intensity forest",42,3336284,2285465,0.817517751674553,0.196468856157451,1.35194588419801,0.566627597290998,0.671371395079435,-0.0696035879533512,0.694870390694012,0.759781037071018,-0.0400779214413634,-0.773094810098127,1.45064277830768,0.517804204623045,3.09366974853787,-1.90701018814456,0.330971760694476,1.17155416128752,-1.29040503430159,-0.98510059144033,1.6703548624296,0.49055284191178,-0.221789109754995,0.293063321641018,-0.252637976223166,-0.150370228419365,0.771996530748402,0.269291089539135,0.96253760958557,0.768810493513809,0.56458178783387,-0.437586173634115,0.483547379938604,-0.697913599528641,0.105542542832721,0.182980337183133,1.20835662896683,0.599262780579098,0.438264424428888,-0.79117109254277,0.0949270582020999,0.775274849518141,-0.323267890594146,"low","medium","1","3"
"forest/shrubs and cropland mosaics",71,5060284,2255465,0.023302152983018,0.170587165655408,-0.0736368550326283,1.23975410700069,1.61555253994389,0.0260599290774175,1.09285591476815,1.54035232271721,0.320760150719571,-0.50896342825528,1.93471584547299,0.781429105271951,0.0583257727480295,0.409192776515711,0.274757619504941,-0.268276940006013,0.718371694594644,-1.21969420962251,1.65853857479714,0.839937516009896,-0.865489405017269,1.26417658494897,-0.0336990685386664,-1.17798105306778,0.237487365590046,-0.652774224027453,0.0500190228456404,0.543336088971384,0.4576802132925,1.46156007074321,-1.20751344917485,0.450679262209885,1.05429746742884,-0.8341196823812,-1.9348674726941,-2.5981747831132,0.455185571082133,-0.956746663645905,1.03614769612827,-1.76139328613765,-0.726829720778284,"low","low","0","2"
"forest/shrubs and bare mosaics",74,5439284,2212465,-1.82347203669816,-1.64363158596588,-1.89222170906519,-0.189181908660274,-0.068145490836545,-0.201264713414085,0.0648283846557098,-0.0792707749831092,-0.317192458543484,-0.309440497796628,0.398340065441185,1.30987229022719,0.50813518140484,0.704502048712727,-1.61896005214815,-1.98198463947344,0.905484890291329,-1.84842438742537,-0.215531624462064,1.21632793738946,-0.300360358822169,-1.27802640435652,1.21013815026098,1.71212175847625,0.187003932320822,-0.301833361476707,1.78367636254552,0.676186139635344,0.207938748244623,-0.0150808290858697,-0.634812130667612,0.729273975231614,1.09114863231849,-0.218837261055423,-0.941803647983055,1.26311069964455,-0.0786847465065994,0.037579539593944,-0.0625806857246711,-1.29271612616191,-1.50152559767305,"low","none","0","1"
"low-intensity forest",41,5541284,2192465,-0.15476631608916,-0.0333514079598682,-0.286618067408196,-0.666295501952575,-0.666216139703161,-0.43211553054118,-0.113897262952679,-0.554223854634889,-0.493991345383761,-0.295462880543089,-0.339771182344602,0.887117137507768,0.549920173875235,0.438548800803572,-0.155432274896501,-0.450955190519412,0.462886956518724,0.599465349785231,0.54611855970777,0.582144009853414,-0.265337757342421,-0.631761769421414,-0.0781115236956707,-0.558016003702059,0.240172936612902,-0.335359940327714,-0.0666180301532612,0.575556576150967,0.55001222568383,-0.552483354291629,0.14906434264349,0.456168225330806,0.462177732079562,0.443941955684999,0.514852624612146,1.10777298536573,0.334705814473577,0.367385257432151,-1.56095663378001,0.516069469667178,-0.034048764504025,"low","low","0","2"
"forest/shrubs and cropland mosaics",71,4773284,1560465,2.33993392613034,2.06851735070029,2.56235567307576,-1.06439291919161,-0.180405900223919,-2.21533675983501,2.76208127835025,-0.359649780447878,-2.12460224886841,-3.40347569789434,0.225623173782665,-0.284394539039244,0.488980603063901,-1.01374830624234,2.15496225701145,2.23253448193972,-0.620233817536186,0.0164744601773737,2.52503873524989,-0.51067071018639,-0.947616890942502,-0.663884176344921,2.39775136608423,0.826387126843854,-0.917817792408294,-0.623876512309475,0.622607418293453,1.19505420425048,1.10215898977963,0.778256484533265,-0.560462433408921,0.646803849296094,0.435841179460587,-0.739949025097165,-0.924155550008511,-1.31743649466039,-0.199794545809689,-0.541949091145712,-0.84999608634349,-0.739902465488346,0.606777464244455,"low","low","0","2"
