"Land_system_names","Land_use","lon","lat","BIO1_Annual_Mean_Temperature","BIO11_Mean_Temperature_Coldest_Quarter","BIO6_Min_Temperature_Coldest_Month","BIO8_Mean_Temperature_Wettest_Quarter","BIO9_Mean_Temperature_Driest_Quarter","BIO10_Mean_Temperature_Warmest_Quarter","BIO12_Annual_Precipitation","BIO13_Precipitation_Wettest_Month","BIO14_Precipitation_Driest_Month","BIO15_Precipitation_Seasonality","BIO16_Precipitation_Wettest_Quarter","BIO17_Precipitation_Driest_Quarter","BIO18_Precipitation_Warmest_Quarter","BIO19_Precipitation_Coldest_Quarter","BIO2_Mean_Diurnal_Range","BIO3_Isothermality","BIO4_Temperature_Seasonality","BIO5_Max_Temperature_Warmest_Month","BIO7_Temperature_Annual_Range","Top_Rao","Cec_Rao","Clay_Rao","N_Rao","pH_Rao","Sand_Rao","Silt_Rao","Soc_Rao","Hyd_feat_Sha","Landform_sha","TWI_Rao","C.hull","F.eDep","F.eRDC","F.rich","F.disp","F.div","F.eve","F.dist","F.nMST","F.rao","Sp.rich","intensity_bi","intensity_ord","intensity_bi_N","intensity_ord_N"
"medium-intensity forest",42,4545284,3667465,-0.373083920234435,-0.109904795269734,0.139448271409606,-1.22066614698395,0.11383236995541,-0.46874093960909,-0.950549722014927,-1.13011214807025,-1.09404145138315,-0.407293937949497,-1.07811125078245,-1.03915515264909,-0.768929474578484,-0.572171648842802,-1.25846261346776,-1.06478673769864,-0.384480795200883,-0.388621371648065,-0.591393578615143,-1.33348890723116,-0.0791455591157926,-1.18391105578236,-0.50775193068473,-1.17922236244338,-0.503782633137347,-0.720422961139133,1.48446716013468,-0.485365816504749,-0.616530891456302,0.472027681693394,0.805881155511265,0.800479078348851,1.36959257758563,-0.170854430199918,-0.564265698718923,1.05128588001134,-2.10963787725183,0.647188306604352,-0.675138376483834,-1.00373037997026,-1.62870879552413,"low","medium","1","3"
"high-intensity forest",43,4372284,3309465,0.294835810300726,0.391989106834956,0.67181266004477,1.21933014297598,-0.0417966115777029,0.223795858987982,-1.31593189679854,-1.56534399045019,-1.19690615011904,-0.90891186863501,-1.49187919514526,-1.19930627239329,-1.1725918951498,-1.08925797641608,-0.945331943442618,-0.613728006759176,-0.317395034890523,0.362735486443656,-0.561172157494395,-1.32368197782557,0.333311937273233,-0.337018300228217,-0.218730052427589,0.368696504882841,0.722074737664852,0.751705202453636,0.108554870160175,-1.24058758070467,-0.0922129080881208,-0.761385095189737,-0.65730409456096,0.200529399118896,0.248706113793221,-2.10007393227649,-0.921490056295039,-2.46676123061888,-0.301141307939936,-0.323889394183576,0.444415938278836,-1.36030506841676,-2.05147510618383,"high","high","1","4"
"high-intensity grassland",53,4019284,3240465,0.568374500216804,0.891745484262273,1.09610910719295,-0.674008531350266,0.125019544149002,0.138604247041747,-0.867635008957293,-1.23758832670804,-0.911887771224957,-0.933480714397232,-1.062602023206,-0.663773630246889,-0.824055971944536,-0.468205358524448,-1.04970866754851,0.352605120115958,-1.26394534072004,0.115957553748621,-1.40274136634451,-1.57562980139504,-0.740661677658866,1.13552789078173,0.467356562643579,0.105250637815572,1.46313929392399,0.882311313479485,-0.495236117799046,-1.24058758070467,-2.63397927945263,0.529985669218231,1.10997009173833,0.761839032156234,0.694545929478315,1.47629660705593,-0.610406872183852,-1.68081618462409,-0.88231628438412,1.90030086796197,-0.804191450665583,-0.436150566789402,-0.0475209181445405,"high","high","1","4"
"high-intensity agricultural mosaics",733,4070284,3225465,0.577120220981842,0.838117023510138,1.05527869225037,1.2150233718879,0.11962481510736,0.215749317747681,-0.923540799583313,-1.18852448627198,-1.03860563348578,-0.867576707386106,-1.14664898430974,-0.797817533686444,-0.769209531198978,-0.542878548662248,-0.945331943442618,0.316288988004625,-1.08928903217008,0.223422823995078,-1.2360525945113,-1.41957585867359,-1.49675736719137,1.33904402590064,-0.946822579178315,0.81623371764853,2.14971536034443,1.9153641741284,0.120942613531721,-1.24058758070467,-2.63397927945263,1.07032042072889,1.05675793253883,0.421669584800588,0.195469816875034,-0.231346746066577,0.994407528731502,-0.00987782442886845,-0.439957153743841,-0.243374083144613,0.381913763135901,1.28211046312747,0.652458623139312,"high","high","1","4"
"forest/shrubs and cropland mosaics",71,4099284,3211465,0.56392976486998,0.78235102146107,1.01435354642386,-1.21362584540341,0.113327123428852,0.257809574273575,-0.967174814945476,-1.35749463813477,-0.990852601078416,-0.991937090553289,-1.19346284515226,-0.796762410471494,-0.925017013139909,-0.605770478813576,-0.945331943442618,0.159517439723243,-0.952518126711596,0.283593992404069,-1.11764849647875,-1.50640381864776,-0.636634079217674,-0.764542919391059,-0.68938628958319,0.89025400962304,-0.606287772089987,-1.1472650688909,-0.401871324661963,1.18659471587315,-2.05455144543438,0.886183926668204,-0.138647969869957,0.187439607563661,-0.00317499310620662,-0.232963927639229,0.891603905957364,0.594507433508217,0.616809509070589,-0.4604653838837,0.788672489995471,0.995269589713503,0.728366048426538,"low","low","0","2"
"high-intensity agricultural mosaics",733,4100284,3211465,0.566709552450557,0.78235102146107,1.0113398161686,-1.21207469771359,0.111667946295706,0.257809574273575,-0.96558964087995,-1.35648672634325,-0.986726141774256,-0.999429244763715,-1.19084304999854,-0.791523249602691,-0.925969300708822,-0.60173371155396,-0.945331943442618,0.151420636124972,-0.947813276207776,0.292513419792573,-1.10433332447165,-1.51729967944577,-0.733861028032122,-1.14946954763681,-0.496255208095999,0.408673435075173,-0.251015047908343,-0.0313770813214127,-0.476356468231349,1.47704084921852,-1.75509583692358,1.19891423324792,0.849653075232193,-0.502222501953446,-0.68962446522711,0.699555356936977,-0.292901961384927,-0.29606127817919,0.116157815614582,-0.0141462311822588,0.497568584619951,0.155293417164981,0.869468683236336,"high","high","1","4"
"forest/shrubs and grassland mosaics",72,4094284,3207465,0.584838845395468,0.810233989246484,1.03559175544,-1.20195870773032,0.120410379231756,0.257809574273575,-0.96751899568872,-1.3617919036292,-1.0134615994311,-0.966387121695514,-1.193598224877,-0.808001191583134,-0.924518123046507,-0.612710232955186,-0.945331943442618,0.150473900495902,-0.986868943263643,0.272787943991401,-1.15819627073814,-1.4628925014916,-0.831349833847218,-0.74364232940489,-0.992001058659594,-0.0239854282398898,-0.617440149084922,-0.599732687233812,-0.429662450435811,-0.966403887078151,-2.63397927945263,0.130318741200163,-0.861492632100987,-0.202060401332314,0.0152206382415082,-0.331642433564142,-0.590155507790348,-0.604545173731319,-1.38116802056761,-0.530377365089714,0.596515847429697,-0.628829258963205,-0.578028312488402,"low","none","0","1"
"high-intensity forest",43,4863284,3184465,0.240328762152913,-0.0778012321170998,0.0934371086811784,1.40940448301007,-0.56337724074237,0.578920611274233,-1.59456263148695,-1.25273960067963,-1.78211764243529,1.66603512803411,-1.37362101013307,-1.8398440742317,-1.03441376145953,-2.12154041303764,-0.319071101099796,-1.12158103557725,0.927288488205819,0.713663304167863,0.600877408210149,-1.23865244448236,-0.337501517217969,-1.00154752298999,0.555031253511111,2.39463928650146,-0.0355890102805858,-0.242891218740479,0.41286368020557,1.47143321168185,-0.878601833380248,2.06586514164817,-0.332201648986878,0.685095385006997,0.9281080951734,-0.435636776879679,-0.90383195483816,-2.82786035662562,-0.627226364070242,0.329627315627059,1.40985255454637,-0.767806755817126,-0.615922195317398,"high","high","1","4"
"forest/shrubs and cropland mosaics",71,4863284,3176465,0.224262685174744,-0.0822192179954826,0.066834532755643,1.38416804753971,-0.570626718259619,0.531770202158551,-1.56947526771656,-1.21747772435713,-1.74969478326332,1.62167527532182,-1.34051982801751,-1.80877923324729,-0.995736865080653,-2.07857656028647,-0.263920135273918,-1.11302738108152,0.888147016213558,0.68820583716328,0.611747591548945,-1.42999238244906,-0.962469641356428,-1.34549701181638,-1.01519020925604,1.23969741089205,-0.373062121339605,-0.581333987154998,-0.773893024994918,-1.24058758070467,-2.17681614582806,0.91516292043063,-0.208463676194053,0.575586741570455,0.127206253080302,-2.08223693715365,-0.650298917688187,-0.433767625747793,1.13070065828495,-1.06122252549289,0.585851797882475,-1.10706596104634,-1.7918211224678,"low","low","0","2"
"forest/shrubs and cropland mosaics",71,4865284,3167465,0.108486119293688,-0.151402539642271,0.0170102979099824,1.31531630963768,-0.605527842860654,0.403131289812202,-1.47083649189543,-1.06542075775156,-1.63968457452704,1.53794046913301,-1.19660963713732,-1.69713063170876,-0.827585784520904,-1.92772022980397,-0.214694376993904,-0.991246394461264,0.800095288378339,0.53648149138782,0.525586139513106,-0.857465451939473,0.162208545274204,-0.715426444765563,0.24448705555977,2.23070703568512,1.73886655468139,2.34718394501859,-0.502969478881163,-1.24058758070467,0.792717354970199,-0.30677913220137,1.154866406423,0.351960886726934,0.550913960258305,0.768255300637865,-0.195753582019782,-0.251923671529039,0.0634842604358722,0.638859290993277,0.0553605195582329,-0.538597136682186,-0.85548613096668,"low","low","0","2"
"high-intensity forest",43,4844284,3165465,0.0796275432571234,-0.137787796294268,0.0217825069010327,1.27425666593442,-0.60931556039071,0.326417642949266,-1.43625520969534,-0.985721762610399,-1.57308076819996,1.5489513631234,-1.13348328634761,-1.64967539790434,-0.753826142954452,-1.86979179054681,-0.319071101099796,-0.951486309430519,0.705282996815329,0.451912825898045,0.432388282326026,-1.02043471660304,-0.207320649994041,-0.81146950138856,-0.481734091268243,-0.281679312698555,1.35028654217671,1.77041493563023,0.0657165574342925,-0.558837588455361,1.07097540641755,-0.870055871987666,0.479110131935697,1.21446309671493,1.5574040712267,-0.126551497890708,0.106747756219295,-0.244324666531598,-0.308190785509473,0.969335868290075,0.27673895829469,-0.106217646984907,-0.347568331467389,"high","high","1","4"
"medium-intensity forest",42,4628284,3069465,-0.275818735853122,-0.326079680177587,-0.179823577055562,1.01077936259708,-0.300805519922157,-0.165849288315295,-1.13150162947578,-0.757598248792298,-1.12612737646739,0.805698209430158,-0.828366452490173,-1.24852741148531,-0.397314036367,-1.27865056796859,0.0984362930312423,-0.193655012228836,0.345403393641318,-0.00270702002429088,0.246838811403808,-0.303122340821428,0.00772583632304758,-0.798631558974837,0.0723462620119811,0.643996559774496,-0.533812954685136,-0.467032395366492,-0.791357688465479,0.956549761402132,0.595819362834274,0.887391579659813,0.0657697261078192,-1.096924659872,-2.11949951790052,0.634591714405904,0.0602577620443559,0.089715239103703,0.771059212380373,-0.294315641340843,0.425989643729862,0.260572867085514,1.8882336213975,"low","medium","1","3"
"high-intensity forest",43,4379284,3054465,-0.60364931574464,-0.439531343144319,-0.211399579498125,-1.98131462264047,0.62921317667329,-0.706022431367862,-0.250731477195085,-0.328461877895946,0.35509386948958,-1.12235747788142,-0.369085102744939,0.285736775283999,-0.231971769796543,0.332321136217372,-0.736578495230835,-0.553818688607307,-0.212935816907488,-0.648854650364201,-0.370797557937141,-0.413350847586191,-0.329045986382815,-0.124287406881124,-0.162852814079868,0.233480676266278,-0.846722313099064,-0.79800661728167,-0.885390100159341,1.20459810258159,1.17110476127583,0.25166771531637,0.964428943509435,1.32946215081375,1.6957964364772,-0.294741832271119,-0.215842558679552,1.03485303888029,-1.29524486576186,1.05395202431727,-0.922692209563501,-0.198390728523045,-1.09253810738405,"high","high","1","4"
"low-intensity forest",41,5009284,2985465,-1.92792289714201,-1.56071905265223,-1.44070532768631,-0.0133640657637887,-1.43754173282423,-2.07930420935833,-0.0971310114350368,0.543760237017406,-0.435099488760885,1.81373980376368,0.531281293330457,-0.478610272586361,1.19135898423032,-0.746083416307994,-0.00594043107464972,0.219834409445151,-0.171032002803325,-2.15908254978567,-0.210492851841552,1.0776450828696,-0.310275689117708,0.0553502333519583,-0.789341150670265,-0.778468143307845,-0.45117796335925,-0.794186810024482,0.147117789555714,-0.526136452534106,-0.946075261982748,-1.74968515763065,-0.955552096262297,1.34340487575017,0.535633282473211,-0.805200254728353,-0.791849966545257,-1.08645194589341,-1.93640705535885,0.558752198378308,-0.655699900960879,-1.03683249051685,-1.26293895592418,"low","low","0","2"
"high-intensity forest",43,3647284,2964465,0.765079164436448,1.24310119243548,1.33933306842264,-0.500614812635342,1.58733987205393,0.139592304955886,-0.760984605185542,-0.626013416776572,-0.287686564533921,-0.264139441851232,-0.59750821164376,-0.514030755134531,-1.23716861279675,-0.13405831340424,-0.52782454931158,1.76814286613433,-1.86250291126531,0.164022485785114,-1.69115050891818,-0.798107880053697,-0.982743751907937,-0.402701852649057,0.5045758438829,1.94367474629971,0.199180537471769,1.16723831587862,1.52506417787729,-0.474214729429604,1.19575947446813,0.353697480207262,0.237622879533504,1.59958210571886,1.39945972064056,-1.24124197309702,0.849433491377359,-0.402745866130687,-1.4136524709584,0.208116500816491,0.473664024864469,0.901246010633417,-0.388549789923912,"high","high","1","4"
"medium-intensity forest",42,5055284,2951465,-2.02219298019686,-1.84814676002619,-1.74595046431487,0.0230596268956151,-1.57517417177986,-2.0112521259961,0.975920256551648,1.47959258778746,0.821342145734172,1.46155212386172,1.39459011192412,0.587181284502455,2.20008748229856,0.0269351653525373,0.292386427674218,-0.091032243705981,0.367025516562106,-2.03120972250005,0.344103516864236,1.47767613819533,2.40267421850153,1.69924176418638,1.10020251091524,-1.31926805727577,2.09501148921105,0.593159101894871,0.39904641479756,-0.608455377983487,-0.118864543019308,-0.577852247700397,-0.805814644754866,1.80046464286507,0.450938688742772,-1.74961296079489,2.97443245801617,0.214746053670606,-2.71202063568906,1.39072087214125,0.887695337748085,2.7781663086447,-1.19764962606636,"low","medium","1","3"
"low-intensity forest",41,5054284,2950465,-1.74929167497508,-1.67694136242505,-1.57865011826098,0.211618280740935,-1.49319384827696,-1.65895920088987,1.04521062664926,1.5335450223384,0.882487488737065,1.45433740916196,1.44633843061384,0.657056281084436,2.26055252408334,0.0718762557365368,0.299523552933165,-0.215713882101374,0.552725425160567,-1.70466372182817,0.446174731035477,1.02527844780297,1.28706309193517,1.67585325563764,-0.487869442133641,-1.21634467775629,1.89826657135756,0.12336196332111,-0.459193393354388,1.27615370534684,0.556506770664728,1.21642232283475,0.494488919264179,1.93278357189596,0.853834024750543,-0.325350013004604,2.71440720538531,0.362944160348754,-1.38182603673656,2.50540871403818,-0.0386934397767049,2.60072009966778,-0.928045051196022,"low","low","0","2"
"low-intensity forest",41,5052284,2949465,-2.28610143612374,-2.02541749919756,-1.91339906374137,-0.129973287207635,-1.66005883516368,-2.29717065504538,1.57020984820629,1.9330717146484,1.39869083208599,1.42975236333551,1.82725319669315,1.16727125491016,2.70563031270725,0.383753054643248,0.210522505997736,-0.0565737376285126,0.299348495345508,-2.32866174396716,0.272028358524176,1.44563846145695,2.17358056848919,-0.446996244493167,2.35582688699297,-0.870957804760304,0.705193652119681,0.885941077056495,0.359151070059749,1.06646827034089,-0.193940684736878,0.86867583708137,0.784516975724149,1.77787686700509,1.05754972038587,0.0802924563332574,1.36625633456414,-0.555244928119019,0.220449421774987,2.53533514191145,-0.376929486479285,0.961738976305565,-1.05049203542013,"low","low","0","2"
"medium-intensity forest",42,3282284,2900465,0.925238676350192,1.85402876331874,1.92713473574013,-0.556159329292414,1.44762774773584,-0.205484488713122,-0.0490144668460461,0.288390464087121,-0.211176306064803,0.851838138074807,0.319593878159266,-0.401526589578426,-0.876343121380447,1.00166167998012,-2.14016037249606,1.76857863160575,-3.22631360964338,-0.483971624706106,-3.17038727315792,-0.270181661882138,-0.164036888309346,0.108414275765909,-0.756567109415666,-0.591044626311411,-0.850496141173157,-0.456897737604243,-1.14489113857237,0.0918224049637592,0.111712417341776,-0.685919377926993,0.315023990179611,-0.832832329261785,-0.722536540409407,0.73068304352582,0.821541998212714,0.78739770140534,1.02568468649914,-0.163104139769095,0.0495404789578904,0.748202246086093,0.529694273003005,"low","medium","1","3"
"forest/shrubs and grassland mosaics",72,4494284,2893465,-0.0681697859429446,-0.188809046990909,-0.0670129370358115,1.13007306741446,-0.208967986935827,0.0570327028308055,-0.877099276465174,-0.724396355948616,-0.766323723640946,-0.195310840462342,-0.753980574797803,-0.881613318993573,-0.310398261772754,-0.753769936369287,0.202813017137134,-0.0637828447905978,0.376676048231556,0.169104069408063,0.266132905280409,-0.219241791594342,-0.534839075673375,-1.01655163435599,0.410071056773234,1.08839178694104,-0.832285326551899,-0.694846463774569,-0.875859541133098,1.02551698266325,0.759058936024355,0.315058701907724,-1.92303797990961,1.35044957251926,0.803354571768965,-2.45706417632292,-1.69998574530575,-1.89380934267762,0.330560301362971,-1.06989542828488,1.42144991382283,-1.49264791263425,-0.989386327674481,"low","none","0","1"
"medium-intensity forest",42,4533284,2875465,-0.727423138206142,-0.6723026035173,-0.555260787848769,0.704247196119905,-0.503481079932601,-0.738557627949407,0.254152916862416,0.324699317496322,0.446384652881687,-0.593948288648093,0.217210729604613,0.699409674925404,0.824384940630603,0.556103862784583,0.404413413450623,0.334619954553769,0.141419823092602,-0.635936815718661,0.119716094377888,0.439728365623771,1.2998126756669,-0.407589237982115,1.73555606381087,-0.494413460335183,-0.480163152318761,-0.2282490306362,0.508609067252291,-1.12412108517353,0.327730863595284,-1.70440563731077,-1.38160518396577,2.8552190995553,2.13265150171285,-2.25226044331288,0.948940939604705,-0.163355680971906,-1.86373553052363,2.55861420632852,1.55361840217128,0.944680859313013,-1.02499364000606,"low","medium","1","3"
"medium-intensity forest",42,3355284,2831465,1.04176386198932,1.73263285107368,1.75864414176319,-0.235608628132095,1.59477188547686,0.158525648466062,-0.759855186237139,-0.526868760534888,-0.953535675954912,0.702230008440252,-0.496119576941743,-1.10115809138891,-1.82814068545699,0.156043146031262,-1.43455699456893,1.59962251846504,-2.56725382476859,0.0126832415086193,-2.42809243744989,-1.09414797994653,-0.230198006758278,-1.1342261354896,0.506657557085699,0.183460614283884,-1.35360663585838,-0.952821885704787,0.889594705579814,-1.24058758070467,1.0003620999578,-0.84228453121685,-0.047613418607827,1.09063810866954,0.659067068540796,-0.963717615954274,-2.38221400017221,0.136337433925556,-2.13908455734553,-0.273826835601614,0.402088370276256,-2.12637851630459,-1.39786072439214,"low","medium","1","3"
"medium-intensity forest",42,4199284,2708465,0.200900210304875,0.283819970935072,0.261909893750643,0.884547704080987,-0.0610448744120802,0.13735863233713,-0.112827851584969,-0.273723200835827,0.479846009774494,-0.791767594875101,-0.13284898609117,0.275563317289503,0.393258732628114,-0.0249179087971864,0.455447343004395,0.820771862894442,-0.287384938650048,0.180889805998853,-0.178364493655481,0.704607769242228,-0.1483382711068,4.89628005192222,1.074787483865,2.21605850633554,2.95798490978787,3.51392418066133,2.45532675489347,-1.24058758070467,0.402152809901455,-0.850736662762368,-0.815584933460252,-0.750815519196714,-0.321645151191564,0.173241653419859,0.00886220900808278,0.840788791590567,1.30956905348855,-0.694078061427838,0.581132668406436,-0.17230072344199,0.258125137055447,"low","medium","1","3"
"forest/shrubs and cropland mosaics",71,4075284,2697465,0.648163489272619,0.601322599829998,0.569641917101124,-0.796506792620038,0.137582203625647,0.63867703045524,0.078871748197616,-0.199139523089532,1.00339077980762,-1.34519869524326,-0.221648138580811,0.677595484118334,0.129601238881751,0.312667027307105,-0.110317652888012,0.0463512553342411,-0.162284946640594,0.585871072228545,-0.190928448030778,0.168720442285953,-0.0880828504627956,-0.197473057512149,1.21056902266745,1.05129449979371,1.60184459977004,2.78595320820242,-0.0178868335124377,1.05186318310699,0.815662316099222,2.48545510538734,-0.637764299257887,-0.872452788623292,-0.88860404435595,-0.399294267927631,-1.40152927800047,-0.038908124626459,0.128163414967311,-1.28662452219538,1.35786325906492,-1.12280338989897,1.06102017493022,"low","low","0","2"
"forest/shrubs and grassland mosaics",72,4086284,2683465,-0.0225201603445175,0.120851484749698,0.12427895625957,0.730150325171606,-0.15571827542459,-0.153716871340771,0.335599142456297,0.0300438392984548,1.42791429233047,-1.36436025996244,-0.0277683250589634,1.00483856815678,0.442510617261162,0.534860406962554,-0.00594043107464972,0.44394015723361,-0.415361198653331,-0.199533399658668,-0.376768775010449,0.75157199563654,1.86029934937699,0.295808688556352,-0.214881764133728,0.611478925112843,1.14664566831049,1.39966140879339,-0.27328391989133,0.221955983680834,-0.218351147634421,-0.810890771244608,1.16008953717076,-0.249842913904295,-0.454723222941615,1.68138409190545,0.464409539577183,0.227400920042401,-0.232486664417337,1.12418792853721,-1.48919149740676,0.673571860084946,0.897856590802079,"low","none","0","1"
"high-intensity cropland",63,4214284,2660465,0.605333789221823,0.461009041589832,0.315464285215765,1.4690423072765,-0.46945354446589,0.690344739148143,0.969171604503283,1.04823462352627,1.47696147283653,0.424321876044026,1.14061337334556,1.15177344797491,1.90332974215644,0.374668404787815,0.403172130996242,0.299329276995386,0.152742469446862,0.563673169539971,0.139150800785576,-0.0079839005646668,0.84692880386476,-0.399258723306094,-0.0155669360115472,-1.53331838118704,0.45626219298514,0.70446220949988,0.38187550405609,1.69441631176594,-0.113470227137968,1.35829815916787,1.92079000341414,0.819609222002434,0.27444465965135,0.618226025117362,-1.05001912408556,-0.661249813576222,-1.15854489803685,1.07916556150081,0.659501108946574,-0.869989875802572,0.842231294076,"high","high","1","4"
"medium-intensity forest",42,4076284,2655465,0.0821923282388396,0.173567772655121,0.163877813696864,0.76656082285387,-0.127020291815602,0.0143833743508844,0.144727979204627,-0.240892559855004,1.10700096160049,-1.44392553438686,-0.212859416175726,0.750401252594896,0.26325314675892,0.389816274175202,-0.214694376993904,0.0617520505117906,-0.284179871908356,-0.0518632820415189,-0.280566047296183,1.10384642352023,3.21546038322056,-0.075068330647197,0.419249921343772,-0.395319340036444,0.282654383434811,0.336592571886925,0.977496296732116,0.988499940096762,0.396647423864775,0.805284490641091,-0.275095234401176,-1.51823251924835,-2.0153736424514,0.661447908406323,0.215841680314527,0.496892051641894,-0.123010061284535,-0.597831876168562,0.996008560868967,0.524980293168554,1.5637345665218,"low","medium","1","3"
"forest/shrubs and cropland mosaics",71,4056284,2637465,0.364253957645301,0.378769177748396,0.342256283157133,-0.876501167854211,-0.0115535069283544,0.316203602371409,-0.0447582815094191,-0.302021884253955,0.934016116692824,-1.52768909300754,-0.310394511015126,0.587447615281738,-0.0767750038971708,0.36858275644728,-0.423447825205688,-0.260834585278313,-0.219002730645286,0.189294928453909,-0.281291582273879,0.762194435786249,2.00746169315773,0.931372370836642,-0.379895190345412,-0.265301468802957,1.35923074248329,0.506653916171379,0.591913819482095,1.15750809934463,0.29664708726654,0.234763452225349,0.687560088730458,-1.81815275713858,-1.42765439404011,1.09479547442852,0.389457554154744,0.576060744108599,-0.165320927045773,-0.345423415011389,-0.406949854002897,0.474377279339354,0.7743546372795,"low","low","0","2"
"high-intensity cropland",63,4051284,2631465,0.308464672580144,0.357012811230463,0.318170140549982,-0.896968660800709,-0.0414869443517477,0.220623434037146,-0.0444395340999839,-0.28780001613661,0.918344420773169,-1.48197776871136,-0.286169395666006,0.577749019400091,-0.099732350351717,0.376783036235216,-0.528589028000404,-0.312395480414514,-0.30196096208833,0.0516838626936428,-0.388723408417709,-0.140442604220835,0.499479033868744,1.48256516635305,-0.721133954556589,-0.819005907828653,1.82137813139538,0.847312969432977,-0.697495006442007,-0.507496764480516,-0.454670721155549,-1.04875882720845,0.594143010956153,-1.15160811221924,-1.9431622034499,0.0619030156722081,-0.098155260171287,0.512833486239907,-0.170706798519333,-0.778020664089395,0.424885446303738,0.208305040287625,1.00207298401904,"high","high","1","4"
"high-intensity forest",43,4053284,2630465,0.587403630377174,0.53444695391331,0.478714897274888,-0.764518869311968,0.073614784640428,0.553418596470189,-0.394101352485315,-0.634060260535255,0.427748395849549,-1.44563962992514,-0.599787619170042,0.0914958824526721,-0.448139303785718,0.0232485525027625,-0.601787364747785,-0.50988439206873,-0.174052480774293,0.381360851448174,-0.274073472345093,-0.450670169166936,-0.405655842847235,-0.521648831570963,-1.76964869401382,0.725446549351942,-0.35285470510566,-1.19914082248621,0.93845868571044,0.81672325107088,0.30880653804241,0.0983209748076614,-0.0721745641247715,-0.99107787682541,-0.950062191514704,-0.11896031269281,0.162164464333747,1.183646459314,0.950067611024184,-1.07645948513712,0.46685152110129,0.262372579103154,0.646005218597124,"high","high","1","4"
"high-intensity forest",43,4034284,2627465,-0.698923003550014,-0.269462789908391,-0.21714283651539,-1.34964913184983,-0.4670902945836,-1.0333615418916,0.677729371090655,0.400449466685697,2.00064685057749,-1.38336196974315,0.35936975144621,1.62688035847868,0.424562727614974,1.06575634500295,-0.82978268183236,0.0480655004710521,-0.898114191789931,-1.19986025842397,-0.926894435707482,-0.551901775355088,-0.209625206221208,0.219923468797293,-1.24617983128737,0.693296735174295,-0.64261903902832,-0.874049705142328,-1.42658963821516,-1.24058758070467,0.626183654269202,-1.24074380624331,0.706558273282021,-0.227595769500058,-0.174370066725856,1.00892830915623,0.436707114483881,0.823419063237654,0.960407169438486,0.671075863390225,-0.862096089501441,0.355448690745375,0.0990732006654591,"high","high","1","4"
"high-intensity forest",43,4052284,2624465,0.620969549855266,0.621465572726425,0.584846734423844,-0.723952735115199,0.0762551051985729,0.549615579075139,-0.491696594786738,-0.740823604048639,0.280815307716415,-1.3676878175274,-0.674264823791192,-0.068771591731264,-0.56206817462414,-0.0942150550555753,-0.958821309265007,-0.737698363449584,-0.2920832997049,0.301055272095804,-0.503605130443402,-0.495088524920766,-0.651222772084499,0.0463396990881695,-1.24149111862671,0.540748147380561,-0.553249109170738,-0.537624751553828,-0.254987042117861,0.831166557140946,0.820870127761903,0.0578714367185683,0.187287540651262,-1.10472216803668,-1.29279911157621,0.693198939279328,0.301495116206706,0.774768094247861,0.266066194856847,-0.364014444386104,0.371624352001101,0.363882790891522,0.875931374794531,"high","high","1","4"
"high-intensity forest",43,4051284,2623465,0.59152975116362,0.620104098391624,0.596824670226554,-0.725326141254528,0.0663196512618696,0.510851660212861,-0.456222845401334,-0.6992550932899,0.326065424597467,-1.36498626906714,-0.63488400117999,-0.0201350581441195,-0.530263812965925,-0.0516032889518726,-0.993533419729405,-0.759750907694347,-0.332028021269763,0.263354838870579,-0.558827973243363,-0.470288198017702,-0.44481931910305,-0.680032143080013,-0.198513053221683,0.356254235598918,-0.231732347286607,-0.201240710925615,-0.147950082113747,-0.478166496520556,-0.475196459849703,-0.675052300247196,0.436984185832941,-1.53741788120044,-2.01602917645955,1.03010695667712,1.02695029408314,0.339307276480466,0.11402245879618,-0.275029465788265,1.00571958287575,1.13493718778054,1.18352663177603,"high","high","1","4"
"extensive perm-crops",31,4037284,2602465,0.602975917016147,0.71974361087963,0.753041284224634,-0.680257655157352,0.0647974178382281,0.460703341956545,0.434557304715372,0.127239640098444,1.64077600758761,-1.35147273336546,0.168710861512139,1.17544326543141,0.297599586810726,0.738101237061065,-1.52969129077673,-0.977175386819131,-0.539886513903931,0.078755118227231,-0.964632527610695,0.558753637375472,0.251172995846893,0.812620898539928,1.16093530968426,0.13561210056573,-0.0653726839515996,0.00808565418288825,0.690622799559729,-1.24058758070467,-0.446852370666306,-1.22746178242923,0.217309878920366,-0.796303813803954,0.286896471452142,0.126070772723204,-0.284433424600877,-0.785776017929875,-1.22979325746687,-0.853096523884619,0.743788179143058,0.151155983981576,0.935633671545205,"high","high","1","4"
"low-intensity forest",41,4652284,2599465,-1.24692417891907,-1.14792003434079,-1.23564732237892,-0.176237307680061,-1.11008659494515,-1.20004133268962,1.31634479034779,0.903586162160009,0.737526513839285,0.24633724184089,1.02708127394137,0.792558959423565,1.74315545975423,0.346891075556641,1.04055723321791,0.651902902847994,0.256055939161601,-1.13488786530089,0.55334523617404,1.79009825171544,0.873304334265929,-0.0118242988878105,0.0292437182453795,-0.27364867551223,-1.12480994842557,-0.201420629293824,1.08477393278441,0.318033598724763,0.152807334345872,-1.12060230519425,0.934041727933617,0.383348699079505,1.11686587849664,0.728302288733407,0.185645467123501,-0.423665088167903,-0.114042536584216,0.696537115240467,-0.893000472226269,0.035352292180139,-0.152549210875761,"low","low","0","2"
"shrub",80,4600284,2598465,-1.90447291216949,-1.78470883680487,-1.74888130165873,-1.34536449707207,-1.38531556571918,-1.85593240617994,2.32260556767906,1.90342597019661,1.14723246491003,0.574511920568712,1.89224848708621,1.43997206199615,2.17123768338337,0.878203242591605,0.727211553561522,0.267460764082812,0.40308450029325,-1.84406481963728,0.539750765303857,1.38821383659314,-0.297265630718502,0.353144099271102,0.97731331681469,-0.427734451044467,-0.399980432406567,-0.798659613558572,1.54016655473259,-0.525741698759033,0.357949489252742,-0.827795034335644,1.72448768945303,-1.14026481054742,-2.35540906885368,1.46800772800399,0.0156683301892834,-0.249337472427018,1.06174105074695,0.326260437186508,1.08331574247803,0.387361573597784,1.85956424580834,"low","none","0","1"
"low-intensity forest",41,4677284,2588465,-0.593326235102766,-0.62366393290656,-0.769851415628104,0.834314599764156,-0.847390981768499,-0.495546632928222,0.674271460140332,0.726778926552362,0.224264133106407,0.396728124248021,0.702676328671551,0.24230219181138,1.39162458195422,-0.103563393561555,0.951880691559244,0.468700773029031,0.334939517700862,-0.436846239974848,0.621383723359281,1.78259999853692,1.653680457942,-0.326263509283156,2.19408684139238,-1.26132172871316,-0.604992279392327,0.915232622842219,1.15086696914387,0.897852886530411,0.0658019458043941,-1.03125073762163,1.34054726599578,-0.26482498691683,-0.678018912486686,1.54028178415051,0.670308292517683,-0.384074714167499,1.02375385644556,0.946563237431083,-1.73762277308399,1.09472880694208,1.82053163194041,"low","low","0","2"
"low-intensity forest",41,4677284,2586465,-0.0170081906792071,-0.296889683735118,-0.480290606938023,1.21737902254189,-0.649441915554028,0.220150489703994,0.5222470942413,0.605602951733515,0.128746924557256,0.354187184708142,0.563300265207387,0.121837191486689,1.22877137793634,-0.180935803733211,0.997534403257423,0.0762075157553156,0.737244975096232,0.280752144046185,0.954068477431899,1.39019964040348,1.42760469809329,0.0700095392832521,1.22058004888186,-1.13405731250621,-0.835792709116035,-0.548566799799746,-0.218332606205269,1.25782345507272,0.240903395396303,0.378450048348003,-1.87534221290076,-1.27840584643291,-1.34920037736793,0.0434702828565626,-0.146205560015081,-0.057872053846474,0.976263472107421,-0.618330598516461,0.0134141625718313,0.0270356335589504,1.61686915699491,"low","low","0","2"
"medium-intensity forest",42,4149284,2582465,-1.89621281413408,-2.02577834307887,-2.03445152736817,-0.139346929513734,-0.987129129211308,-1.55502498018512,-0.578125453301587,-0.833544714449528,-0.129157437466611,-1.16982044753365,-0.716964600165981,-0.201858971010333,-0.303111373125437,-0.36921903715626,1.42475157260999,0.0403510459316068,1.1768315957789,-1.35697978839156,1.43476878762343,1.8107942364342,0.260697630092974,0.956041534586008,1.8150935668119,1.46986054431134,-0.124763262661952,0.136299470131358,1.93401680618657,-0.464486355645228,-0.24127581960159,-1.77383416916228,-0.403191723484941,0.791276927887442,0.913993107567617,-0.600851873619905,-0.22066675898057,0.997172031852876,-0.458595263898547,-0.261061673442378,-0.223222575717151,-0.563718513690257,-0.745555186769024,"low","medium","1","3"
"low-intensity forest",41,4670284,2568465,0.546804232249116,0.12050431045628,-0.054679690400596,0.816140602184639,-0.421869106995615,0.881272820574886,0.275343101500332,0.212857278205291,0.0948044205430414,0.0482945678407961,0.229963145948497,0.0337733137762262,0.764339825396533,-0.187376337565252,0.933450583585849,-0.109753993484368,0.902942238817065,0.943807235472689,1.0420790805614,0.4537466604336,-0.0319157808233744,0.183765345841069,-0.764803608991719,0.33021426016753,-0.9084395639365,0.133216826470886,0.228058147308858,-1.12254079873775,0.784308277729752,-0.924391260386631,0.605893996726538,0.642193093317188,0.099119655093288,-0.151512875848669,-1.14821429496761,-1.98975474603389,-0.224454727923944,0.459660277355074,1.08659218543599,-1.09591033871481,-0.963655399667443,"low","low","0","2"
"medium-intensity forest",42,4670284,2566465,0.783510892296101,0.265862121135145,0.0577519321241085,0.956190700500419,-0.342597544073049,1.17814432517522,0.148786321321584,0.092342195380714,-0.0157325754622218,0.0223062316819425,0.122823424398265,-0.0749353548444621,0.620618969839001,-0.266997745358434,0.933450583585849,-0.287433850224199,1.06345010651092,1.24540944687227,1.1947592487274,-0.350177662280663,-0.492580566845566,-0.238832932927846,0.091856787368835,-0.69360425690841,0.288251945434105,1.12560941667748,-0.987116777895975,0.276385867164257,0.829073191974175,1.28102096241772,0.575316478949151,0.850081877705124,0.713732469609011,0.504931397630524,0.241278253033765,-2.1998999276734,-0.0235558783384548,1.41407739164225,0.0828602935524312,0.43072341808618,-0.167060530570831,"low","medium","1","3"
"medium-intensity forest",42,4154284,2565465,-2.78317997714936,-2.77949718264822,-2.69537593273076,-1.34238659907552,-2.01914892491535,-2.45347032330493,-0.44765449583261,-0.220328475753387,-0.51231540782427,-0.252727086666364,-0.525908500271141,-0.333966593018365,-0.397521050560859,-0.629647775685664,1.17661453152932,-0.239673954554945,1.25212939323687,-2.24636480100051,1.44170117802563,1.87703896007655,0.0755572539125417,0.579675420869182,2.29056703502272,0.384550742566994,-1.02989962406117,-0.287430383383772,1.68791455810257,-1.12153003450863,-0.906343620585469,-1.7056131103779,3.04674689651815,-0.279081161178283,0.184234377435252,2.54709417057678,1.27732714611197,0.208759619877956,0.0603859234331111,1.8609900751478,-3.22743485990774,0.736691918608226,-0.741306555544862,"low","medium","1","3"
"forest/shrubs and cropland mosaics",71,4855284,2561465,1.01651365807856,0.422635874167837,0.332285549997155,1.10245875817073,-0.260851922097393,1.45951181924902,-1.00723896156634,-0.974686099635235,-1.04188549673096,-0.0141464876910548,-1.09527082693082,-1.15603715400057,-0.723535921053386,-1.21354894357077,0.938261424084655,-0.350768847259561,1.21611006724944,1.72180947952502,1.30139170226301,-0.810520721018455,0.117455671941688,-1.16236324418623,1.37216216799215,0.738771219389861,-0.694997941700631,-1.09501620251366,-2.42043140380716,-0.600546085726622,0.314077038012878,-0.502386530437652,-1.53799971720941,-0.0116424909601461,0.402945997018973,-0.240118740467099,0.241569760425975,0.280776510255206,0.803452964890344,-0.403674341987173,0.24233466408517,0.601449538362331,0.808998064508006,"low","low","0","2"
"medium-intensity forest",42,4991284,2551465,1.10685675444724,0.379797097518995,0.308033576394457,1.98394781641381,-0.275526895319177,1.65236671092198,-1.37616723323153,-1.25532999220323,-1.43519885059217,-0.0511184674011252,-1.47409412744781,-1.49681513046481,-1.15181102943859,-1.56255849086161,1.09295488126607,-0.475966375745337,1.55002394299154,1.94113920880235,1.55958199198134,-1.38582234869181,-0.579431297458743,-0.575179449796427,0.117701066768553,-0.605637520430731,-0.289759468170248,-0.877263102859598,-1.37121892464505,0.902389183441709,-0.915764944920724,1.14820108412591,-1.1460196441541,-0.450315109301687,-1.13561832806975,-0.456273331334112,-1.15380135529166,1.24397809270532,0.423104401469112,-1.01792056401267,0.70239063456784,-0.93661492902686,0.556034036347519,"low","medium","1","3"
"medium-intensity forest",42,4658284,2523465,-0.193903056836131,-0.221729486434644,-0.250015651220185,-0.423127309437799,-0.667712281885388,-0.106814936408331,1.41435949094827,1.12570701300047,1.98007748338043,-0.242969283737318,1.16351817305403,1.65396034323248,1.14154674805209,0.960106223772134,0.276483678282759,-0.0248331429672411,0.211660176652665,-0.0701035455471031,0.275267583269869,-0.0263547688411371,0.127493667015857,0.123855014795202,-1.29534848176007,-1.1827327018861,-0.656791179781814,0.458393897125314,-1.092441543134,-1.24058758070467,0.985915696475379,-0.452881034307244,-1.05591524597147,-0.446758520041435,-0.408238326123627,0.214444804716567,1.13106092401244,1.00745540244434,1.01903574051071,-0.174272045825457,-0.383015717530636,1.10543450126921,0.669235974738717,"low","medium","1","3"
"medium-intensity forest",42,4659284,2522465,-0.11291117335605,-0.177420310856393,-0.197817049568017,-0.385970253838944,-0.638665494897063,-0.00119524330641228,1.36923896751902,1.10033567452753,1.93293588146012,-0.230527634404973,1.13608287324583,1.60415384308726,1.10651529956736,0.934790517706446,0.234405497118753,-0.0715978065275261,0.264684743143097,0.0161272029593214,0.291084887850563,0.0669851308552765,-0.8757423628621,-0.0593898609514031,-0.490662155520811,-1.02721412633633,-0.386503967279729,0.656384574614525,-0.840583557761485,-1.24058758070467,1.19230875624641,0.174390518566218,0.684026868583385,-0.758922927149342,-0.564440810148957,1.12144587383889,0.0776171095975674,-0.633444011199857,0.0462443585513682,0.314546027760031,-1.87192735764375,0.430282747859642,0.817598198518204,"low","medium","1","3"
"forest/shrubs and grassland mosaics",72,4713284,2512465,0.0978921851607811,-0.0884207319285421,-0.165080577083405,-0.148751823081459,-0.566861816723005,0.27027415516933,0.734778511486108,0.483462510114665,0.859315404039299,-0.353845312775486,0.549026340649637,0.782179992288742,0.903791978005749,0.352462644685922,0.823233262205636,0.188663121286854,0.455808388981372,0.421726889511413,0.660856678545489,0.135397366288093,-1.15389679445842,-0.276557158980327,-1.85607188647328,-0.423173169494496,-0.254038745179621,-0.155147976816562,-0.633015178608886,0.673628407517418,-0.096814906186912,0.717744402555866,0.566969222218641,-0.192699545084016,0.542291987530568,-0.122576148736734,-0.547812165096314,-0.493090038712604,-0.750923055753422,-0.748799508537537,-2.76399728480741,-0.392103911246671,-0.0360514533828452,"low","none","0","1"
"medium-intensity forest",42,4855284,2499465,1.28422176376894,0.587170047528452,0.380789381560296,0.327271908051551,-0.162889516446712,1.78841248945715,-0.893972184643087,-0.959835979236164,-0.88065942205568,-0.429614407909276,-1.04080614449845,-0.894715471124806,-0.729681858936277,-1.02171216263846,1.246581253611,-0.26173071588488,1.37167513797722,2.00689811215295,1.52591139041785,-1.94871966913144,-1.24243884314034,-0.608788536851955,-0.329164531069754,-1.11349837182043,-0.404638380772919,-0.232615111044469,-0.551375969417445,-0.290807696007228,-2.30451170860619,0.882561687391242,-0.514340646919388,-0.46645785687045,-1.15660875374678,-1.18104956519999,-0.11129878499797,-0.364180786602252,-1.24189503309592,-1.78397142694698,1.02285107449051,-0.00753079293850154,0.972160934250295,"low","medium","1","3"
"medium-intensity forest",42,4940284,2498465,0.92389234314433,0.303656645345289,0.139768022248296,1.55141924397331,-0.319359482605905,1.3814532977597,-0.844353923109025,-0.755132409860384,-1.02542030136925,-0.291301048887382,-0.877197619326768,-0.912592121914174,-0.467052691493682,-1.01648610062353,1.246581253611,-0.142229766666794,1.31229740094438,1.58057758159308,1.42403343821856,-0.251361757977984,-1.39300710063999,0.0219243472791713,-1.45503814938776,-0.341707637546833,-1.12714122496138,-0.847103497255117,-1.96488239346011,-1.24058758070467,0.0177241755919456,-0.784930370187809,-2.02218711877317,0.692341795052184,0.45920655306937,-1.85085056636654,-1.04047810360767,0.933258182613262,0.137058503105082,-1.65269279856905,1.65456045021222,-1.34829852404514,-0.812856584362828,"low","medium","1","3"
"medium-intensity forest",42,4681284,2461465,1.79952480873115,1.39887419867777,1.35207482132826,0.682881750256077,2.35872755308274,2.10473245114865,0.975712444487592,1.27478981462106,-0.0327933051015807,1.0830825755112,1.29246458335089,0.87351671639116,-0.143151513251867,1.08153569375431,-1.83939474709665,-2.48598381206539,0.490565156619029,1.75665175716278,-0.0784583272230576,-0.579571683760283,-0.477265625964162,-0.222166568197787,0.218869579299786,1.26491329029982,-1.14495371081123,-0.375948056854437,-0.973503325766981,0.584280877673681,1.26911623977641,-0.0695147228088628,0.318509722798883,-0.302216985604598,0.506255622594259,0.621998089371409,-0.910915749162464,0.582954213324377,0.926218938051484,0.311158592653208,0.524397953033997,-0.869895710976252,-0.255415414843296,"low","medium","1","3"
"medium-intensity forest",42,4680284,2450465,1.87290976958194,1.63591379410335,1.69758797931026,0.755613679524997,2.31749928371923,1.99970183000076,0.345671765084052,0.790123139655807,-0.775452572550329,1.37978192413827,0.845528493294077,-0.0111464887868206,-0.801992880873984,0.671444779745339,-2.85209011019769,-3.16335663774693,0.00296887140057613,1.46318998933789,-0.858455941184945,-0.240615624706936,-0.453455074978801,-0.740144583958895,0.76492515352352,0.988901242639591,-1.28389645911165,-0.703368720467048,-0.389938489528153,0.17630731755062,0.00827983086149609,0.958027404654001,-1.22628318742336,1.11980477423968,0.618908108245,-0.872790915395113,0.800628566182643,0.645541953812457,0.585172383848327,-0.198460326069701,-0.160381911482265,0.769626860137308,-0.26113014442044,"low","medium","1","3"
"medium-intensity forest",42,4722284,2430465,-0.573022491127326,-0.49082488870792,-0.580318036303264,-0.5922763255426,1.33396688812232,-0.505885234976542,1.49102859518271,1.36692265979379,0.613491177883063,0.338682972239065,1.41005181442481,1.69802089847995,0.385093021111259,1.45698937610141,-0.497669448531343,-0.917802341336165,0.135207978327782,-0.646341455402815,0.143850726481978,0.453318922880204,-0.828639114942096,0.166823967825268,-0.178419602094517,-0.704328329467016,-0.572601991862236,-0.913462409479219,0.0782779836686436,-1.24058758070467,0.749584677786025,-0.411223843226541,-0.322414201534072,-0.397684624213175,-0.561496575514178,-0.074752434896983,0.188174499617779,0.323794100379708,0.869701984083889,-0.818304910331778,0.0284621388050222,0.274600781127747,1.13409113121486,"low","medium","1","3"
"high-intensity forest",43,4777284,2422465,-0.160655596344922,-0.193376783412428,-0.380417097415928,-0.390721487314565,1.49604355639652,-0.0929886131870841,0.801681982378075,0.675415405129518,1.04547050424633,-0.335977822061608,0.710010578417317,1.36078266584818,0.177194832572721,0.911767572115538,1.29750767834915,0.796211558646354,0.160627149946374,0.14419289459496,0.675644750763979,0.647778523859636,0.238950585024228,0.916198612020941,-0.00934598653292713,-1.97912099087081,0.62436401282243,-0.852685564827381,-0.526991582729378,-1.24058758070467,0.258375745288596,-1.33915115193279,-0.297023113984406,-0.98006870901744,0.00748226933960446,0.329389553458917,1.43436629563502,1.66607850831924,1.02513745566113,-0.274065964929281,-1.2456633841099,0.922281798014154,-0.652790934456998,"high","high","1","4"
"medium-intensity forest",42,4724284,2420465,-0.28707385742824,-0.292478520186014,-0.378800765599514,-0.4325009517439,1.47355830334083,-0.150270670657998,1.57544528079682,1.49289257910867,0.499539938305799,0.535234167477628,1.50585702398512,1.57707876939748,0.311721287951688,1.59360056528805,-0.544688869553827,-1.017151246043,0.271135255420057,-0.331026745515396,0.186917327040162,-0.425179939692312,-0.0959728430775017,-1.1297453261622,-1.51976364158189,-0.768804507428943,-1.47100446286803,-1.53819039546593,-0.813436559948021,1.16246198090701,0.688941933677897,1.50439970142481,0.284437808020995,-0.66704969422204,-0.938218565894421,0.4306652749493,0.276187004372173,0.320124051354354,0.963546290052088,-0.480600546306432,-1.06839368898606,0.228591212168947,0.680365391837599,"low","medium","1","3"
"medium-intensity forest",42,4721284,2411465,-0.282955826464628,-0.205691328742433,-0.3004733743459,-1.17861996171756,1.44879472969549,-0.213356838522079,2.38273559221734,2.14787924823249,0.806059825005409,0.82672095768806,2.09506634405356,2.05144524255741,0.592504869958297,2.18410813313659,-0.746375866968788,-1.0626634352967,0.0560244430360938,-0.420677621829249,-0.0135749540914019,0.50638097811832,2.13528546788018,-0.291105958467655,-0.491221096097582,-0.542292277305479,-1.11924131828232,-0.79812852052388,1.95396885916464,1.16220492579771,-0.104114582461317,0.56922755431573,-0.413392252795954,-0.670508334590363,-0.108924032111623,0.282257572959159,0.385936078979399,0.677300823229112,0.877158080340626,-0.556018695931177,-0.622790874099289,0.200334887066666,0.194476215697102,"low","medium","1","3"
"medium-intensity forest",42,5415284,2329465,0.415256245628845,-0.178768173771757,-0.410998460811987,1.26332740527192,-0.775805702867557,0.914057140097321,-0.884188658502962,-0.539156408890842,-0.814912372251327,0.42077610039527,-0.586122885306999,-0.950092062298625,-0.407356080168747,-1.16005163232509,1.97721882005971,0.557690407923814,1.49556448722867,0.931411232174258,1.52397363416762,0.600694176032576,-0.927189487090649,0.428166750042537,0.198925472567511,-1.19843659017173,-0.153208686558741,-0.675339696257865,-0.303268804212259,-0.565033114024432,-0.487153149065639,-0.619509438781085,-0.973364040674964,-0.950265816420873,-0.693084190999514,-0.314264398022444,-1.46529726116832,0.70979967281059,1.86399485090539,-1.10912633967274,-0.767348720473269,-1.54018157633814,-0.0122527604934785,"low","medium","1","3"
"low-intensity forest",41,5413284,2328465,-0.289144852070763,-0.598755799838333,-0.773735492090711,0.788823874398812,-0.976913389509335,0.00625314337259376,-0.88043449394594,-0.529502545407622,-0.815817636794464,0.466276823856406,-0.572457763531127,-0.962410899719442,-0.385272941371947,-1.17169047404712,1.94852299760996,1.02422092164181,0.966149471792568,0.0561877940681759,1.13149837726712,0.0913630206191258,-0.946344844635538,-0.356712514763167,-1.28471191282128,0.0186776514241559,-0.830232065522099,-0.697028280832008,-0.869890016662718,-1.24058758070467,0.914774091454767,-0.806060878976052,-1.28337567361778,-0.512419852548214,0.538818257471106,-0.274814892698801,-1.7142788303571,-1.47822752657612,1.21723800209576,-0.992724769317481,-0.541244579657027,-1.512033170475,0.141797403393922,"low","low","0","2"
"medium-intensity forest",42,3364284,2289465,0.712754501568477,1.2837071644709,1.12099457630335,-0.93707244994356,1.54853036857211,0.040723584049912,1.2259076895494,1.1743772457771,0.586862896730776,0.80355529497303,1.26847733674871,0.500913156237845,-0.406865180198223,1.90565850475929,0.11651850347633,2.47287543779417,-1.97675470774526,0.0874656876366713,-1.46644526358763,0.417930048726483,-0.794247623050859,1.60545681306783,-1.2559437034261,-0.30653431441032,0.882777736589552,-0.574538507410745,-1.07668105382409,0.901142313232949,1.00164343856478,-0.0218203463169351,0.328236388634257,-0.784385268636485,1.14034639978549,1.65596155838749,-0.658632076462972,1.53437581673487,0.071107143399629,0.650612305501961,-1.7390095924704,-1.2717713516127,-1.9874441669942,"low","medium","1","3"
"medium-intensity forest",42,3361284,2286465,1.02690845811122,1.52327891602014,1.29940263572595,-0.785879714295622,1.67022958837252,0.350757084029035,0.546156984121022,0.64646935276774,-0.0569276840421623,0.841245227198727,0.750813480644602,-0.108980928355462,-0.882567196024331,1.37473435430309,0.240832891511641,2.49118039898458,-1.95356826709757,0.41369056132571,-1.38013421009176,-0.203597898779129,-0.267376868058264,0.442636313904495,-0.0520409944447268,-0.154076135546148,-0.162843440325165,-0.530673861742268,0.900396925950812,1.13405311795319,0.692603867276961,1.2115924305662,-0.0580278924073677,-1.04859075792426,0.00919212610145013,0.0518115516898107,0.950904085432521,0.38681928453388,1.13674515463807,-0.901022483715852,0.692896508484037,1.29033454396997,0.243009804127366,"low","medium","1","3"
"medium-intensity forest",42,3336284,2285465,0.877972019628383,1.39664824132296,1.1805645912099,-0.872540938533928,1.61287264788347,0.204638045327897,0.564256826994505,0.737638415476869,-0.209842663260307,1.03230406423571,0.818241837056457,-0.179494741033564,-0.941783625210045,1.42068996287963,0.568721583724939,2.78108251587447,-1.94630873684892,0.380397470499664,-1.24926567796844,0.476296246838742,-0.277017133728788,0.289089810077772,-0.182733131132544,-0.145808363747201,0.767274247658006,0.326657937510214,0.886556393347307,0.899597591882466,0.563874597713596,-0.368963005574504,0.530324482911657,-1.03758298190402,-0.0498226064023082,0.172864572478959,1.23369853579712,0.560649178938151,0.729072180663436,-1.00207460862522,-0.262796222758061,0.719006388784128,-0.326161045198368,"low","medium","1","3"
"forest/shrubs and cropland mosaics",71,5060284,2255465,-0.051091858817919,-0.192975155131486,-0.39501207530001,-1.11073727335308,1.60047959233157,0.173066253869479,1.30815321197517,1.78378797354902,-0.101530481056201,1.65119157778727,1.67533357251767,0.23054510455907,-0.610259710201037,1.9524067804848,0.829074357187438,-0.00791489996252949,0.588874540127414,0.310632633478433,0.866287091990009,0.862163153568097,-0.922369336403174,1.21022945063894,0.0456488504754489,-1.14699759771397,0.233056163875544,-0.570594396968701,0.0123360152927179,0.663886715526743,0.445537801021627,1.51707789874308,-1.79132755949812,0.0381024281976369,0.968840564367477,-0.639513336245095,-1.07715401557798,-1.79834443846639,0.44540877562531,-1.09165204879858,0.614804117300377,-1.16461839195952,-0.617704230810881,"low","low","0","2"
"forest/shrubs and bare mosaics",74,5439284,2212465,-2.21142614853276,-2.22082310309977,-2.27028610020025,-1.74912302784762,-0.365066339690848,-2.04000928235247,-0.271015519438056,-0.0817438265810968,-0.358912070833038,0.182616488519681,-0.103063349234124,-0.494394998992346,-0.359828948894989,0.264816836289026,1.35095847542437,0.405388267114793,0.912103177614171,-2.03957501768281,1.06334624433762,1.27785570790007,-0.35579001767118,-1.2011514214806,1.34313412539331,1.66879584331461,0.182600222720907,-0.229097429720554,1.6732321295781,0.802768119513385,0.169081583218324,0.0506267782401971,-0.974688294073141,0.290864434112145,0.853835358492161,-0.0858543628649372,-1.32702394119254,1.31793190556208,0.0146559301778713,-0.135549781540752,-0.465925827246231,-1.72242252072711,-1.48605612202441,"low","none","0","1"
"low-intensity forest",41,5541284,2192465,-0.259394217494517,-0.430463944018023,-0.594913014187346,0.736359603620112,0.433760951683247,-0.075708304191192,-0.798290960466744,-0.744404109950294,-0.620286067344105,-0.0310175135267086,-0.62457671615793,-0.695301150127652,-0.342284973763903,-0.545941270972534,0.933450583585849,0.443782016538324,0.621005965131446,-0.223256655515715,0.597222124468402,0.577451229519643,-0.32067753881309,-0.588143653979086,-0.00067916232093017,-0.542972885271884,0.235740272398299,-0.261721801008094,-0.099405805695454,0.697570003370968,0.547746534853558,-0.483067321212339,-0.161106393520494,0.385841233286686,0.105476934543636,-0.0679301560103494,0.330625104054663,1.03169735931008,0.405538839408482,-0.225527201616167,-0.4018330820013,0.362276698685302,0.144455990320788,"low","low","0","2"
