"loc","Abies alba","Abies sibirica","Acer campestre","Acer negundo","Acer platanoides","Acer pseudoplatanus","Achillea millefolium","Achillea nobilis","Aconitum lycoctonum","Actaea spicata","Adenophora liliifolia","Adonis vernalis","Adoxa moschatellina","Aegopodium podagraria","Agrimonia eupatoria","Agrostis canina","Agrostis capillaris","Agrostis gigantea","Agrostis stolonifera","Ajuga reptans","Alliaria petiolata","Alnus glutinosa","Alnus incana","Alopecurus pratensis","Anchusa arvensis","Anemone nemorosa","Anemone ranunculoides","Angelica sylvestris","Antennaria dioica","Anthoxanthum odoratum","Anthriscus sylvestris","Arctium lappa","Arctium tomentosum","Artemisia abrotanum","Artemisia absinthium","Artemisia vulgaris","Asarum europaeum","Asparagus officinalis","Asplenium trichomanes","Astragalus cicer","Astragalus danicus","Berteroa incana","Betula humilis","Betula pendula","Betula pubescens","Bidens cernua","Bidens radiata","Brachypodium pinnatum","Brachypodium sylvaticum","Bromus benekenii","Bromus inermis","Buglossoides purpurocaerulea","Bupleurum longifolium","Calamagrostis arundinacea","Calamagrostis canescens","Calamagrostis epigejos","Calamagrostis stricta","Calla palustris","Caltha palustris","Calystegia sepium","Campanula bononiensis","Campanula glomerata","Campanula latifolia","Campanula patula","Campanula persicifolia","Campanula rapunculoides","Campanula rotundifolia","Campanula trachelium","Caragana arborescens","Cardamine amara","Cardamine bulbifera","Carex acuta","Carex brunnescens","Carex digitata","Carex elongata","Carex ericetorum","Carex hirta","Carex montana","Carex muricata","Carex pediformis","Carex pilosa","Carex praecox","Carex pseudocyperus","Carex rostrata","Carex spicata","Carex sylvatica","Carex umbrosa","Carex vesicaria","Carex vulpina","Carlina vulgaris","Carpinus betulus","Carum carvi","Centaurea jacea","Centaurea phrygia","Centaurea scabiosa","Centaurium erythraea","Cerastium fontanum","Chaerophyllum temulum","Chelidonium majus","Chenopodium album","Chimaphila umbellata","Chrysosplenium alternifolium","Cichorium intybus","Cicuta virosa","Cirsium arvense","Cirsium helenioides","Cirsium oleraceum","Clematis recta","Clinopodium vulgare","Cnidium dubium","Comarum palustre","Consolida regalis","Convallaria majalis","Convolvulus arvensis","Cornus mas","Cornus sanguinea","Corydalis cava","Corylus avellana","Crataegus curvisepala","Crataegus laevigata","Crepis praemorsa","Crepis tectorum","Cruciata laevipes","Cypripedium calceolus","Cystopteris fragilis","Dactylis glomerata","Dactylorhiza incarnata","Daphne mezereum","Deschampsia cespitosa","Deschampsia flexuosa","Dianthus chinensis","Diphasiastrum complanatum","Dracocephalum ruyschiana","Dryopteris carthusiana","Dryopteris cristata","Dryopteris dilatata","Elymus caninus","Elymus repens","Epilobium angustifolium","Epilobium montanum","Epilobium roseum","Epipactis helleborine","Epipactis palustris","Equisetum arvense","Equisetum fluviatile","Equisetum hyemale","Equisetum pratense","Equisetum sylvaticum","Erica tetralix","Erigeron acer","Erigeron canadensis","Eriophorum angustifolium","Eriophorum latifolium","Erodium cicutarium","Euonymus europaeus","Euonymus verrucosus","Eupatorium cannabinum","Euphorbia cyparissias","Euphorbia esula","Fagus sylvatica","Fallopia convolvulus","Fallopia dumetorum","Festuca altissima","Festuca gigantea","Festuca ovina","Festuca pratensis","Festuca rubra","Festuca valesiaca","Filipendula ulmaria","Filipendula vulgaris","Fragaria moschata","Fragaria vesca","Fragaria viridis","Frangula alnus","Fraxinus excelsior","Gagea lutea","Galanthus nivalis","Galeopsis bifida","Galeopsis ladanum","Galeopsis pubescens","Galeopsis tetrahit","Galium aparine","Galium boreale","Galium mollugo","Galium odoratum","Galium palustre","Galium verum","Genista tinctoria","Geranium palustre","Geranium phaeum","Geranium pratense","Geranium robertianum","Geranium sanguineum","Geranium sylvaticum","Geum rivale","Geum urbanum","Glechoma hederacea","Glechoma hirsuta","Goodyera repens","Gypsophila paniculata","Hedera helix","Heracleum sphondylium","Hieracium umbellatum","Holcus mollis","Hordelymus europaeus","Humulus lupulus","Hypericum perforatum","Inula britannica","Inula helenium","Inula hirta","Inula salicina","Isopyrum thalictroides","Juncus effusus","Juniperus communis","Knautia arvensis","Koeleria pyramidata","Lactuca serriola","Lactuca tatarica","Lamium galeobdolon","Lamium maculatum","Lappula squarrosa","Lapsana communis","Laser trilobum","Lathyrus niger","Lathyrus pallescens","Lathyrus pratensis","Lathyrus sylvestris","Lathyrus tuberosus","Lathyrus vernus","Lavatera thuringiaca","Lemna minor","Leontodon hispidus","Leonurus quinquelobatus","Leucanthemum ircutianum","Ligustrum vulgare","Lilium martagon","Linaria vulgaris","Linnaea borealis","Lithospermum officinale","Lonicera periclymenum","Lonicera xylosteum","Luzula luzuloides","Luzula pallescens","Luzula pilosa","Lycopodium annotinum","Lycopodium clavatum","Lycopus europaeus","Lysimachia nummularia","Lysimachia thyrsiflora","Lysimachia vulgaris","Lythrum salicaria","Maianthemum bifolium","Malus domestica","Matricaria discoidea","Matteuccia struthiopteris","Medicago falcata","Medicago lupulina","Medicago sativa","Melampyrum nemorosum","Melampyrum pratense","Melica nutans","Melica uniflora","Melilotus officinalis","Mentha arvensis","Menyanthes trifoliata","Mercurialis perennis","Milium effusum","Moehringia trinervia","Molinia caerulea","Myosotis laxa","Neottianthe cucullata","Origanum vulgare","Orthilia secunda","Oxalis acetosella","Paris quadrifolia","Persicaria bistorta","Persicaria maculosa","Persicaria minor","Peucedanum palustre","Phalaris arundinacea","Phalaris canariensis","Phleum pratense","Phragmites australis","Picea abies","Picris hieracioides","Pilosella officinarum","Pimpinella saxifraga","Pinus sylvestris","Plantago lanceolata","Plantago major","Plantago media","Platanthera bifolia","Poa angustifolia","Poa annua","Poa nemoralis","Poa palustris","Poa pratensis","Poa trivialis","Polygonatum multiflorum","Polygonatum odoratum","Polygonum aviculare","Populus nigra","Populus tremula","Potentilla anserina","Potentilla argentea","Potentilla recta","Primula veris","Prunella vulgaris","Prunus avium","Prunus fruticosa","Prunus serotina","Prunus tenella","Pteridium aquilinum","Pulmonaria mollis","Pulmonaria obscura","Pulmonaria officinalis","Pyrola chlorantha","Pyrola media","Pyrola minor","Pyrola rotundifolia","Quercus cerris","Quercus petraea","Quercus robur","Ranunculus acris","Ranunculus auricomus","Ranunculus cassubicus","Ranunculus lanuginosus","Ranunculus polyanthemos","Ranunculus repens","Raphanus raphanistrum","Rhamnus cathartica","Ribes aureum","Ribes nigrum","Ribes rubrum","Rorippa palustris","Rosa canina","Rosa majalis","Rubus caesius","Rubus idaeus","Rubus saxatilis","Rumex acetosa","Rumex acetosella","Rumex aquaticus","Rumex confertus","Rumex crispus","Rumex obtusifolius","Rumex palustris","Rumex thyrsiflorus","Salix alba","Salix aurita","Salix caprea","Salix cinerea","Salix pentandra","Salix rosmarinifolia","Salvia glutinosa","Salvia verticillata","Sambucus nigra","Sambucus racemosa","Sanguisorba officinalis","Sanicula europaea","Schoenoplectus lacustris","Scirpus sylvaticus","Scrophularia nodosa","Scutellaria altissima","Scutellaria galericulata","Sedum maximum","Sedum telephium","Selinum carvifolia","Silene latifolia","Silene nutans","Silene tatarica","Silene viscaria","Solanum dulcamara","Solidago virgaurea","Sonchus oleraceus","Sorbus aucuparia","Stachys annua","Stachys officinalis","Stachys palustris","Stachys sylvatica","Stellaria aquatica","Stellaria graminea","Stellaria holostea","Stellaria media","Stellaria nemorum","Stellaria palustris","Succisa pratensis","Symphytum officinale","Tanacetum corymbosum","Tanacetum vulgare","Thalictrum flavum","Thalictrum minus","Thalictrum simplex","Tilia cordata","Tilia platyphyllos","Trifolium arvense","Trifolium hybridum","Trifolium medium","Trifolium montanum","Trifolium pratense","Trifolium repens","Trifolium spadiceum","Tripleurospermum inodorum","Trollius europaeus","Tussilago farfara","Ulmus glabra","Ulmus laevis","Urtica dioica","Vaccinium myrtillus","Vaccinium uliginosum","Valeriana officinalis","Veratrum lobelianum","Verbascum nigrum","Veronica austriaca","Veronica beccabunga","Veronica chamaedrys","Veronica longifolia","Veronica officinalis","Veronica paniculata","Veronica spicata","Viburnum lantana","Viburnum opulus","Vicia cassubica","Vicia cracca","Vicia hirsuta","Vicia pisiformis","Vicia sepium","Vicia sylvatica","Vicia tenuifolia","Vinca minor","Viola canina","Viola collina","Viola epipsila","Viola hirta","Viola mirabilis","Viola odorata","Viola reichenbachiana","Viola rupestris","Viola selkirkii","Viola tricolor"
1,0.00866878271652777,0,0,0,0,0,0,0,0,0,0,0,0,0,0,0,0,0,0,0,0,0,0,0,0,0.0563470876574305,0,0,0,0,0,0,0,0,0,0,0,0,0,0,0,0,0,0.00866878271652777,0,0,0,0,0,0,0,0,0,0,0,0,0,0,0,0,0,0,0,0,0,0,0,0,0,0,0,0,0,0,0,0,0,0,0,0,0,0,0,0,0,0,0.0130031740747917,0,0,0,0.230035685044053,0,0,0,0,0,0,0,0,0,0,0,0,0,0,0,0,0,0,0,0,0,0.00866878271652777,0,0,0,0,0.0563470876574305,0,0,0,0,0,0,0,0,0,0,0,0,0,0,0,0.00866878271652777,0,0,0,0,0,0,0,0,0,0,0,0,0,0,0,0,0,0,0,0,0,0,0,0,0,0.115211156376605,0,0,0,0,0,0,0,0,0,0,0,0,0,0,0,0,0,0,0,0,0,0,0,0,0,0,0,0,0,0,0,0,0,0,0,0,0,0,0,0,0.0563470876574305,0,0,0,0,0,0,0,0,0,0,0,0,0,0,0,0,0,0,0,0,0,0,0,0,0,0,0,0,0,0,0,0,0,0,0,0,0,0,0,0,0.0563470876574305,0,0.0130031740747917,0,0,0,0,0,0,0,0,0,0,0,0,0,0,0,0,0,0,0,0,0,0,0.0563470876574305,0,0,0,0,0,0,0,0,0,0,0,0,0,0,0,0,0,0,0,0,0,0,0,0,0,0,0,0,0,0,0,0,0,0,0,0,0,0,0,0,0,0,0,0,0,0.0563470876574305,0,0,0,0,0,0,0,0,0.199642065961635,0,0,0,0,0,0,0,0,0,0,0,0,0,0,0,0.0563470876574305,0,0,0,0,0,0,0,0,0,0,0,0,0,0,0,0,0,0,0,0,0,0,0,0,0,0,0,0,0,0,0,0,0,0,0,0,0,0,0,0,0,0,0,0,0,0,0,0,0,0,0,0,0,0,0,0,0,0,0,0,0,0,0,0,0,0,0,0,0,0,0,0,0,0,0,0,0,0,0,0,0,0,0,0,0,0,0,0,0,0,0,0,0,0,0,0,0,0,0,0,0,0
2,0,0,0,0,0,0,0,0,0,0,0,0,0,0,0,0,0,0,0,0,0,0,0,0,0,0,0,0,0,0.0152137532329226,0,0,0,0,0,0,0,0,0,0,0,0,0,0.0299710938688574,0.00507125107764085,0,0,0,0,0,0,0,0,0,0,0,0,0,0,0,0,0,0,0,0,0,0,0,0,0,0,0,0,0,0,0,0,0,0,0,0,0,0,0,0,0,0,0,0,0,0,0,0,0,0,0,0,0,0,0,0,0,0,0,0,0,0,0,0,0,0,0,0,0,0,0,0,0,0,0,0,0,0,0,0,0,0,0,0,0.0152137532329226,0,0,0,0.0152137532329226,0,0.0760687661646128,0,0,0.0152137532329226,0,0,0,0,0,0,0,0,0,0.0152137532329226,0,0,0,0,0,0,0,0,0,0,0,0,0,0,0,0,0,0,0,0,0,0,0,0,0.0299710938688574,0,0,0,0,0,0,0.0152137532329226,0,0,0,0,0,0,0,0,0,0,0,0,0,0,0,0,0,0,0,0,0,0,0,0,0,0,0,0,0,0,0,0.00507125107764085,0,0,0,0,0,0,0,0,0,0,0,0,0,0,0,0,0,0,0,0,0,0,0,0,0,0,0.0760687661646128,0,0,0,0,0,0,0,0,0,0,0,0,0,0,0,0,0,0,0,0,0,0,0,0,0,0,0,0.00507125107764085,0.304275064658451,0,0,0,0,0,0,0,0,0,0,0,0,0,0,0,0,0,0,0.306303565089508,0,0,0,0,0,0,0,0,0,0,0,0,0,0,0,0,0,0,0,0,0,0,0.0152137532329226,0,0,0,0,0,0,0,0,0,0,0,0.00507125107764085,0,0,0,0,0,0,0,0,0,0,0,0,0,0,0.0152137532329226,0,0,0,0,0,0,0,0,0,0,0,0,0,0,0,0,0,0,0,0,0,0,0,0,0,0,0,0,0,0,0,0,0,0,0,0,0,0.0201328667782342,0,0,0,0,0,0,0,0,0,0,0,0,0,0,0,0,0,0,0,0,0,0,0,0,0,0,0,0,0,0,0,0,0,0,0,0,0,0,0,0,0,0,0,0,0,0,0,0,0,0,0,0,0,0,0,0,0,0,0,0,0,0,0,0
3,0,0,0.00653429065047557,0,0,0,0,0,0,0,0,0,0,0,0,0,0,0,0,0.00653429065047557,0.0326714532523778,0,0,0,0,0,0,0,0,0,0,0,0,0,0,0,0,0,0,0,0,0,0,0,0,0,0,0,0.00980143597571335,0.00653429065047557,0,0.0490071798785667,0,0,0,0,0,0,0,0,0,0,0,0,0,0,0,0,0,0,0,0,0,0,0,0,0,0,0,0,0,0,0,0,0,0,0,0,0,0,0.0129378954879416,0,0,0,0,0,0,0.00653429065047557,0,0,0,0,0,0,0,0,0,0,0,0,0,0,0.0490071798785667,0,0.0161396979066747,0,0,0,0,0.00653429065047557,0,0,0.00980143597571335,0,0,0.120884377033798,0,0,0,0,0,0,0,0,0,0,0,0,0,0,0,0,0,0,0,0,0,0,0,0,0,0,0,0,0,0.00653429065047557,0,0.00980143597571335,0,0,0,0,0,0,0,0,0,0,0,0,0.00980143597571335,0,0,0,0,0,0,0,0,0,0,0,0,0,0,0,0,0,0,0,0,0.00653429065047557,0,0,0,0.00980143597571335,0,0.00653429065047557,0,0,0.00653429065047557,0.00653429065047557,0,0,0,0,0.00653429065047557,0,0,0,0,0,0,0,0,0,0,0,0.00980143597571335,0.0490071798785667,0,0,0,0.00653429065047557,0,0,0,0,0.00653429065047557,0,0,0,0,0,0.00980143597571335,0,0,0,0,0,0,0,0,0,0,0,0,0,0,0,0,0,0,0,0,0,0,0,0,0,0.00653429065047557,0.0653429065047557,0,0,0,0.00980143597571335,0,0,0,0,0,0,0,0,0,0,0,0,0,0,0,0,0,0,0,0,0,0,0,0,0,0,0,0,0.0653429065047557,0,0,0,0.00653429065047557,0,0,0,0,0,0,0,0,0,0,0,0,0,0,0,0,0.00980143597571335,0,0,0,0,0.0653429065047557,0.15099961578371,0.101281505082371,0,0,0,0,0,0,0,0,0,0,0,0,0.00653429065047557,0,0,0,0,0,0,0,0,0,0,0,0,0,0,0,0,0,0,0,0,0,0,0,0,0,0,0,0,0,0,0,0,0,0,0,0,0,0,0,0,0,0,0,0,0,0,0,0,0,0,0,0,0,0,0,0,0,0,0.0129378954879416,0,0,0,0,0,0,0,0,0,0,0,0,0,0,0,0,0,0,0,0,0,0,0,0,0,0,0,0,0,0,0,0,0,0,0,0,0,0,0,0.00980143597571335,0.00653429065047557,0,0,0,0
4,0,0,0,0,0.0131648235913639,0,0,0,0.0131648235913639,0,0,0,0.0131648235913639,0.0658241179568194,0,0,0,0,0,0,0,0,0,0,0,0,0,0,0,0,0,0,0,0,0,0,0.0131648235913639,0,0,0,0,0,0,0.0131648235913639,0,0,0,0,0,0,0,0,0,0,0,0,0,0,0,0,0,0,0,0,0,0,0,0,0,0,0,0,0,0,0,0,0,0,0,0,0.0131648235913639,0,0,0,0,0,0,0,0,0,0,0,0,0,0,0,0,0,0,0,0,0,0,0,0,0,0,0,0,0,0,0,0,0,0,0,0,0.0131648235913639,0,0,0,0,0,0,0,0,0,0,0,0,0,0,0,0,0,0,0,0,0,0,0,0,0,0,0,0.0131648235913639,0.0131648235913639,0,0,0,0,0,0,0,0,0.0131648235913639,0,0,0,0,0,0,0,0,0,0,0,0,0,0,0,0,0,0,0,0,0,0,0,0,0,0,0,0,0.0131648235913639,0,0,0,0,0,0,0,0,0,0,0.0131648235913639,0.0131648235913639,0,0,0,0,0,0,0,0,0,0,0,0,0,0,0,0,0,0,0,0,0,0,0.0131648235913639,0,0,0,0,0,0,0,0,0,0,0,0,0,0,0,0,0,0,0,0,0,0,0,0,0,0,0,0,0,0,0,0,0,0,0,0,0,0,0.0131648235913639,0,0,0,0,0,0,0.0658241179568194,0.0131648235913639,0,0,0,0,0,0,0,0,0,0,0,0,0,0,0,0,0,0,0,0,0,0,0,0,0,0,0,0,0,0,0,0.0131648235913639,0,0,0,0,0,0,0,0,0,0,0,0,0,0,0,0.0131648235913639,0,0,0,0,0,0,0,0.0131648235913639,0,0,0,0,0,0,0,0,0,0,0,0,0,0,0,0,0,0,0,0,0,0,0,0,0,0,0,0,0,0,0,0,0,0,0,0,0,0,0,0,0,0,0,0,0,0,0,0,0,0,0,0,0.0131648235913639,0,0,0,0.0131648235913639,0,0,0.0131648235913639,0,0,0,0,0,0,0,0,0,0,0.539231174302264,0,0,0,0,0,0,0,0,0,0,0,0,0.0131648235913639,0.0131648235913639,0,0,0,0,0,0,0,0,0,0,0,0,0,0,0,0,0,0,0,0,0,0,0,0,0,0,0,0,0,0,0,0
5,0,0,0,0,0,0,0,0,0,0,0,0,0,0.0105263157894737,0,0,0,0,0,0,0,0,0,0,0,0,0,0.0105263157894737,0,0,0.0105263157894737,0,0,0,0,0,0,0,0,0,0,0,0,0.0105263157894737,0,0,0.0105263157894737,0,0,0,0,0,0,0,0.0105263157894737,0,0,0.0105263157894737,0.0105263157894737,0,0,0,0,0,0,0,0,0,0,0,0,0,0,0,0,0,0,0,0,0,0,0,0,0.0105263157894737,0,0,0,0,0.0105263157894737,0,0,0,0,0,0,0,0,0,0,0,0,0,0,0,0,0.0105263157894737,0,0,0,0,0,0,0,0,0,0,0,0,0,0,0,0,0,0,0,0,0,0,0.0105263157894737,0,0,0,0,0,0,0,0,0,0,0,0,0,0,0,0,0,0.0105263157894737,0,0,0,0,0,0,0,0,0,0,0,0,0,0,0,0,0,0,0,0,0,0.0105263157894737,0,0,0,0,0,0,0,0,0,0,0,0,0,0,0,0,0.0105263157894737,0,0,0,0,0.0105263157894737,0,0,0,0,0.0105263157894737,0,0,0,0,0,0,0,0,0,0.0105263157894737,0.0105263157894737,0,0,0,0,0,0,0,0,0,0,0,0,0,0,0,0,0,0,0.0105263157894737,0,0,0,0,0,0,0,0,0,0,0,0,0,0,0.0105263157894737,0,0,0,0,0,0.0105263157894737,0.0105263157894737,0,0.0105263157894737,0,0,0,0,0,0,0,0,0,0,0,0,0,0.0105263157894737,0,0,0,0,0,0,0,0,0,0,0,0,0.0105263157894737,0,0.0105263157894737,0.0105263157894737,0,0,0,0,0,0,0,0,0,0.0105263157894737,0,0,0,0,0,0,0,0,0,0,0.0105263157894737,0,0.421052631578947,0.0105263157894737,0,0,0,0.0105263157894737,0,0,0,0,0,0,0,0,0,0,0,0,0,0,0,0,0,0,0,0,0,0.0105263157894737,0,0,0.0105263157894737,0,0.0105263157894737,0,0,0,0,0,0,0,0,0.0105263157894737,0,0,0,0,0.0105263157894737,0,0,0,0,0,0,0,0,0,0,0,0,0.0105263157894737,0,0,0,0,0,0,0,0,0,0,0.0105263157894737,0,0,0,0,0.0105263157894737,0.0105263157894737,0,0,0,0,0,0,0.0105263157894737,0,0,0,0,0,0,0,0,0,0,0.0105263157894737,0,0,0,0,0,0.0105263157894737,0.0105263157894737,0,0,0.0105263157894737,0.0105263157894737,0,0,0.0105263157894737,0,0,0,0,0,0.0105263157894737,0,0,0,0,0,0,0,0,0,0.0105263157894737,0,0,0,0.0105263157894737,0,0,0,0,0,0,0,0,0
6,0,0,0,0,0,0,0,0,0,0,0,0,0,0.0135136961310288,0,0,0,0,0,0,0,0,0.540547845241152,0,0,0,0,0.0135136961310288,0,0,0.0135136961310288,0.0135136961310288,0,0,0,0.0135136961310288,0,0,0,0,0,0,0,0,0,0,0,0,0,0,0,0,0,0,0,0,0,0,0,0,0,0,0,0,0,0,0,0,0,0,0,0,0,0,0,0,0,0,0,0,0,0,0,0,0,0,0,0,0,0,0,0,0,0,0,0,0,0,0,0,0,0,0,0,0,0,0,0,0,0,0,0,0,0,0,0,0,0,0,0,0,0,0,0,0,0.0135136961310288,0,0,0,0,0,0,0,0,0,0,0,0,0,0,0,0,0,0,0,0,0,0,0,0,0,0,0,0,0,0,0,0,0,0,0,0,0,0,0,0,0,0,0,0,0,0,0,0,0,0,0,0,0,0,0,0,0,0,0,0.0135136961310288,0,0,0,0,0,0,0,0,0,0.0135136961310288,0.0135136961310288,0,0,0,0,0,0,0,0,0.0135136961310288,0,0,0,0,0,0,0,0,0,0,0,0,0,0,0,0,0,0,0,0,0,0,0,0,0.0135136961310288,0,0,0,0,0,0,0,0,0,0,0,0,0,0,0,0.0135136961310288,0.0135136961310288,0,0,0,0,0,0.0135136961310288,0,0,0,0,0,0,0,0,0,0.0135136961310288,0,0,0,0,0,0.0135136961310288,0,0,0,0,0,0,0,0,0,0,0,0,0,0,0,0,0,0,0,0,0,0,0,0,0,0,0.0135136961310288,0,0,0,0,0,0,0.0135136961310288,0,0,0,0,0.0135136961310288,0,0,0,0,0,0,0,0,0,0,0,0,0,0,0.0135136961310288,0,0,0,0,0,0,0,0,0.0135136961310288,0,0,0,0,0,0,0,0,0,0,0,0.0135136961310288,0,0,0,0.0270138785659266,0,0,0,0,0,0,0,0,0.0135136961310288,0,0,0.0135136961310288,0,0.0135136961310288,0,0,0,0,0,0,0,0,0,0,0,0,0,0,0,0,0,0,0,0,0,0,0.0135136961310288,0,0,0,0,0,0,0,0,0,0,0,0,0,0,0,0,0,0,0,0,0,0.0135136961310288,0,0,0,0,0,0,0,0,0.0135136961310288,0,0,0,0,0.0135136961310288,0,0,0,0,0,0,0,0,0,0,0,0,0,0,0,0,0,0
7,0,0,0,0,0,0,0,0,0,0,0,0,0,0.449438202247191,0,0,0,0,0,0,0,0,0,0,0,0,0,0,0,0,0,0,0,0,0,0,0,0,0,0,0,0,0,0.0112359550561798,0,0,0,0,0,0,0,0,0,0,0,0,0,0,0,0,0,0,0,0,0.0112359550561798,0,0,0,0,0,0,0,0,0,0,0,0,0,0,0,0,0,0,0,0,0,0,0,0,0,0,0,0,0,0,0,0,0,0,0,0,0,0,0,0,0,0,0,0,0,0,0,0,0,0,0,0,0,0,0,0,0,0,0,0,0,0,0,0,0,0,0,0,0.0112359550561798,0,0,0,0,0,0,0,0,0,0,0,0,0,0,0,0,0,0,0,0,0,0,0,0,0,0,0,0,0,0,0,0,0,0,0,0,0,0,0,0,0,0,0,0,0,0,0,0,0,0,0,0,0,0,0,0,0,0,0,0,0,0,0,0,0,0,0,0,0,0,0,0,0.0112359550561798,0,0,0,0,0,0,0,0,0,0,0,0,0,0,0,0,0,0,0.0112359550561798,0,0,0,0,0,0,0,0,0,0,0,0,0,0,0,0,0,0,0,0,0,0,0,0,0,0,0,0,0,0,0,0,0,0,0,0,0,0,0,0,0,0,0,0,0,0,0,0,0,0,0,0,0,0,0,0,0,0.0112359550561798,0,0,0,0,0,0,0,0,0,0,0,0,0,0,0,0,0,0,0.449438202247191,0,0,0,0,0,0,0,0,0,0,0,0,0,0,0,0,0,0,0,0,0,0,0.0112359550561798,0,0,0,0,0,0,0,0,0,0,0,0,0,0.0112359550561798,0,0,0,0,0,0,0,0,0,0,0,0,0,0,0,0,0,0,0,0,0,0,0,0,0,0,0,0,0,0,0,0,0,0.0112359550561798,0,0,0,0,0,0,0,0,0,0,0,0,0,0,0,0,0,0,0,0,0,0,0,0,0,0,0,0,0,0,0,0,0,0,0,0,0,0,0,0,0,0,0,0,0,0,0,0,0,0,0,0,0,0,0,0,0,0,0,0,0,0,0,0,0,0
8,0,0,0,0,0,0,0,0,0,0,0,0,0,0.0625007812597657,0.0125001562519531,0,0,0,0,0,0,0,0,0,0,0,0,0,0,0,0,0,0,0,0,0,0,0,0,0,0,0,0,0.0249878123476543,0,0,0,0,0,0,0,0,0,0.0125001562519531,0,0,0,0,0,0,0,0,0,0,0,0,0,0,0,0,0,0,0,0,0,0,0,0,0,0,0.0625007812597657,0,0,0,0,0,0,0,0,0,0,0,0,0,0,0,0,0,0,0,0,0,0,0,0,0,0,0,0,0,0,0,0,0,0,0,0,0,0,0,0,0,0,0,0,0.0125001562519531,0,0,0,0,0,0,0,0.0125001562519531,0,0,0,0,0,0,0,0,0,0,0,0.0125001562519531,0,0,0,0,0,0,0,0,0,0.0125001562519531,0,0,0,0,0,0,0,0,0,0,0,0,0,0,0,0.0125001562519531,0,0,0,0,0,0,0,0,0,0,0,0.0125001562519531,0,0,0,0,0,0,0,0,0,0,0,0.0125001562519531,0.0125001562519531,0,0,0,0,0,0,0,0,0,0,0,0,0,0,0,0,0,0.0125001562519531,0,0,0,0,0,0,0,0,0,0,0,0,0,0.0125001562519531,0,0,0,0,0,0,0,0,0,0,0,0,0,0,0,0,0,0,0,0,0,0,0,0,0,0,0,0,0,0,0,0.0125001562519531,0,0,0,0,0,0,0,0.0125001562519531,0,0,0,0,0,0,0,0,0,0,0,0,0,0,0,0,0,0,0.500006250078126,0,0,0,0,0,0,0,0,0,0,0,0.0125001562519531,0,0,0,0,0,0,0,0,0,0,0,0,0.0125001562519531,0,0,0,0,0,0,0,0,0,0.0125001562519531,0,0,0,0,0,0,0,0,0,0,0.0125001562519531,0,0,0,0,0.0125001562519531,0.0125001562519531,0,0,0,0,0,0,0,0,0,0,0,0,0,0,0,0,0,0,0,0,0,0,0,0,0,0,0,0,0,0,0,0,0,0,0,0.0125001562519531,0,0,0,0,0,0,0,0,0,0,0,0,0,0,0,0,0,0.0125001562519531,0,0,0,0,0,0,0,0,0,0,0,0,0,0.0125001562519531,0,0,0,0,0,0,0,0,0,0,0,0,0,0,0,0.0125001562519531,0,0,0.0125001562519531,0,0,0,0.0125001562519531,0,0,0.0125001562519531,0,0,0,0,0,0
9,0,0,0,0,0,0,0,0,0,0,0,0,0,0.00917431192660551,0,0,0,0,0,0,0,0,0,0,0,0,0,0.00917431192660551,0,0,0,0,0,0,0,0,0,0,0,0,0,0,0,0.36697247706422,0,0,0,0.00917431192660551,0,0,0,0,0,0.00917431192660551,0,0,0,0,0,0,0,0,0,0,0,0,0,0,0,0,0,0,0,0,0,0,0,0,0,0,0,0,0,0,0,0,0,0,0,0,0,0,0,0,0,0,0,0,0,0,0,0,0,0,0,0,0,0,0,0,0,0,0.00917431192660551,0,0,0,0,0,0,0,0,0,0,0,0,0,0,0.00917431192660551,0,0,0,0,0,0,0,0,0,0,0,0,0,0,0,0,0,0,0,0,0,0,0,0,0,0,0,0,0,0,0,0,0,0,0,0,0,0,0,0,0,0,0,0.00917431192660551,0,0,0,0,0,0,0,0,0,0,0,0.00917431192660551,0,0,0,0,0,0,0.00917431192660551,0,0,0,0,0,0,0,0,0,0,0,0,0,0,0,0.00917431192660551,0,0,0,0,0,0,0.00917431192660551,0,0,0,0,0,0,0,0,0,0,0,0,0,0,0.00917431192660551,0,0,0,0,0,0,0,0,0,0,0,0,0,0,0,0,0,0,0,0,0,0,0.00917431192660551,0,0,0,0,0,0,0,0.00917431192660551,0.00917431192660551,0,0,0,0,0,0,0,0.00917431192660551,0,0,0,0,0,0,0,0,0,0,0,0,0,0,0,0,0,0,0,0,0,0,0,0,0,0,0,0,0,0,0,0,0,0,0,0,0,0,0,0,0,0,0,0.36697247706422,0,0,0,0,0,0.00917431192660551,0,0,0,0,0,0,0,0,0,0,0,0,0,0,0,0,0,0,0,0.00917431192660551,0.00917431192660551,0,0,0,0,0,0,0,0,0,0,0,0,0,0,0,0,0,0,0,0,0,0,0,0,0,0,0,0,0,0,0,0,0,0.00917431192660551,0,0,0,0,0,0,0,0,0,0,0,0,0,0,0,0,0,0,0,0.00917431192660551,0,0,0,0.00917431192660551,0,0,0,0,0,0,0,0,0,0,0.00917431192660551,0,0,0,0,0,0,0.00917431192660551,0,0.00917431192660551,0,0,0,0,0,0,0,0,0,0.00917431192660551,0,0,0,0,0,0,0,0,0,0,0,0
10,0,0,0,0,0.00819947687337548,0,0,0,0.00819947687337548,0,0,0,0,0.327979074935019,0,0,0,0,0,0,0,0,0,0,0,0,0,0,0,0,0.00819947687337548,0,0,0,0,0,0.00819947687337548,0,0,0,0,0,0,0,0,0,0,0,0,0,0,0,0,0,0,0,0,0,0,0,0,0,0,0,0,0,0,0.00819947687337548,0,0,0,0,0,0,0,0,0,0,0,0,0.00819947687337548,0,0,0,0,0,0,0,0,0,0,0,0,0,0,0,0,0,0,0,0,0,0,0,0,0,0.00819947687337548,0,0,0,0,0,0,0,0,0,0,0.00819947687337548,0,0,0,0,0,0,0,0,0,0,0,0,0,0,0,0,0,0,0,0,0,0,0,0,0,0,0,0,0,0,0,0,0,0,0,0,0,0.00819947687337548,0,0,0,0,0,0,0,0.00819947687337548,0,0,0,0,0.00819947687337548,0,0,0,0,0,0,0,0,0,0,0,0,0,0,0,0.00819947687337548,0,0,0,0,0,0.00819947687337548,0,0,0,0,0.00819947687337548,0.00819947687337548,0,0,0,0,0,0,0,0,0.00819947687337548,0,0,0,0,0,0,0,0,0,0,0,0,0,0.00819947687337548,0,0,0,0,0,0,0,0,0,0,0,0,0,0,0,0,0,0,0,0,0,0,0,0,0,0,0,0,0,0,0,0,0,0,0.0409973843668774,0,0,0,0,0,0,0,0,0,0,0,0.00819947687337548,0,0,0,0,0,0,0,0.00819947687337548,0,0,0,0,0,0,0,0,0.00819947687337548,0,0,0,0,0,0,0,0,0,0,0,0,0,0,0.00819947687337548,0,0,0,0,0,0,0,0,0,0.00819947687337548,0,0,0,0,0,0.00819947687337548,0,0,0,0,0,0,0,0.0163907542698776,0,0,0,0,0,0,0,0,0,0,0,0,0,0,0,0.00819947687337548,0,0,0,0,0,0,0,0,0,0,0,0,0,0,0,0,0,0,0,0,0,0,0,0,0,0,0,0,0,0,0,0,0,0,0,0,0,0,0,0,0.00819947687337548,0,0,0.00819947687337548,0,0.00819947687337548,0,0,0,0,0,0,0,0,0.33585057273346,0,0,0,0,0,0,0,0,0,0,0,0,0.00819947687337548,0.00819947687337548,0,0,0,0,0,0,0,0,0,0,0,0,0,0,0,0,0,0,0,0,0,0,0,0,0,0,0,0,0,0,0,0
11,0,0,0,0,0,0,0,0,0,0,0,0,0,0.00961538461538462,0,0,0,0,0,0,0,0,0,0,0,0,0,0,0,0,0,0,0,0,0,0,0,0,0,0,0,0,0,0.00961538461538462,0,0,0,0,0,0,0,0,0,0.00961538461538462,0,0.00961538461538462,0,0,0,0,0,0,0,0,0,0,0,0,0,0,0,0,0,0,0,0,0,0,0,0,0,0,0,0,0,0,0,0,0,0,0,0,0,0,0,0,0,0,0,0,0,0,0,0,0,0,0,0,0,0,0,0,0.00961538461538462,0,0,0,0,0,0,0,0,0,0,0,0,0,0,0,0,0,0,0,0,0,0,0,0,0,0,0,0,0,0,0,0,0,0,0,0,0,0,0,0,0,0,0,0,0,0,0,0,0,0,0,0,0,0,0,0,0,0,0.00961538461538462,0,0,0,0,0,0,0,0,0,0,0,0.00961538461538462,0,0,0,0,0,0,0,0,0,0,0,0,0,0,0,0,0,0,0,0,0,0,0,0,0,0,0,0,0,0,0,0,0,0,0,0,0,0,0,0,0,0.00961538461538462,0,0,0,0,0,0,0,0,0,0,0,0,0,0,0,0,0,0,0,0,0,0,0,0,0,0,0,0,0,0,0,0,0,0,0.00961538461538462,0,0,0,0,0,0,0,0,0,0,0,0.00961538461538462,0,0,0,0,0,0,0,0,0,0,0.00961538461538462,0,0,0,0.384615384615385,0,0,0,0,0,0,0,0,0,0,0,0,0,0,0,0,0,0,0,0,0,0,0,0,0.384615384615385,0,0,0,0,0,0,0,0,0,0,0,0,0,0,0,0,0,0,0,0,0,0,0,0,0,0,0.0480769230769231,0,0,0,0,0,0,0,0,0,0,0,0,0,0,0,0,0,0,0,0,0,0,0.00961538461538462,0,0,0,0,0,0,0,0,0,0,0.00961538461538462,0,0,0,0,0,0,0,0,0,0,0,0,0,0,0,0,0,0,0,0,0,0,0,0,0,0,0,0,0,0,0,0,0,0.00961538461538462,0.00961538461538462,0,0,0,0,0,0,0.00961538461538462,0,0,0,0,0,0,0,0,0,0,0,0,0,0,0.00961538461538462,0,0,0,0,0,0,0,0,0
12,0,0,0,0,0.0142857142857143,0,0,0,0,0,0,0,0,0.0142857142857143,0,0,0,0,0,0,0,0,0,0,0,0,0,0,0,0,0,0,0,0,0,0,0,0,0,0,0,0,0,0.0714285714285714,0,0,0,0,0,0,0,0,0,0.0142857142857143,0,0,0,0,0,0,0,0,0,0,0,0,0,0,0,0,0,0,0,0,0,0,0,0,0,0,0,0,0,0,0,0,0,0,0,0,0,0,0,0,0,0,0,0,0,0,0,0,0,0,0,0,0,0,0,0,0,0,0.0142857142857143,0,0,0,0,0,0,0,0,0,0,0,0,0,0,0,0,0,0,0,0,0,0,0,0,0,0,0,0,0.0142857142857143,0,0,0,0.0142857142857143,0.0142857142857143,0,0,0,0,0,0,0,0,0.0142857142857143,0,0,0,0,0,0,0,0,0,0,0,0,0,0,0,0,0,0,0,0,0,0,0,0,0,0,0,0,0,0,0,0,0,0,0,0,0,0,0,0,0,0,0,0,0,0,0,0,0,0,0,0.0142857142857143,0,0,0,0,0,0,0,0,0,0,0,0,0,0,0,0,0,0,0,0,0.0142857142857143,0,0,0,0,0,0,0,0,0,0,0,0,0,0,0,0,0,0,0.0142857142857143,0,0,0,0.0142857142857143,0,0,0,0,0,0,0,0,0,0,0,0,0,0,0,0,0,0,0,0,0,0,0,0,0,0,0,0,0,0,0,0,0,0,0,0.0142857142857143,0,0,0,0,0,0,0,0,0,0,0,0,0,0,0.0714285714285714,0,0,0,0,0,0,0,0,0,0,0,0,0,0,0.0142857142857143,0,0,0,0,0.0142857142857143,0,0,0,0,0,0,0,0,0,0,0,0,0,0,0,0,0.0142857142857143,0,0,0,0,0,0,0,0,0,0,0,0,0,0,0,0,0,0,0,0,0,0,0,0,0,0,0,0,0,0,0,0,0,0.0142857142857143,0,0,0,0,0,0,0,0,0,0,0,0,0,0,0,0,0,0,0,0.571428571428571,0,0,0,0,0,0,0,0,0,0,0,0,0,0,0.0142857142857143,0,0,0,0,0,0,0,0,0,0,0,0,0,0,0,0,0,0,0.0142857142857143,0,0,0,0,0,0,0,0,0,0,0,0
13,0,0,0,0,0,0,0,0,0,0,0,0,0,0.0161290322580645,0,0,0,0,0,0,0,0,0,0,0,0,0,0,0,0,0,0,0,0,0,0,0,0,0,0,0,0,0,0,0,0,0,0.0161290322580645,0,0,0,0,0,0.0161290322580645,0,0,0,0,0,0,0,0,0,0,0,0,0,0,0,0,0,0,0,0.0161290322580645,0,0,0,0,0,0,0,0,0,0,0,0,0,0,0,0,0,0,0,0,0,0,0,0,0,0,0,0,0,0,0,0,0,0,0,0,0,0,0.0161290322580645,0,0,0,0,0.0161290322580645,0,0,0,0,0,0,0,0,0,0,0,0,0,0,0,0.0161290322580645,0,0,0,0,0,0,0,0.0161290322580645,0,0,0,0,0,0,0,0,0,0,0,0,0,0,0,0,0,0,0,0,0,0,0,0,0,0,0,0,0,0,0,0,0,0,0,0,0,0,0,0,0,0,0.0161290322580645,0,0,0,0,0,0,0,0,0,0,0,0,0,0,0,0,0,0,0,0,0,0,0,0,0,0,0,0,0,0,0,0,0,0,0,0,0,0,0,0,0,0,0,0.0161290322580645,0,0,0,0,0,0,0,0,0,0,0,0.0161290322580645,0,0,0,0,0,0,0,0,0,0,0.0161290322580645,0,0,0,0,0,0,0,0,0,0,0,0,0,0,0,0,0,0,0,0,0,0,0,0,0,0,0,0,0,0,0,0,0,0,0,0.645161290322581,0,0,0,0,0,0,0,0,0,0,0,0.0161290322580645,0,0,0,0,0,0,0,0,0,0,0,0,0.0161290322580645,0,0,0,0,0,0,0,0,0,0,0,0,0,0,0,0,0,0,0,0,0,0,0,0,0,0.0161290322580645,0.0161290322580645,0,0,0,0,0,0,0,0,0,0,0,0,0,0,0,0,0,0,0,0,0,0,0,0,0,0,0,0,0,0,0,0,0,0,0,0,0,0.0161290322580645,0,0,0,0,0.0161290322580645,0,0,0,0,0,0,0,0,0,0,0.0161290322580645,0,0,0,0,0,0,0,0,0,0,0,0,0,0,0.0161290322580645,0,0,0,0,0,0,0,0,0,0,0,0,0,0,0,0,0,0,0,0,0,0,0,0,0.0161290322580645,0,0,0,0,0,0
14,0,0,0,0,0.198099198569882,0,0,0,0.00495247996424706,0,0,0,0,0.198099198569882,0,0,0,0,0,0,0,0,0,0,0,0,0,0,0,0,0,0,0,0,0,0,0.00495247996424706,0,0,0,0,0,0,0.00495247996424706,0,0,0,0,0,0,0,0,0,0,0,0,0,0,0,0,0,0,0,0,0,0,0,0,0,0,0,0,0,0,0,0,0,0,0,0,0.00495247996424706,0,0,0,0,0,0,0,0,0,0,0,0,0,0,0,0,0,0,0,0,0,0,0,0,0,0,0,0,0,0,0,0,0,0,0,0,0.00495247996424706,0,0,0,0,0,0,0,0,0,0,0,0,0,0,0,0.00495247996424706,0,0,0,0,0,0,0,0,0,0,0,0,0.00495247996424706,0,0,0,0,0,0,0,0,0.00495247996424706,0,0,0,0,0,0,0,0.00495247996424706,0,0,0,0,0,0,0,0,0,0.00495247996424706,0,0,0,0,0,0,0,0,0,0,0.00495247996424706,0,0,0,0,0,0,0,0,0,0,0.00495247996424706,0.00495247996424706,0,0,0,0,0,0,0,0,0,0,0,0,0,0,0,0,0,0,0,0,0,0,0.00495247996424706,0,0,0,0,0,0,0,0,0.00495247996424706,0,0,0,0,0,0,0,0,0,0,0,0,0,0,0,0,0,0,0,0,0,0,0,0,0,0.00495247996424706,0,0,0,0,0,0,0,0,0,0,0.0247623998212353,0.00495247996424706,0,0,0,0,0,0,0,0.00495247996424706,0,0,0,0,0,0,0,0,0.00495247996424706,0,0,0,0,0,0,0,0,0,0,0,0,0,0,0.00495247996424706,0,0,0,0.198099198569882,0,0,0,0,0,0,0,0,0,0,0,0.00495247996424706,0,0,0,0,0,0,0,0.00495247996424706,0,0,0.00495247996424706,0,0,0,0,0,0,0,0,0,0,0,0,0.00495247996424706,0,0,0,0,0,0,0,0,0,0,0,0,0,0,0,0,0,0,0,0,0,0,0,0,0,0,0,0,0,0,0,0,0,0,0,0,0.00495247996424706,0,0,0,0.00495247996424706,0,0,0.00495247996424706,0,0,0,0,0,0,0,0,0,0,0.207603205720471,0,0,0,0,0,0,0,0,0,0,0,0,0.00495247996424706,0.0247623998212353,0,0,0,0,0,0,0,0,0,0,0,0,0,0,0,0,0,0,0,0,0,0,0,0,0,0,0,0,0,0,0,0
15,0,0,0,0,0.00662427133015368,0,0.00662427133015368,0,0.00662427133015368,0,0,0,0,0.00662427133015368,0.00662427133015368,0,0.00662427133015368,0,0,0,0,0,0,0,0,0,0,0.00662427133015368,0,0.00662427133015368,0.00662427133015368,0,0.00662427133015368,0,0.00662427133015368,0,0.00662427133015368,0,0,0,0,0,0,0.271330153683095,0,0,0,0,0,0,0.00662427133015368,0,0,0.00662427133015368,0,0,0,0,0,0,0,0,0,0,0,0,0,0,0.00662427133015368,0,0,0,0,0,0,0,0,0,0.00662427133015368,0,0,0,0,0,0,0,0,0,0,0.00662427133015368,0,0,0.00662427133015368,0.00662427133015368,0.00662427133015368,0,0,0,0,0,0,0,0.00662427133015368,0,0.00662427133015368,0,0,0,0.00662427133015368,0,0,0,0.00662427133015368,0.00662427133015368,0,0,0,0,0,0,0,0.00662427133015368,0,0,0,0.00662427133015368,0,0,0.00662427133015368,0,0,0,0,0.00662427133015368,0,0,0,0.00662427133015368,0.00662427133015368,0.00662427133015368,0,0.00662427133015368,0,0,0,0,0.00662427133015368,0,0,0,0.00662427133015368,0,0,0,0,0.00662427133015368,0,0,0.00662427133015368,0,0,0,0.00662427133015368,0.00662427133015368,0,0,0,0,0,0,0,0.00662427133015368,0,0.00662427133015368,0,0,0,0,0,0,0,0,0,0.00662427133015368,0.00662427133015368,0,0,0.00662427133015368,0,0,0,0,0,0,0,0.00662427133015368,0.00662427133015368,0,0,0,0,0,0.00662427133015368,0,0,0,0.00662427133015368,0.00662427133015368,0,0,0,0,0,0,0.00662427133015368,0,0,0,0,0,0,0,0,0,0,0,0,0,0.00662427133015368,0,0,0,0,0.00662427133015368,0,0,0.00662427133015368,0,0,0,0.00662427133015368,0,0,0,0,0,0,0.00662427133015368,0,0,0,0,0.00662427133015368,0,0,0,0,0,0,0.00662427133015368,0.00662427133015368,0,0,0,0,0.00662427133015368,0.00662427133015368,0,0,0,0,0,0.00662427133015368,0,0,0,0,0.00662427133015368,0,0,0,0.00662427133015368,0,0,0,0.00662427133015368,0,0,0.00662427133015368,0.00662427133015368,0.00662427133015368,0,0,0,0,0,0.00662427133015368,0,0.00662427133015368,0,0.00662427133015368,0,0.00662427133015368,0,0,0.00662427133015368,0,0.00662427133015368,0,0,0,0,0,0,0.00662427133015368,0,0,0,0,0.00662427133015368,0,0,0.00662427133015368,0,0,0.00662427133015368,0,0,0,0,0,0,0,0,0,0,0.00662427133015368,0,0,0.00662427133015368,0.00662427133015368,0,0,0,0,0.00662427133015368,0,0,0,0,0.00662427133015368,0,0,0,0,0,0,0,0,0,0,0,0.00662427133015368,0,0,0,0.00662427133015368,0,0,0,0,0.00662427133015368,0,0.00662427133015368,0.00662427133015368,0.00662427133015368,0,0,0.00662427133015368,0,0,0,0.00662427133015368,0,0,0,0,0,0,0.00662427133015368,0,0,0,0.00662427133015368,0,0.00662427133015368,0,0,0.00662427133015368,0.00662427133015368,0.00662427133015368,0.00662427133015368,0.00662427133015368,0,0.00662427133015368,0,0,0.00662427133015368,0,0,0,0,0,0,0,0.00662427133015368,0,0.00662427133015368,0,0,0,0,0,0,0,0,0,0,0,0,0.00662427133015368,0.00662427133015368,0,0,0,0,0,0,0,0
16,0,0,0,0,0.0390625,0,0,0,0.0078125,0,0,0,0.0078125,0.0390625,0,0,0,0,0,0,0,0,0,0,0,0,0,0.0078125,0,0,0.0078125,0,0,0,0,0,0.0078125,0,0,0,0,0,0,0,0,0,0,0,0,0,0,0,0,0,0,0,0,0,0,0,0,0,0.0078125,0,0,0,0,0,0,0,0,0,0,0,0,0,0,0,0,0,0.3125,0,0,0,0,0,0,0,0,0,0,0,0,0,0,0,0,0,0,0,0,0,0,0,0,0,0,0,0,0,0,0,0,0,0,0,0,0.0078125,0,0,0,0,0,0,0,0,0,0.0078125,0,0,0,0,0,0.0078125,0,0,0,0,0,0,0,0,0,0,0,0,0,0,0,0,0,0,0,0,0,0,0,0,0,0,0,0,0,0,0,0,0,0,0,0,0,0,0,0.0078125,0,0,0,0,0,0,0,0,0,0,0.0078125,0,0,0,0,0,0,0,0,0,0,0,0,0.0078125,0,0,0,0,0,0,0,0.0078125,0,0,0,0,0,0,0,0,0,0,0,0,0,0,0,0,0,0,0,0,0,0,0.0078125,0,0,0,0,0,0,0,0,0,0,0,0.0078125,0,0,0,0,0,0,0,0,0,0,0,0,0,0,0,0,0,0,0,0,0,0,0,0,0.0390625,0.0078125,0,0,0,0,0,0,0,0.0078125,0,0,0,0,0,0,0,0,0,0,0,0,0,0,0,0,0,0,0,0,0,0,0,0.0078125,0,0,0,0,0,0,0,0,0,0.0078125,0,0,0,0,0,0.0078125,0,0,0,0,0,0,0,0.3125,0,0,0.0078125,0,0,0,0,0,0,0,0,0,0,0,0,0,0,0,0,0,0,0,0,0,0,0,0,0,0,0,0,0,0,0,0.0078125,0,0,0,0,0,0,0,0,0,0,0,0,0,0,0,0,0,0.0078125,0,0,0,0,0,0,0.0078125,0,0,0,0,0,0,0,0,0,0,0,0,0,0,0,0,0,0,0,0,0,0,0,0.0390625,0,0,0,0,0,0,0,0,0,0,0,0,0,0,0.0078125,0,0,0,0,0,0,0,0,0,0,0,0,0.0078125,0,0,0,0,0
17,0,0,0,0,0,0,0,0,0.0158730158730159,0,0,0,0,0.0158730158730159,0,0,0,0,0,0,0,0,0,0,0,0,0.0158730158730159,0,0,0,0,0,0,0,0,0,0.0158730158730159,0,0,0,0,0,0,0.0158730158730159,0,0,0,0,0,0,0,0,0,0,0,0,0,0,0,0,0,0,0,0,0,0,0,0,0,0,0,0,0,0,0,0,0,0,0,0,0.0158730158730159,0,0,0,0,0,0,0,0,0,0,0,0,0,0,0,0,0,0,0,0,0,0,0,0,0,0,0,0,0,0,0,0,0,0,0,0,0.0158730158730159,0,0,0,0,0,0,0,0,0,0,0,0,0,0,0,0,0,0,0,0,0,0,0,0,0,0,0,0,0.0158730158730159,0,0,0,0,0,0,0,0,0,0,0,0,0,0,0,0,0,0,0,0,0,0,0,0,0,0,0,0,0,0,0,0,0,0,0,0,0,0,0,0,0,0,0,0,0,0,0,0,0.0158730158730159,0,0,0,0,0,0,0,0,0,0,0,0,0,0,0,0,0,0,0,0,0,0,0,0,0,0,0,0,0,0,0,0,0,0,0,0,0,0,0,0,0,0,0,0,0,0,0,0,0,0,0,0,0,0,0,0,0,0,0,0,0,0,0,0,0,0,0,0,0,0.0158730158730159,0.0158730158730159,0,0,0,0,0,0,0.0793650793650794,0,0,0,0,0,0,0,0,0,0.634920634920635,0,0,0,0.0158730158730159,0,0,0,0,0,0,0,0,0,0,0,0,0,0,0,0,0,0,0,0,0.0158730158730159,0,0,0,0,0,0.0158730158730159,0,0,0,0,0,0,0,0,0,0,0.0158730158730159,0,0,0,0,0,0,0,0,0,0,0,0,0,0,0,0,0,0,0,0,0,0,0,0,0,0,0,0,0,0,0,0,0,0,0,0,0,0,0,0,0,0,0,0,0,0,0,0,0,0.0158730158730159,0,0,0,0,0,0,0,0,0.0158730158730159,0,0,0,0,0,0,0,0,0.0158730158730159,0,0,0,0,0,0,0,0,0,0,0,0,0,0,0,0,0,0,0,0,0,0,0,0,0,0,0,0,0,0,0,0,0,0,0,0,0,0,0,0,0,0,0,0,0,0
18,0,0,0,0,0.00925925925925926,0,0,0,0.00925925925925926,0,0,0,0.00925925925925926,0.00925925925925926,0,0,0,0,0,0,0,0,0,0,0,0,0,0,0,0,0.00925925925925926,0,0,0,0,0,0.00925925925925926,0,0,0,0,0,0,0,0,0,0,0,0,0,0,0,0,0,0,0,0,0,0,0,0,0,0,0,0,0,0,0,0,0,0,0,0,0,0,0,0,0,0,0,0,0,0,0,0,0,0,0,0,0,0,0,0,0,0,0,0,0,0,0,0,0,0,0,0,0,0,0,0,0,0,0,0,0,0,0,0,0.00925925925925926,0,0,0,0,0,0,0,0,0,0,0,0,0,0,0,0,0,0,0,0,0.00925925925925926,0,0,0,0,0,0,0,0,0,0,0,0,0,0,0,0,0,0,0,0,0,0,0,0,0,0,0,0,0,0,0,0,0,0,0,0,0,0,0,0,0,0,0,0,0,0.00925925925925926,0,0,0,0,0,0,0,0,0,0,0,0.00925925925925926,0,0,0,0,0,0,0,0,0.00925925925925926,0,0,0,0,0,0,0,0,0,0,0,0,0,0.00925925925925926,0,0,0,0,0,0,0,0,0,0,0,0,0,0,0,0,0,0,0,0,0,0,0,0,0,0,0,0,0,0,0,0,0,0,0.37037037037037,0,0,0,0,0,0,0,0,0,0,0.00925925925925926,0.00925925925925926,0,0,0,0,0,0,0,0,0,0,0,0,0,0,0,0,0,0,0,0,0,0,0,0,0,0,0,0,0,0,0,0,0,0,0,0,0,0,0,0,0,0.00925925925925926,0,0,0,0,0,0.00925925925925926,0,0,0,0,0,0,0,0.00925925925925926,0,0,0,0,0,0,0,0,0,0,0,0,0,0,0,0.00925925925925926,0,0,0,0,0,0,0,0,0,0,0,0,0,0,0,0,0,0,0,0,0,0,0,0,0,0,0,0,0,0,0,0,0,0,0,0,0,0,0,0,0.00925925925925926,0,0,0,0,0.00925925925925926,0,0,0,0,0,0,0,0,0.37037037037037,0,0,0,0,0,0,0,0,0,0,0,0.00925925925925926,0.00925925925925926,0.0462962962962963,0,0,0,0,0,0,0,0,0,0,0,0,0,0,0,0,0,0,0,0,0,0,0,0,0,0,0,0,0,0,0,0
19,0,0,0,0,0,0,0,0,0,0,0,0,0,0,0,0.0116279069767442,0,0,0,0,0,0,0,0,0,0,0,0,0.0116279069767442,0.0116279069767442,0,0,0,0,0,0,0,0,0,0,0,0,0,0,0,0,0,0,0,0,0,0,0,0,0,0.0116279069767442,0,0,0,0,0,0,0,0,0,0,0.0116279069767442,0,0,0,0,0,0,0,0,0.0116279069767442,0,0,0,0,0,0,0,0,0,0,0,0,0,0,0,0,0,0,0,0,0,0,0,0,0.0116279069767442,0,0,0,0,0,0,0,0,0,0,0,0.0116279069767442,0,0,0,0,0,0,0,0,0,0,0,0,0,0,0,0,0,0.0116279069767442,0,0,0.0116279069767442,0,0,0,0,0.0116279069767442,0,0,0,0,0,0,0,0,0,0,0,0,0,0,0,0,0,0,0,0,0,0,0,0,0,0,0,0,0,0,0,0,0.0116279069767442,0,0,0,0,0,0,0,0,0,0,0,0.0116279069767442,0,0,0,0.0116279069767442,0,0,0,0,0,0,0,0,0,0,0,0,0,0,0,0,0,0,0,0,0,0,0,0,0,0.0116279069767442,0,0.0116279069767442,0,0,0,0,0,0,0,0,0,0,0,0,0,0,0,0.0116279069767442,0,0,0,0,0,0,0,0,0,0,0,0.0116279069767442,0,0,0,0,0,0,0,0.0116279069767442,0,0,0,0,0,0,0,0.0116279069767442,0,0,0,0,0,0,0,0,0,0,0,0,0.0116279069767442,0,0,0,0,0,0,0,0,0,0,0.0116279069767442,0,0,0.0116279069767442,0.465116279069767,0,0,0,0.0116279069767442,0,0,0,0,0,0,0,0.0116279069767442,0,0,0.0116279069767442,0,0,0,0,0,0,0,0,0,0,0,0,0,0.0116279069767442,0,0,0,0,0,0.0116279069767442,0,0,0,0,0,0,0,0,0,0,0,0,0,0,0,0.0116279069767442,0.0116279069767442,0,0.0116279069767442,0,0,0,0,0,0,0,0,0,0,0,0,0,0,0,0,0,0,0,0,0,0,0,0.0116279069767442,0,0,0,0.0116279069767442,0,0.0116279069767442,0,0.0116279069767442,0,0.0116279069767442,0,0,0,0,0,0.0116279069767442,0,0,0,0,0,0,0,0,0,0,0,0.0116279069767442,0,0,0,0,0,0,0,0,0,0,0,0,0,0,0,0,0,0,0,0,0,0,0,0,0,0,0,0,0,0,0,0,0,0,0,0,0.0116279069767442,0,0,0,0,0,0,0.0116279069767442,0,0
20,0,0,0,0,0,0,0,0,0,0,0,0,0,0,0,0,0.0062111801242236,0,0,0,0,0,0,0,0,0,0,0,0,0,0,0,0,0,0,0,0,0,0,0,0,0,0,0.0062111801242236,0,0,0,0,0,0,0,0,0,0.0062111801242236,0,0,0,0,0,0,0,0,0,0,0,0,0,0,0,0,0,0,0,0,0,0.0062111801242236,0,0,0,0.0062111801242236,0,0,0,0,0,0,0,0,0,0,0,0,0,0,0,0,0,0,0.0062111801242236,0,0.0062111801242236,0,0,0,0,0,0,0,0,0,0,0,0.248447204968944,0,0,0,0,0,0,0,0,0,0,0,0,0,0,0,0,0,0,0,0.0062111801242236,0.0062111801242236,0,0,0,0,0.0062111801242236,0,0,0,0,0,0,0,0,0,0,0,0,0,0,0,0,0,0,0,0,0,0,0,0,0,0,0,0,0,0,0,0,0.0062111801242236,0,0,0,0,0,0,0,0,0,0,0,0.0062111801242236,0,0,0,0,0,0,0,0,0,0,0,0,0,0,0,0,0,0,0,0,0,0,0,0,0,0,0,0,0,0.0062111801242236,0.0062111801242236,0,0,0,0,0,0,0,0,0,0,0,0,0,0,0,0,0,0,0,0,0,0,0.0062111801242236,0,0,0,0,0,0.0062111801242236,0.0062111801242236,0,0,0,0,0,0,0.0062111801242236,0,0,0,0,0,0.0062111801242236,0,0,0.0062111801242236,0,0,0,0,0,0,0,0,0,0,0,0.0062111801242236,0.0062111801242236,0,0,0,0,0,0,0,0,0,0.0062111801242236,0,0.0062111801242236,0,0.248447204968944,0,0,0,0.0062111801242236,0,0,0,0,0,0,0,0.0062111801242236,0,0,0,0,0,0,0,0,0,0,0,0,0.248447204968944,0,0,0,0.0062111801242236,0,0,0,0,0,0,0,0,0,0,0,0,0,0,0,0,0,0,0,0,0,0.0062111801242236,0.0062111801242236,0,0.0062111801242236,0,0,0,0,0,0,0,0,0,0,0,0,0,0,0,0,0,0,0,0,0,0,0,0.0062111801242236,0,0,0,0,0,0,0,0.0062111801242236,0,0,0,0,0,0,0,0,0,0,0,0,0,0,0,0,0,0,0,0,0,0,0,0,0,0,0,0,0,0,0,0,0,0,0.0062111801242236,0,0,0,0,0,0,0.0062111801242236,0,0.0062111801242236,0,0,0,0,0,0,0,0,0,0,0,0,0.0062111801242236,0,0,0,0,0,0,0.0062111801242236,0,0
21,0,0,0,0,0,0,0,0,0,0,0,0,0,0,0,0,0,0,0,0,0,0,0,0,0,0,0,0,0,0,0,0,0,0,0,0,0,0,0,0,0,0,0,0,0,0,0,0,0,0,0,0,0,0.00633071663712332,0,0,0,0,0,0,0,0,0,0,0,0,0,0,0,0,0,0,0,0,0,0,0,0,0,0.00633071663712332,0,0,0,0,0,0,0,0,0,0,0,0,0,0,0,0,0,0,0.00633071663712332,0,0,0,0,0,0,0,0,0,0,0,0,0,0.00633071663712332,0,0,0,0,0.00633071663712332,0,0,0,0,0,0,0,0,0,0,0,0,0,0,0,0.00633071663712332,0,0,0,0,0,0,0,0,0,0,0,0,0,0,0,0,0,0,0,0,0,0,0,0,0,0,0,0,0,0,0,0,0,0,0,0,0,0.00633071663712332,0,0,0,0,0,0,0,0,0,0,0,0,0,0,0,0,0,0,0,0,0,0,0,0,0,0,0.00633071663712332,0,0,0,0,0,0,0,0,0,0,0,0,0,0,0,0,0,0,0,0,0,0,0,0,0,0,0,0,0,0,0,0,0,0,0,0,0,0,0.00633071663712332,0,0,0,0,0,0.00633071663712332,0,0,0,0,0,0,0,0.00633071663712332,0,0,0,0,0,0,0,0.00633071663712332,0,0,0,0,0,0,0,0.00633071663712332,0,0,0,0,0.00633071663712332,0.0316535831856166,0,0,0,0,0,0,0,0,0,0.259306153456571,0,0,0,0.253228665484933,0,0,0,0,0,0,0,0,0,0,0,0.00633071663712332,0,0,0,0,0,0,0,0,0,0,0,0,0.00633071663712332,0,0,0,0,0,0,0,0,0,0.00633071663712332,0,0,0,0,0,0,0,0,0,0,0,0,0,0,0,0.253228665484933,0.0316535831856166,0,0,0,0,0,0,0,0,0,0,0,0,0,0,0,0,0,0.00633071663712332,0,0,0,0,0,0,0,0,0,0,0,0,0,0,0,0.00633071663712332,0,0.00633071663712332,0,0,0,0,0,0,0,0,0,0,0,0,0,0,0,0,0,0.00633071663712332,0,0,0,0,0,0,0,0,0,0,0,0,0,0,0.00633071663712332,0,0,0,0,0,0,0,0,0.00633071663712332,0,0,0,0,0,0,0,0,0,0,0,0,0.00633071663712332,0,0,0,0,0,0,0,0.00633071663712332,0
22,0,0,0,0,0.00806731366522262,0,0,0,0.00806731366522262,0,0,0,0.00806731366522262,0.00806731366522262,0,0,0,0,0,0,0,0,0,0,0,0,0,0.00806731366522262,0,0,0.00806731366522262,0,0,0,0,0,0.00806731366522262,0,0,0,0,0,0,0.330437167727518,0,0,0,0,0,0,0,0,0,0,0,0,0,0,0,0,0,0,0,0,0,0,0,0,0,0,0,0,0,0,0.00806731366522262,0,0,0,0,0,0.00806731366522262,0,0,0,0,0,0,0,0,0,0,0,0,0,0,0,0,0,0,0,0,0,0,0,0,0,0,0,0,0,0,0,0.00806731366522262,0,0,0,0,0,0,0,0,0,0,0,0,0,0,0,0.00806731366522262,0,0,0,0,0,0,0,0.00806731366522262,0,0,0,0,0,0,0,0,0,0.322692546608905,0,0,0,0,0,0,0,0,0.00806731366522262,0,0,0,0,0,0,0,0,0,0,0,0,0,0,0,0,0,0,0,0,0,0,0,0,0,0,0,0,0,0.00806731366522262,0,0,0,0,0,0,0,0,0,0.00806731366522262,0.00806731366522262,0,0,0,0,0,0,0,0,0,0,0,0,0,0,0,0,0,0,0,0,0,0,0.00806731366522262,0,0,0,0,0,0,0,0,0,0,0,0,0,0,0,0,0,0,0,0,0,0,0,0,0,0,0,0,0,0,0,0,0,0,0,0,0,0,0,0,0.00806731366522262,0,0,0,0,0.00806731366522262,0,0,0,0,0,0,0,0,0.00806731366522262,0,0,0,0,0,0,0,0,0.01612656001678,0,0,0,0,0,0,0,0,0,0,0,0,0,0,0.00806731366522262,0,0,0,0,0,0,0,0.00806731366522262,0,0.00806731366522262,0,0,0,0,0,0.00806731366522262,0,0,0,0,0,0,0,0.00806731366522262,0,0,0.00806731366522262,0,0,0.00806731366522262,0,0,0,0,0,0,0,0,0,0.00806731366522262,0.00806731366522262,0,0,0,0,0,0,0,0,0,0,0,0,0,0,0,0,0,0,0,0,0,0,0,0,0,0,0,0,0,0,0,0,0,0,0,0.01612656001678,0,0,0.00806731366522262,0,0,0,0.00806731366522262,0,0,0,0,0,0,0,0,0,0,0.01612656001678,0,0,0,0,0,0,0,0,0,0,0,0,0,0,0,0,0,0,0,0,0,0,0,0,0,0,0,0,0,0,0,0,0.00806731366522262,0.00806731366522262,0,0,0,0,0.00806731366522262,0,0.00806731366522262,0,0,0,0,0
23,0,0,0,0.00775199807750448,0.00775199807750448,0,0,0,0.00775199807750448,0,0,0,0.00775199807750448,0.310079923100179,0,0,0.00775199807750448,0,0,0,0,0,0,0,0,0,0,0.00775199807750448,0,0,0.00775199807750448,0,0,0,0,0,0.00775199807750448,0,0,0,0,0,0,0.310079923100179,0,0,0,0,0,0,0,0,0,0,0,0,0,0,0,0,0,0,0,0.00775199807750448,0,0,0,0,0,0,0,0,0,0,0,0,0,0,0,0,0.00775199807750448,0,0,0,0,0,0,0,0,0,0,0,0,0,0,0,0,0,0,0,0,0,0,0,0,0,0,0,0,0,0,0,0,0,0,0,0,0.00775199807750448,0,0,0,0,0,0,0,0.00775199807750448,0,0,0,0,0,0,0,0.00775199807750448,0,0,0,0,0,0,0,0,0,0,0,0,0.00775199807750448,0.00775199807750448,0,0,0,0,0,0,0,0.00775199807750448,0,0,0,0,0,0,0,0.00775199807750448,0,0,0,0,0,0,0,0.00775199807750448,0,0,0,0,0,0,0,0,0,0,0,0,0,0,0,0,0,0,0,0,0,0,0.00775199807750448,0.00775199807750448,0.00775199807750448,0,0,0,0,0,0,0,0,0,0,0,0,0,0,0,0,0,0,0,0,0,0,0,0,0.00775199807750448,0,0,0,0,0,0,0.00775199807750448,0,0,0,0,0,0,0,0,0,0,0,0.00775199807750448,0,0,0.00775199807750448,0,0,0,0,0,0,0,0,0,0,0,0,0,0,0,0,0,0,0,0,0,0.00775199807750448,0,0,0,0,0,0,0,0,0.00775199807750448,0,0,0,0,0,0,0,0,0,0,0,0,0,0,0,0,0,0,0.00775199807750448,0,0,0,0,0.00775199807750448,0,0,0,0.00775199807750448,0,0,0,0.00775199807750448,0,0.00775199807750448,0,0,0,0,0,0.00775199807750448,0,0,0,0,0,0,0,0.00775199807750448,0,0,0.00775199807750448,0,0,0,0,0,0,0,0,0,0,0,0,0.00775199807750448,0,0,0,0,0,0,0,0,0,0,0,0,0,0,0,0,0,0,0,0,0,0,0,0,0,0,0,0,0,0,0,0,0,0,0,0,0.00775199807750448,0,0,0.00775199807750448,0,0,0,0.00775199807750448,0,0,0,0,0,0,0,0,0,0,0.0154962441569314,0,0,0,0,0,0,0,0,0,0,0,0.00775199807750448,0.00775199807750448,0.00775199807750448,0,0,0,0,0,0,0,0.00775199807750448,0,0,0,0,0,0,0,0,0,0,0.00775199807750448,0,0,0,0,0,0,0,0.00775199807750448,0,0,0,0,0
24,0,0,0,0,0,0,0.00952390022762122,0,0,0,0,0,0,0,0,0,0,0,0,0,0,0,0,0,0,0,0,0,0.00952390022762122,0,0,0,0,0,0,0,0,0,0,0,0,0,0,0.00952390022762122,0,0,0,0,0,0,0,0,0,0,0,0.00952390022762122,0,0,0,0,0,0,0,0,0,0,0,0,0,0,0,0,0,0,0,0,0,0,0,0,0,0,0,0,0,0,0,0,0,0,0,0,0,0,0,0,0,0,0,0,0,0,0,0,0,0,0,0,0,0,0,0,0.00952390022762122,0,0,0,0,0,0,0,0,0,0,0,0,0,0,0,0,0,0,0,0,0,0,0,0,0,0,0,0,0,0,0,0,0,0,0,0,0,0,0,0,0,0,0.00952390022762122,0,0,0,0,0,0,0,0,0,0,0,0,0,0,0,0,0,0.00952390022762122,0,0,0,0,0,0,0,0,0,0,0,0,0,0,0,0,0,0,0,0,0,0,0,0,0,0,0,0,0,0,0,0,0,0,0,0,0,0,0,0.00952390022762122,0.00952390022762122,0,0,0,0,0,0,0,0,0,0,0,0,0,0,0,0,0,0,0,0,0,0,0,0,0,0.00952390022762122,0,0,0.00952390022762122,0,0,0,0,0,0,0,0,0,0,0,0,0,0,0,0,0,0,0,0,0,0,0,0,0,0,0,0,0,0,0,0,0,0,0,0,0,0,0,0.0190382765550148,0,0,0,0.380956009104849,0,0,0,0,0,0.00952390022762122,0,0,0,0,0,0,0,0,0.00952390022762122,0,0,0,0,0,0,0,0,0,0,0,0,0,0,0,0,0,0,0,0.00952390022762122,0,0,0,0,0,0,0,0,0,0,0,0,0,0,0,0.00952390022762122,0,0,0.00952390022762122,0,0,0,0,0,0,0,0,0,0,0,0,0,0,0,0,0,0,0,0,0,0,0,0,0,0,0,0,0,0,0,0.00952390022762122,0,0.00952390022762122,0,0,0,0,0,0,0,0,0,0,0,0,0,0,0,0,0,0,0,0,0,0,0,0,0,0,0,0,0,0,0,0,0.380956009104849,0,0,0,0,0,0.00952390022762122,0,0,0,0,0,0,0,0,0,0,0,0,0,0,0,0.00952390022762122,0,0,0,0,0,0,0,0,0
25,0,0,0,0,0.0117649827054754,0,0,0,0,0,0,0,0,0.0117649827054754,0,0,0,0,0,0,0,0,0,0,0,0,0,0,0,0,0,0,0,0,0,0,0.0117649827054754,0,0,0,0,0,0,0.0117649827054754,0,0,0,0.0117649827054754,0,0,0,0,0,0.0117649827054754,0,0,0,0,0,0,0,0,0,0,0,0,0,0,0,0,0,0,0,0,0,0,0,0,0,0.0117649827054754,0,0,0,0,0,0,0,0,0,0,0,0,0.0117649827054754,0,0,0.0117649827054754,0,0,0,0,0,0,0,0,0,0,0,0,0,0,0,0,0.0117649827054754,0,0,0,0,0,0,0,0,0,0,0,0,0,0,0,0,0,0,0,0,0.0117649827054754,0,0,0,0,0,0,0,0,0,0,0,0.0117649827054754,0.0117649827054754,0,0,0,0,0,0,0,0,0.0117649827054754,0,0,0,0,0,0,0,0,0,0,0,0,0,0,0,0.0117649827054754,0,0,0,0,0,0,0,0,0,0,0,0.0117649827054754,0,0,0,0,0,0,0.0117649827054754,0,0,0,0,0,0,0,0,0,0,0,0,0,0,0,0,0,0,0,0,0,0,0,0.0117649827054754,0,0,0,0,0,0,0,0,0,0,0,0,0,0.0117649827054754,0,0,0,0,0,0,0,0,0,0,0,0.0117649827054754,0,0,0.0117649827054754,0,0,0,0,0,0,0,0,0,0,0,0,0,0,0,0,0,0,0,0,0,0,0,0,0,0,0,0,0.0117649827054754,0,0,0,0,0,0,0,0,0,0,0.0235182004282454,0,0,0,0.470599308219017,0,0,0,0,0,0,0,0,0,0,0,0.0117649827054754,0,0,0,0,0,0,0,0,0,0,0,0,0,0,0,0,0,0.0117649827054754,0,0,0,0,0.0117649827054754,0,0,0,0,0,0,0,0,0,0,0,0,0,0,0,0,0.0117649827054754,0,0,0,0,0,0,0,0,0,0,0.0117649827054754,0,0,0,0,0,0,0.0117649827054754,0,0,0,0,0,0,0,0,0,0,0,0.0117649827054754,0,0,0,0,0,0.0117649827054754,0,0.0117649827054754,0,0,0,0,0,0,0,0,0,0,0,0,0,0,0,0.0235182004282454,0,0,0.0117649827054754,0,0,0,0,0,0,0,0,0,0,0,0,0,0,0,0,0,0,0.0117649827054754,0,0.0117649827054754,0,0,0,0,0,0,0,0,0,0,0,0,0.0117649827054754,0.0117649827054754,0,0,0,0,0,0.0117649827054754,0.0117649827054754,0
26,0,0,0,0,0.0136986301369863,0,0,0,0.0136986301369863,0.0136986301369863,0,0,0,0.0136986301369863,0,0,0,0,0,0,0,0,0,0,0,0,0,0,0,0,0,0,0,0,0,0,0.0136986301369863,0,0,0,0,0,0,0,0,0,0,0.0136986301369863,0.0136986301369863,0,0,0,0.0136986301369863,0,0,0,0,0,0,0,0,0,0.0136986301369863,0,0,0,0,0,0,0,0,0,0,0.0136986301369863,0,0,0,0,0,0,0.0136986301369863,0,0,0,0,0,0,0,0,0,0,0,0,0,0,0,0,0,0,0,0,0,0,0,0,0,0,0,0,0,0,0,0,0,0,0,0,0,0,0,0,0,0,0,0.0136986301369863,0,0,0,0,0,0,0,0,0,0,0,0,0,0,0,0,0,0,0,0,0.0136986301369863,0.0136986301369863,0,0,0,0,0,0,0,0,0,0,0,0,0,0,0,0,0,0,0,0,0,0,0,0,0,0,0,0,0,0,0,0,0,0,0,0,0,0.0136986301369863,0,0,0,0,0,0,0,0,0,0,0.0136986301369863,0.0136986301369863,0,0,0,0,0,0,0,0,0,0,0,0,0,0,0,0,0,0,0,0,0,0,0,0,0,0,0,0,0,0,0,0.0136986301369863,0,0,0,0,0,0,0,0,0,0,0,0,0,0,0,0,0,0,0,0,0,0,0,0,0,0,0,0,0,0,0,0,0,0,0,0,0.0136986301369863,0.0136986301369863,0,0,0,0,0,0,0,0.0136986301369863,0,0,0,0,0,0,0,0,0,0,0,0,0,0,0,0,0,0,0,0,0,0,0,0.0136986301369863,0,0,0,0,0,0,0,0,0,0,0,0,0,0,0,0.0136986301369863,0,0,0,0,0,0,0,0.547945205479452,0,0,0.0136986301369863,0,0,0,0,0,0,0,0,0,0,0,0,0,0,0,0,0,0,0,0,0,0,0,0,0,0,0,0,0,0,0,0,0,0,0,0,0,0,0,0,0,0,0,0,0,0,0,0,0,0,0,0,0,0.0136986301369863,0,0,0,0,0.0136986301369863,0,0,0,0,0,0,0,0,0.0136986301369863,0,0,0,0,0,0,0,0,0,0,0,0.0136986301369863,0.0136986301369863,0.0136986301369863,0,0,0,0,0,0,0,0,0,0,0,0,0,0,0,0,0,0,0,0,0,0,0,0,0,0,0.0136986301369863,0,0,0,0,0
27,0,0,0,0,0,0,0,0,0,0,0,0,0,0,0,0,0,0,0,0,0,0,0.701754385964912,0,0,0,0,0,0,0,0,0,0,0,0.0175438596491228,0,0,0,0,0,0,0,0,0,0,0,0,0,0,0,0,0,0,0,0,0,0,0,0,0,0,0,0,0,0,0,0,0,0,0,0,0,0,0,0,0,0,0,0,0,0,0,0,0,0,0,0,0,0,0,0,0,0,0,0,0,0,0,0,0.0175438596491228,0,0,0,0,0,0,0,0,0,0,0,0,0,0,0,0,0,0,0,0,0,0,0,0,0,0,0,0,0,0,0,0,0,0,0,0,0,0,0,0,0,0,0,0.0175438596491228,0,0,0,0,0,0,0,0,0,0,0,0,0,0,0,0,0,0,0,0,0,0,0,0,0,0,0,0,0,0.0175438596491228,0,0,0,0,0,0,0,0.0175438596491228,0,0,0,0,0,0,0,0,0,0,0,0,0,0,0.0175438596491228,0,0,0,0,0,0,0,0,0.0175438596491228,0,0,0,0,0,0,0,0,0,0,0,0,0,0,0,0,0,0,0,0,0,0,0,0,0,0,0,0,0,0,0,0,0,0,0,0,0,0,0,0,0,0.0175438596491228,0,0,0,0,0,0,0,0,0,0,0,0,0,0,0,0.0175438596491228,0,0,0,0,0,0,0,0,0,0,0,0,0,0,0,0,0,0,0,0,0,0,0,0,0,0,0,0,0,0,0,0,0,0,0,0,0,0,0,0,0,0,0,0,0,0,0,0,0,0,0,0,0,0,0,0,0,0,0,0,0,0,0,0,0.0175438596491228,0,0,0,0,0,0,0,0,0,0,0,0,0,0,0,0,0,0,0,0,0,0,0,0.0175438596491228,0,0,0,0,0,0,0,0,0.0175438596491228,0,0,0,0,0,0,0,0,0,0,0,0,0,0,0,0,0.0175438596491228,0,0,0,0,0,0,0,0,0,0,0,0,0,0,0,0,0,0,0,0,0,0,0,0,0,0.0175438596491228,0,0,0.0175438596491228,0,0,0,0,0,0,0,0,0,0,0,0,0,0,0,0,0,0,0,0.0175438596491228,0,0,0,0,0,0,0,0,0,0,0,0
28,0,0,0,0,0,0,0,0,0,0,0,0,0,0,0,0,0,0,0,0,0,0,0,0,0.0833333333333333,0,0,0,0,0,0,0,0,0,0,0,0,0,0,0,0.0833333333333333,0.0833333333333333,0,0,0,0,0,0,0,0,0.0833333333333333,0,0,0,0,0,0,0,0,0,0,0,0,0,0,0,0,0,0,0,0,0,0,0,0,0,0,0,0,0,0,0,0,0,0,0,0,0,0,0,0,0,0,0,0,0,0,0,0,0,0,0,0,0,0,0,0,0,0,0,0,0.0833333333333333,0,0.0833333333333333,0,0,0,0,0,0,0,0.0833333333333333,0,0,0,0,0,0,0,0,0,0,0,0,0,0,0,0,0,0,0,0,0,0,0,0,0,0,0,0,0,0,0,0.0833333333333333,0,0,0,0,0,0,0,0,0,0,0,0,0,0,0,0,0,0,0,0,0,0,0,0,0,0,0,0,0,0,0,0,0,0,0,0,0,0,0,0,0,0,0,0,0,0,0,0,0,0,0,0,0,0,0,0,0,0,0,0,0,0,0,0.0833333333333333,0,0,0.0833333333333333,0,0,0,0,0,0,0,0,0,0,0,0,0,0,0,0.0833333333333333,0,0,0,0,0,0,0,0,0,0,0,0,0,0,0,0,0,0,0,0,0,0,0,0,0,0,0,0,0,0,0,0,0,0,0,0,0,0,0,0,0,0,0,0,0,0,0,0,0,0,0,0,0,0,0,0,0,0,0,0,0,0,0,0,0,0,0,0,0,0,0,0,0,0,0,0,0,0,0,0,0,0,0,0,0,0,0,0,0,0,0,0,0,0,0,0,0,0,0,0,0,0,0,0,0,0,0,0,0,0,0,0,0,0,0,0,0,0,0,0,0,0,0,0,0,0,0,0,0,0,0,0,0,0,0,0,0,0,0,0.0833333333333333,0,0,0,0,0,0,0,0,0,0,0,0,0,0,0,0,0,0,0,0,0,0,0,0,0,0,0,0,0,0,0,0,0,0,0,0,0,0,0,0,0,0,0,0,0,0,0,0,0,0,0,0,0,0,0,0,0,0,0,0,0,0,0
29,0,0,0,0,0,0,0,0,0,0,0,0,0,0,0.00892857142857143,0,0,0,0,0,0,0,0,0,0,0,0,0,0,0,0,0,0,0,0,0.00892857142857143,0.00892857142857143,0.00892857142857143,0,0,0,0,0,0.00892857142857143,0,0,0,0,0,0,0,0,0,0,0,0,0,0,0,0,0,0,0,0,0,0,0,0,0,0,0,0,0,0.0446428571428571,0,0,0,0.0446428571428571,0,0,0,0,0,0,0,0,0,0,0,0,0,0,0,0,0,0,0,0,0,0,0,0,0,0,0,0,0,0,0,0,0,0,0.00892857142857143,0,0,0,0,0.00892857142857143,0,0,0,0,0,0.00892857142857143,0,0,0,0,0,0,0,0,0,0,0,0,0,0,0,0,0,0.00892857142857143,0,0,0,0,0,0,0,0,0,0,0,0,0,0.00892857142857143,0,0,0,0,0,0,0,0,0,0,0,0,0,0,0,0,0,0,0,0,0,0,0,0,0,0,0.00892857142857143,0.00892857142857143,0,0,0,0,0,0,0,0,0,0,0,0,0,0,0,0,0,0,0,0,0,0,0,0,0,0,0,0,0,0,0,0,0,0,0,0,0,0,0.357142857142857,0,0,0,0.00892857142857143,0,0,0,0,0,0,0,0,0,0,0,0,0,0,0,0,0,0,0,0,0,0,0,0,0,0,0,0,0,0,0,0,0,0.00892857142857143,0,0,0,0,0,0,0,0,0,0,0,0,0,0,0,0,0,0,0,0,0,0,0,0,0,0,0.357142857142857,0,0,0,0,0,0,0,0,0,0,0,0,0,0,0,0,0,0,0.00892857142857143,0,0,0,0,0,0,0,0,0,0,0,0,0,0,0,0.00892857142857143,0,0,0,0,0,0,0,0,0,0,0,0,0,0,0,0,0,0,0,0,0,0,0,0,0,0,0,0,0,0,0,0,0,0,0,0,0,0,0,0,0,0,0,0,0,0,0,0,0,0,0,0,0,0,0,0,0,0,0,0,0,0,0,0,0,0.00892857142857143,0,0,0,0,0.00892857142857143,0,0,0,0,0,0.00892857142857143,0,0,0,0,0,0,0,0,0,0,0,0,0,0,0,0,0,0,0,0,0,0.00892857142857143,0,0,0,0,0,0,0,0,0,0.00892857142857143,0,0,0.00892857142857143,0,0,0,0,0
30,0,0,0,0,0.0389298353842657,0,0,0,0,0,0,0,0,0.259748693139388,0,0,0,0,0,0,0,0,0,0,0,0,0,0,0,0,0,0,0,0,0,0,0.00649371732848469,0,0,0,0,0,0,0,0,0,0,0,0,0,0,0,0,0,0,0,0,0,0,0,0,0,0,0,0,0,0,0.00649371732848469,0,0,0,0,0,0.00649371732848469,0,0,0,0,0,0,0,0,0,0,0,0,0,0,0,0,0,0,0,0,0,0,0,0,0,0,0,0,0,0,0,0,0,0,0,0,0,0,0.00649371732848469,0,0,0,0,0.259748693139388,0,0,0,0,0,0,0,0,0,0,0,0,0,0,0,0,0,0,0,0,0,0,0,0.00649371732848469,0,0,0,0,0,0,0,0,0,0,0,0,0,0.00649371732848469,0,0,0,0,0,0,0,0,0,0,0,0,0,0,0,0,0,0,0,0,0,0,0,0,0,0,0.00649371732848469,0,0,0,0,0,0,0,0,0,0,0,0,0,0,0,0,0,0,0,0,0,0,0,0,0,0,0,0,0,0,0,0,0,0,0,0,0,0,0,0.00649371732848469,0,0,0,0,0,0,0,0,0,0,0,0,0,0,0,0,0,0.00649371732848469,0,0,0,0,0,0,0,0,0,0,0,0,0,0,0,0,0,0,0,0.00649371732848469,0,0,0,0,0.259748693139388,0,0,0,0,0,0,0,0,0,0,0,0,0,0,0,0,0,0,0,0,0,0,0,0,0,0,0,0,0,0,0,0,0,0,0,0,0,0,0,0,0,0,0,0,0,0,0,0,0,0,0,0,0,0,0,0,0.0324685866424235,0,0,0,0,0,0,0,0,0,0,0,0,0,0,0,0,0,0,0,0,0,0,0,0,0,0,0,0,0,0,0,0,0,0,0,0,0,0,0,0,0,0,0,0,0,0,0,0,0,0,0,0,0.00649371732848469,0,0,0,0,0,0,0,0,0,0,0,0,0.00649371732848469,0,0,0,0,0.0324685866424235,0,0,0,0,0,0,0,0,0,0,0,0,0.00649371732848469,0,0,0,0,0,0,0,0,0,0,0,0,0,0,0.00649371732848469,0,0,0,0,0,0.00649371732848469,0,0,0,0,0,0,0.00649371732848469,0,0,0,0,0
31,0,0.0408009143976813,0,0,0.0204106625301057,0,0,0,0.0204106625301057,0.0204106625301057,0,0,0,0.0204106625301057,0,0,0,0,0,0,0,0,0,0,0,0,0,0,0,0,0,0,0,0,0,0,0.0204106625301057,0,0,0,0,0,0,0.0204106625301057,0,0,0,0,0,0,0,0,0,0,0,0,0,0,0,0,0,0,0.0204106625301057,0,0,0,0,0,0,0,0,0,0,0,0,0,0,0,0,0,0.0204106625301057,0,0,0,0,0,0,0,0,0,0,0,0,0,0,0,0,0,0,0,0,0,0,0,0,0,0,0,0,0,0,0,0,0,0,0,0,0.0204106625301057,0,0,0,0,0,0,0,0,0,0,0,0,0,0,0,0.0204106625301057,0,0,0,0,0,0,0,0.0204106625301057,0,0,0,0,0.0204106625301057,0,0,0,0,0,0,0,0,0.0204106625301057,0,0,0,0,0,0,0,0,0,0,0,0,0,0,0,0,0,0,0,0,0,0,0,0,0,0,0,0,0,0,0,0,0,0,0,0,0,0,0,0.0204106625301057,0,0.0204106625301057,0,0,0,0,0,0,0,0,0,0,0,0,0,0,0,0,0,0,0,0,0,0.0204106625301057,0,0,0,0,0,0,0,0,0.0204106625301057,0,0,0,0,0,0,0,0,0,0,0,0.0204106625301057,0,0,0,0,0,0,0,0,0,0,0,0,0,0,0,0,0,0,0,0,0,0,0,0,0.0204106625301057,0.0204106625301057,0,0,0,0,0,0,0.0204106625301057,0.0204106625301057,0,0,0,0,0,0,0,0,0,0,0,0,0,0,0,0,0,0,0,0,0,0,0,0,0,0,0,0,0,0,0,0,0,0.0204106625301057,0,0,0,0,0,0.0204106625301057,0,0,0,0,0,0,0,0,0,0,0,0,0,0,0,0,0,0,0,0,0,0.0204106625301057,0,0.0204106625301057,0,0,0,0,0,0,0,0,0,0,0,0,0,0,0,0,0,0,0,0,0,0,0,0,0,0,0,0,0,0,0,0,0,0,0,0,0.0204106625301057,0,0,0,0.0204106625301057,0.0204106625301057,0,0.0204106625301057,0,0,0,0,0,0,0,0,0,0,0.102053312650529,0,0,0,0,0,0,0,0,0,0,0,0,0,0.0204106625301057,0,0,0,0,0,0,0,0,0,0,0,0,0,0,0,0,0,0,0,0,0,0,0,0,0,0,0.0204106625301057,0,0,0,0,0
32,0,0,0,0,0,0,0.0256410256410256,0,0,0,0,0,0,0,0,0,0,0.0256410256410256,0,0,0,0,0,0.0256410256410256,0,0,0,0,0,0,0,0,0,0,0,0,0,0,0,0,0,0,0,0,0,0,0,0,0,0,0.0256410256410256,0,0,0,0,0,0,0,0,0,0,0.0256410256410256,0,0,0,0,0,0,0,0,0,0,0,0,0,0,0,0,0,0,0,0,0,0,0,0,0,0,0,0,0,0.0256410256410256,0,0,0,0,0,0,0,0,0,0,0.0256410256410256,0,0,0,0,0,0,0,0,0,0,0,0,0,0,0,0,0,0,0.0256410256410256,0,0,0,0,0,0,0.0256410256410256,0,0,0,0,0,0,0,0,0.0256410256410256,0,0,0,0,0,0,0,0,0,0,0,0,0,0,0,0,0,0,0,0,0,0,0,0,0,0,0,0.0256410256410256,0.0256410256410256,0,0,0.0256410256410256,0,0,0,0,0,0,0,0,0,0,0,0,0,0.0256410256410256,0,0,0.0256410256410256,0,0,0,0.0256410256410256,0,0,0,0,0,0,0,0,0,0,0,0,0,0,0,0,0,0,0,0,0,0,0,0,0,0,0,0,0,0,0,0,0,0,0,0,0,0,0,0,0,0,0,0,0,0,0,0,0,0,0,0,0,0,0,0,0,0,0,0,0,0,0,0,0.0256410256410256,0,0,0,0,0,0,0.0256410256410256,0,0,0,0,0,0,0,0,0,0,0,0,0.0256410256410256,0,0,0,0,0,0.0256410256410256,0,0,0,0,0,0,0,0,0.0256410256410256,0,0,0,0,0.0256410256410256,0.0256410256410256,0,0,0,0,0,0,0,0,0,0,0,0,0,0,0,0,0,0,0,0,0,0,0,0,0,0,0.0256410256410256,0,0,0,0,0,0,0,0,0,0,0,0,0,0,0,0,0,0,0,0.0256410256410256,0,0,0,0,0,0,0,0,0,0,0,0,0,0,0.0256410256410256,0,0,0,0,0,0,0,0,0,0,0,0,0,0,0,0,0,0,0,0,0,0,0,0,0,0,0,0,0,0,0,0,0,0,0,0,0,0,0,0,0.128205128205128,0.128205128205128,0,0,0,0,0,0,0,0,0,0,0.0256410256410256,0,0,0,0,0,0,0,0,0,0,0,0,0,0,0,0,0,0,0,0,0,0,0,0,0,0,0,0
33,0,0,0,0,0,0,0,0,0,0,0,0,0,0,0,0,0,0,0,0,0,0,0,0,0,0,0,0,0.0161290322580645,0,0,0,0,0,0,0,0,0,0,0,0,0,0,0.645161290322581,0,0,0,0,0,0,0,0,0,0,0,0,0,0,0,0,0,0,0,0,0,0,0,0,0,0,0,0,0,0,0,0,0,0,0,0,0,0,0,0,0,0,0,0,0,0.0161290322580645,0,0,0,0,0,0,0,0,0,0,0,0,0,0,0,0,0,0,0,0,0,0,0,0,0,0,0,0,0,0,0,0,0,0,0,0,0,0,0,0,0,0.0161290322580645,0,0,0,0,0,0,0,0,0,0,0,0,0,0,0,0,0,0,0,0,0,0,0,0,0,0,0,0,0,0,0,0,0,0,0,0,0,0,0,0,0,0,0,0,0,0,0,0,0,0,0,0,0,0,0,0,0,0,0,0,0,0,0,0,0,0,0,0,0,0,0.0161290322580645,0,0,0,0,0,0,0,0,0,0,0.0161290322580645,0,0,0,0,0,0,0,0,0,0,0,0,0,0,0,0,0,0,0,0,0,0,0,0,0,0,0,0,0,0,0,0.0161290322580645,0,0,0,0,0,0,0,0,0,0,0,0,0,0,0,0,0,0,0,0,0,0,0,0,0,0.0161290322580645,0,0,0,0,0,0,0,0,0,0,0,0.0161290322580645,0,0,0,0.0161290322580645,0,0,0,0,0,0,0,0,0,0,0,0.0161290322580645,0,0,0.0161290322580645,0,0,0,0,0,0,0,0,0,0.0161290322580645,0,0,0,0,0,0,0,0,0,0.0161290322580645,0,0,0,0,0,0,0,0.0161290322580645,0,0,0,0,0,0,0,0,0,0,0,0,0,0,0,0,0,0,0,0,0,0,0,0,0,0,0,0,0,0,0,0,0,0,0,0,0,0,0,0,0,0,0.0161290322580645,0,0.0161290322580645,0,0,0,0,0,0,0,0,0,0,0.0161290322580645,0,0,0,0,0,0,0,0,0,0,0,0,0,0,0,0,0,0,0,0,0,0.0161290322580645,0.0161290322580645,0,0,0,0,0,0,0,0,0,0.0161290322580645,0,0,0,0,0,0,0,0,0,0,0,0,0,0,0,0,0,0,0,0
34,0,0,0,0,0.00847780933406808,0,0,0,0,0,0,0,0,0.339112373362723,0,0,0,0,0,0,0,0,0,0,0,0,0,0,0,0,0.00847780933406808,0,0,0,0,0,0,0,0,0,0,0,0,0,0,0,0,0.00847780933406808,0.00847780933406808,0,0,0,0,0,0,0,0,0,0,0,0,0,0,0,0,0,0,0.00847780933406808,0,0,0,0,0,0,0,0,0,0,0,0,0.00847780933406808,0,0,0,0.00847780933406808,0,0,0,0,0,0,0,0,0,0,0,0,0,0,0,0,0,0,0,0,0,0,0,0,0,0,0,0,0,0,0,0,0.00847780933406808,0,0,0,0,0,0,0,0,0,0,0,0,0,0,0,0,0,0,0.00847780933406808,0,0,0,0,0,0,0,0,0,0,0,0,0,0,0,0,0,0,0,0,0,0,0,0,0,0,0,0,0,0,0,0,0,0,0,0,0,0,0,0,0,0,0,0,0,0,0,0.00847780933406808,0,0,0,0,0,0,0,0,0,0,0.00847780933406808,0.00847780933406808,0,0,0,0,0,0,0,0,0,0,0,0,0,0,0,0,0,0,0,0,0,0,0,0,0,0,0,0,0,0,0,0.00847780933406808,0,0,0,0,0,0,0,0,0,0,0,0,0,0,0,0,0,0,0,0,0,0,0,0,0,0,0,0,0,0,0,0.00847780933406808,0,0,0,0,0,0.00847780933406808,0,0,0,0,0,0,0,0,0,0,0,0,0,0,0,0,0,0,0,0,0,0,0,0,0,0,0,0,0,0,0,0.00847780933406808,0,0,0,0,0,0,0,0,0,0,0,0,0,0.0423890466703404,0,0.00847780933406808,0,0,0,0,0,0,0,0.347251070323428,0,0,0,0,0,0,0,0,0,0,0,0,0,0,0,0,0,0,0,0,0,0,0,0,0,0,0,0,0,0,0,0,0,0,0,0,0,0,0,0,0,0,0,0,0,0,0,0,0,0,0,0,0.00847780933406808,0,0,0,0.00847780933406808,0,0,0.00847780933406808,0,0,0,0,0,0,0,0,0,0,0.0508244669577381,0,0,0,0,0,0,0,0,0,0,0,0.00847780933406808,0,0.00847780933406808,0,0,0,0,0,0,0,0,0,0,0,0,0,0.00847780933406808,0,0,0,0,0,0,0,0,0,0,0,0,0.00847780933406808,0,0,0,0,0
35,0,0,0,0,0.00495049504950495,0,0,0,0,0,0.00495049504950495,0,0,0.00495049504950495,0,0,0,0,0,0,0,0,0,0,0,0,0,0,0,0,0,0,0,0.00495049504950495,0,0,0,0.00495049504950495,0,0.00495049504950495,0,0,0,0.198019801980198,0,0,0,0.198019801980198,0,0,0,0,0,0,0,0,0,0,0,0,0.00495049504950495,0,0,0,0,0,0,0,0,0,0,0,0,0,0,0,0,0,0,0.00495049504950495,0,0,0,0,0,0,0,0,0,0,0,0,0,0,0.00495049504950495,0,0,0,0,0,0,0,0,0,0,0,0,0,0,0,0,0,0,0,0,0,0,0,0,0,0,0,0,0,0,0.00495049504950495,0,0,0,0,0,0,0,0,0,0,0,0,0,0,0,0,0,0,0,0,0,0,0,0,0,0,0,0,0,0.00495049504950495,0,0,0.00495049504950495,0,0,0,0,0,0,0,0,0,0,0,0,0,0,0,0,0,0,0,0,0,0,0,0.00495049504950495,0,0,0,0,0,0,0,0.00495049504950495,0,0,0,0,0,0,0,0,0,0,0,0,0,0,0,0,0,0,0,0.00495049504950495,0,0,0,0,0,0,0,0,0,0,0,0,0,0,0,0,0,0.00495049504950495,0,0,0,0,0,0,0.00495049504950495,0,0,0,0,0.00495049504950495,0,0,0,0,0,0,0,0,0,0,0,0,0,0,0,0,0,0,0,0.00495049504950495,0,0,0,0,0,0,0,0,0,0,0.00495049504950495,0,0,0,0,0,0,0,0,0,0,0,0,0,0,0.00495049504950495,0,0,0,0,0,0,0,0,0,0,0,0,0.00495049504950495,0,0,0,0,0,0,0,0,0,0.00495049504950495,0,0,0.198019801980198,0,0,0,0,0,0,0,0,0,0.198019801980198,0,0,0,0,0,0,0,0,0,0,0,0,0,0.00495049504950495,0,0,0.0247524752475248,0,0,0,0,0,0,0,0,0,0,0,0,0,0,0,0.00495049504950495,0,0,0.00495049504950495,0,0,0,0,0,0,0,0,0,0,0,0,0,0,0,0,0.00495049504950495,0,0.00495049504950495,0,0,0,0,0.00495049504950495,0,0,0,0,0,0.00495049504950495,0,0,0,0.00495049504950495,0,0,0,0,0,0,0,0,0,0,0,0,0,0,0,0,0,0,0,0,0,0,0,0,0,0,0,0,0.00495049504950495,0,0,0,0,0,0,0,0,0,0,0,0,0.00495049504950495,0,0,0,0,0
36,0,0,0,0,0.731951393852752,0,0,0,0,0,0,0,0,0.0178699070764832,0,0,0,0,0,0,0,0,0,0,0,0,0,0,0,0,0,0,0,0,0,0,0,0,0,0,0,0,0,0.0178699070764832,0,0,0,0.0178699070764832,0,0,0,0,0,0,0,0,0,0,0,0,0,0,0,0,0,0,0,0,0,0,0,0,0,0,0,0,0,0,0,0,0,0,0,0,0,0,0,0,0,0,0,0,0,0,0,0,0,0,0,0,0,0,0,0,0,0,0,0,0,0,0,0,0,0,0,0,0,0,0,0,0,0,0,0,0,0,0,0,0,0,0,0,0,0,0,0,0,0,0,0,0,0,0,0,0,0,0,0,0,0,0,0,0,0,0,0.0178699070764832,0,0,0,0,0,0,0,0,0,0,0,0,0,0,0,0,0,0,0,0,0,0,0,0,0,0,0,0,0,0,0,0,0,0,0,0,0,0,0,0,0,0,0,0,0,0,0,0,0,0,0,0,0,0,0,0,0,0,0,0,0,0,0,0,0,0,0,0,0,0,0,0,0.0178699070764832,0,0,0,0,0,0,0,0,0,0,0,0,0,0,0,0,0,0,0,0,0,0,0,0,0,0,0,0,0,0,0,0,0,0,0,0,0,0,0,0,0,0,0,0,0,0,0,0,0,0,0,0,0,0,0,0,0,0,0,0,0,0,0,0,0,0,0,0,0,0,0.0178699070764832,0,0,0,0,0,0,0,0,0,0,0,0,0.0178699070764832,0,0,0,0,0,0,0,0,0,0.0178699070764832,0,0,0,0,0,0,0,0,0,0,0,0,0,0,0.0178699070764832,0,0.0178699070764832,0,0,0,0,0,0,0,0,0,0,0,0,0,0,0,0,0,0,0.0178699070764832,0,0,0,0,0,0,0,0,0,0,0,0,0,0,0,0,0.0178699070764832,0,0,0,0,0,0,0.0178699070764832,0,0,0,0,0,0,0,0,0,0,0.0178699070764832,0,0,0,0,0,0,0,0,0,0,0,0,0,0,0,0,0,0,0,0,0,0,0,0,0,0,0,0,0,0,0,0,0,0,0,0,0,0,0,0,0.0178699070764832,0,0,0,0,0
37,0,0,0,0,0,0,0,0,0,0,0,0,0,0,0,0,0,0,0,0,0,0,0,0,0,0,0,0,0,0,0,0.00746268656716418,0,0,0,0,0,0,0,0,0,0,0,0.298507462686567,0,0,0,0,0,0,0,0,0,0,0,0,0,0,0,0,0,0,0,0,0,0,0,0,0,0,0,0,0,0,0,0,0,0,0,0,0,0,0,0,0,0,0,0,0,0,0,0,0,0,0,0,0,0,0,0,0,0,0,0,0,0,0,0,0,0,0,0,0,0,0,0,0,0,0,0,0,0,0,0,0,0,0,0,0,0,0,0,0,0,0,0,0,0,0.00746268656716418,0,0,0,0,0,0,0,0,0,0,0,0,0,0,0,0,0,0,0,0,0,0,0,0,0,0,0,0,0,0.00746268656716418,0,0,0.00746268656716418,0,0.00746268656716418,0,0,0,0,0,0,0,0.00746268656716418,0,0,0,0,0,0,0,0,0,0,0,0,0,0,0,0,0,0,0,0,0,0,0,0,0,0,0,0,0.00746268656716418,0,0,0,0,0,0,0,0,0,0,0,0,0,0,0,0,0,0,0,0,0,0,0,0,0,0,0,0,0,0,0,0,0,0,0,0,0.00746268656716418,0,0,0,0,0,0,0,0,0,0,0,0,0,0,0,0,0,0,0,0,0,0,0,0,0,0,0,0,0,0,0,0,0,0,0,0,0,0,0,0,0,0,0,0,0,0,0,0,0,0,0,0,0,0.00746268656716418,0.298507462686567,0,0,0,0,0,0,0,0,0,0,0,0,0,0,0,0,0,0,0,0,0,0,0,0,0,0,0,0,0,0,0,0,0,0.00746268656716418,0.298507462686567,0,0,0,0,0,0,0,0,0,0,0,0.00746268656716418,0,0,0,0,0,0,0,0,0,0,0,0,0,0,0,0,0,0,0,0,0,0,0,0,0,0,0,0,0,0,0,0,0,0,0,0,0,0,0,0,0,0,0,0,0,0,0,0,0,0,0,0,0,0,0,0,0,0.00746268656716418,0,0,0,0,0,0,0,0,0,0,0,0,0,0,0,0.00746268656716418,0,0,0,0,0,0,0,0,0,0,0,0,0,0,0,0
38,0,0,0,0,0,0,0,0,0,0,0,0,0,0,0,0,0,0,0,0,0,0.634920634920635,0,0,0,0,0,0,0,0,0,0,0,0,0,0,0,0,0,0,0,0,0,0.0158730158730159,0,0,0,0.0158730158730159,0,0,0,0,0,0,0.0158730158730159,0.0158730158730159,0,0,0,0.0158730158730159,0,0,0,0,0,0,0,0,0,0,0,0.0158730158730159,0,0,0,0,0,0,0,0,0,0,0,0,0,0,0,0,0,0,0,0,0,0,0,0,0,0,0,0,0,0,0,0,0,0,0,0,0,0,0,0,0,0,0,0,0,0,0,0,0,0,0,0,0,0,0,0,0,0,0,0,0,0,0,0,0,0,0,0,0,0,0,0,0,0,0.0158730158730159,0,0,0,0,0,0,0,0,0,0.0158730158730159,0,0,0,0,0,0,0,0,0,0,0,0.0158730158730159,0,0,0,0,0.0158730158730159,0,0,0,0,0,0,0,0,0,0,0,0,0,0,0,0,0,0,0,0,0,0,0,0,0,0,0,0,0,0,0,0.0158730158730159,0,0,0.0158730158730159,0,0,0,0,0,0,0,0,0,0,0,0,0,0,0,0,0.0158730158730159,0,0,0,0,0,0,0,0,0,0,0,0,0,0,0,0,0,0,0,0,0,0,0,0.0158730158730159,0,0,0,0,0,0,0,0,0,0,0,0,0,0,0,0,0,0,0,0,0,0,0,0,0,0,0,0,0,0,0.0158730158730159,0,0.0158730158730159,0,0,0,0,0,0,0,0,0,0,0,0,0,0,0,0,0,0,0,0,0,0,0,0,0,0,0,0,0,0,0,0,0,0,0,0,0,0,0,0,0,0,0,0,0,0,0,0,0,0,0,0,0,0.0158730158730159,0.0158730158730159,0,0,0,0,0,0,0,0,0,0.0158730158730159,0.0158730158730159,0,0,0,0,0,0,0,0,0,0,0,0,0,0,0,0,0,0,0,0,0,0,0,0,0,0,0,0,0,0.0158730158730159,0,0,0,0,0,0,0,0,0,0,0,0,0,0,0,0,0,0,0,0,0,0,0,0,0,0,0,0,0.0158730158730159,0,0,0,0,0,0,0,0,0,0,0,0,0,0.0158730158730159,0,0,0,0,0,0,0,0,0,0,0,0,0,0,0,0,0,0
39,0,0,0,0,0,0,0.0158730158730159,0,0,0,0,0,0,0.0158730158730159,0.0158730158730159,0,0,0,0,0,0,0,0,0,0,0,0,0,0,0,0,0.0158730158730159,0,0,0.0158730158730159,0,0,0,0,0,0,0.0158730158730159,0,0,0,0,0,0,0,0,0,0,0,0,0,0,0,0,0,0,0,0,0,0,0,0,0,0,0,0,0,0,0,0,0,0,0,0,0,0,0,0,0,0,0,0,0,0,0,0,0,0,0,0,0.0158730158730159,0,0,0,0,0.0158730158730159,0,0,0.0158730158730159,0,0,0,0,0,0,0,0,0,0,0,0,0,0,0,0,0,0,0,0,0,0,0,0,0,0,0,0,0,0,0,0,0,0,0.0158730158730159,0,0,0,0,0,0,0,0,0,0,0,0,0,0,0,0,0,0,0,0,0,0,0,0,0,0,0,0,0,0.0158730158730159,0,0,0,0.0158730158730159,0,0,0,0,0,0,0,0,0,0,0.0158730158730159,0.0158730158730159,0,0,0,0,0,0,0,0,0,0,0,0,0,0,0,0,0,0,0,0,0,0,0.0158730158730159,0.0158730158730159,0,0,0,0,0,0,0,0,0,0,0,0,0,0,0,0,0,0,0,0,0,0,0,0,0.0158730158730159,0,0,0,0,0,0,0,0,0,0,0,0,0,0,0,0,0,0,0,0,0,0,0,0,0,0,0,0,0,0,0,0,0,0,0,0,0,0,0,0,0,0,0,0,0,0,0,0,0,0,0,0,0,0.0158730158730159,0,0,0,0,0,0.0158730158730159,0,0,0,0,0,0,0,0,0,0,0,0,0,0,0,0,0,0,0,0,0,0,0,0,0,0,0,0,0,0.634920634920635,0,0,0,0,0,0,0,0,0,0,0,0,0,0,0,0,0,0,0,0,0,0,0,0,0,0,0,0,0,0,0,0,0,0,0,0,0,0,0,0,0,0,0,0,0,0,0,0,0,0,0,0,0,0,0,0,0,0,0,0,0,0,0,0,0,0.0158730158730159,0,0,0,0,0,0,0,0,0,0.0158730158730159,0,0,0,0,0,0,0,0,0.0158730158730159,0,0,0,0,0,0,0,0,0,0,0,0,0,0,0,0,0,0,0,0,0,0,0,0,0,0,0,0,0,0,0,0
40,0,0,0,0,0.00943752359380898,0,0,0,0,0.00943752359380898,0.00943752359380898,0,0,0.00943752359380898,0,0,0,0,0,0,0,0,0,0,0,0,0,0,0,0,0.00943752359380898,0,0,0,0,0,0.00943752359380898,0,0,0,0,0,0,0.00943752359380898,0,0,0,0,0,0,0,0,0,0,0,0,0,0,0,0,0,0,0,0,0,0,0,0.00943752359380898,0,0,0,0,0,0,0,0,0,0,0,0,0,0,0,0,0,0,0,0,0,0,0,0,0,0,0,0,0,0,0,0,0,0,0,0,0,0,0,0,0,0,0,0,0.00943752359380898,0,0,0,0,0,0,0,0,0,0,0,0,0,0,0,0,0,0,0,0,0,0,0,0,0,0,0,0,0,0,0,0,0,0.00943752359380898,0,0,0,0,0,0,0,0,0.00943752359380898,0,0,0,0,0,0,0,0,0,0,0,0,0,0,0,0,0,0,0,0,0,0,0,0,0,0,0,0,0,0,0.00943752359380898,0,0,0,0,0,0,0,0,0,0,0,0,0,0,0,0,0,0,0,0,0,0,0,0,0,0,0,0,0,0,0,0,0,0,0,0,0,0,0,0,0,0.00943752359380898,0,0,0,0,0,0,0,0,0,0,0,0.00943752359380898,0,0,0,0,0,0,0,0,0,0,0,0,0,0,0,0,0,0,0,0.00943752359380898,0,0,0,0,0,0,0,0,0,0,0,0,0,0,0,0,0,0,0,0,0,0,0,0,0,0,0.377500943752359,0,0,0,0,0,0,0.00943752359380898,0,0,0,0,0,0,0,0.00943752359380898,0,0,0,0,0,0,0,0,0,0.00943752359380898,0,0,0,0,0,0,0,0,0,0,0,0,0,0,0,0,0,0,0,0,0,0,0,0,0,0,0.00943752359380898,0,0,0,0,0,0,0,0,0,0,0,0,0,0,0,0,0,0,0,0,0,0,0,0,0,0,0,0,0,0,0,0,0,0,0,0.00943752359380898,0,0,0,0,0,0,0.00943752359380898,0,0,0,0,0,0,0,0,0,0,0.386560966402416,0,0,0,0,0,0,0,0,0,0.00943752359380898,0,0,0,0.00943752359380898,0,0,0,0,0,0,0,0,0,0,0,0,0,0,0,0,0,0,0,0,0,0,0,0,0,0,0,0,0,0,0,0
41,0,0,0,0,0,0,0,0,0,0,0,0,0,0,0,0,0.0515463917525773,0,0,0,0,0,0,0,0,0,0,0,0,0,0,0,0,0,0,0,0.0103092783505155,0,0,0,0,0,0,0.0103092783505155,0,0,0,0,0,0,0,0,0,0,0.0515463917525773,0,0.0515463917525773,0,0,0,0,0,0,0.0103092783505155,0,0,0,0,0,0,0,0,0,0,0,0,0,0,0,0,0,0,0,0,0,0,0,0,0,0,0,0,0,0,0,0,0,0,0.0103092783505155,0,0,0,0,0,0,0,0,0,0.0103092783505155,0,0,0,0,0,0,0,0,0,0,0,0,0,0,0,0,0,0,0,0.0103092783505155,0,0,0,0,0,0,0,0,0,0.0103092783505155,0,0,0,0,0,0,0,0,0,0,0,0,0,0,0,0,0,0,0,0,0,0,0,0,0,0,0,0,0,0,0,0,0.0515463917525773,0,0,0,0,0,0,0,0,0,0,0,0.0515463917525773,0,0,0,0,0,0,0,0,0,0,0,0,0.0515463917525773,0,0,0,0,0,0,0,0,0,0,0,0,0,0,0,0,0,0,0,0,0,0,0,0,0,0,0,0,0,0,0,0,0,0,0,0,0,0,0,0,0,0,0,0,0,0,0,0,0,0,0,0,0,0,0,0,0,0,0,0,0,0,0,0,0,0,0,0,0,0,0,0,0,0,0,0,0.0103092783505155,0,0,0,0,0,0,0,0,0,0,0,0,0,0.412371134020619,0,0,0,0,0,0,0,0,0,0,0,0.0103092783505155,0,0,0,0,0,0,0,0,0,0,0,0,0.0103092783505155,0,0,0,0,0,0,0,0,0,0.0103092783505155,0,0,0,0,0,0,0,0,0,0,0,0,0,0,0,0.0515463917525773,0,0,0,0,0,0,0,0,0,0,0,0,0,0,0,0,0,0,0,0,0,0,0,0,0,0,0,0,0,0,0,0,0,0,0,0,0,0,0,0,0,0,0,0,0,0.0103092783505155,0,0,0,0,0,0,0,0,0.0103092783505155,0,0,0,0,0,0,0,0,0,0,0,0,0,0.0103092783505155,0.0515463917525773,0,0,0,0,0,0,0,0,0,0,0,0,0,0,0,0,0,0,0,0,0,0,0,0,0,0,0,0,0,0,0
42,0,0,0,0,0,0,0,0,0,0,0,0,0,0,0,0,0,0,0,0,0,0,0,0,0,0,0,0,0,0,0,0,0,0,0,0,0,0,0,0,0,0,0,0.784313725490196,0,0,0,0,0,0,0,0,0,0.0196078431372549,0,0.0196078431372549,0,0,0,0,0,0,0,0,0,0,0,0,0,0,0,0,0,0,0,0,0,0,0,0,0,0,0,0,0,0,0,0,0,0,0,0,0,0,0,0,0,0,0,0,0,0,0,0,0,0,0,0,0,0,0.0196078431372549,0,0,0,0,0,0,0,0,0,0,0,0,0,0,0,0,0,0,0,0,0,0,0,0,0,0,0,0,0,0,0,0,0,0,0,0,0,0,0,0,0,0,0,0,0,0,0,0,0,0,0,0,0,0,0,0,0,0,0,0,0,0,0,0,0,0,0,0,0,0,0,0,0,0,0,0,0,0,0,0,0,0,0,0,0,0,0,0,0,0,0,0,0,0,0,0,0,0,0,0,0,0,0,0,0,0,0,0,0,0,0,0,0,0,0,0,0,0,0,0,0,0,0,0,0,0,0,0,0,0,0,0,0.0196078431372549,0,0,0,0,0,0,0,0,0,0,0,0,0,0,0,0,0,0,0,0,0,0,0,0,0.0196078431372549,0,0,0,0,0,0,0,0,0,0,0,0,0,0,0,0,0,0,0,0,0,0,0,0,0,0,0,0,0,0,0,0,0,0,0,0,0,0,0,0,0,0,0,0,0,0,0,0,0,0,0,0,0,0,0,0,0,0,0,0,0,0,0,0,0,0,0,0,0,0,0,0,0,0,0,0,0,0,0,0,0,0,0.0196078431372549,0,0,0,0,0,0,0,0,0,0.0196078431372549,0,0,0,0,0,0,0,0,0,0,0.0196078431372549,0,0,0,0,0,0,0,0,0,0,0,0,0,0,0,0,0,0,0,0,0,0,0,0,0,0,0,0,0,0,0,0,0,0,0,0.0196078431372549,0,0,0,0,0,0,0,0,0,0,0,0,0,0,0,0,0,0,0,0,0,0,0,0,0,0,0,0,0,0,0
43,0,0.00900900900900901,0,0,0.00900900900900901,0,0,0,0.00900900900900901,0,0,0,0.00900900900900901,0.045045045045045,0,0,0,0,0,0,0,0,0,0,0,0,0,0,0,0,0,0,0,0,0,0,0.00900900900900901,0,0,0,0,0,0,0,0,0,0,0,0,0,0,0,0,0,0,0,0,0,0,0,0,0,0,0,0,0,0,0,0,0,0,0,0,0,0,0,0,0,0,0,0,0,0,0,0,0,0,0,0,0,0,0,0,0,0,0,0,0,0,0,0,0,0,0,0,0,0,0,0,0,0,0,0,0,0,0,0,0.00900900900900901,0,0,0,0,0,0,0,0,0,0,0,0,0,0,0,0,0,0,0,0,0,0,0,0,0,0,0,0,0,0,0,0,0,0,0,0,0,0,0,0,0,0,0,0,0,0,0,0,0,0,0,0,0,0,0,0,0,0,0,0,0,0,0,0,0,0,0.00900900900900901,0,0,0,0,0,0,0,0,0,0,0,0,0,0,0,0,0,0,0,0,0,0,0,0,0,0,0,0,0,0,0,0,0,0,0,0,0,0,0,0,0,0,0,0,0,0,0,0,0,0,0,0,0,0,0,0,0,0,0,0,0,0,0,0,0,0,0,0,0,0,0,0,0,0,0,0,0,0,0,0,0.045045045045045,0,0,0,0,0,0,0,0,0,0,0,0,0,0,0,0,0,0,0,0,0,0.36036036036036,0,0,0,0,0,0,0,0,0,0,0.00900900900900901,0,0,0,0,0,0,0,0,0,0.00900900900900901,0,0,0,0,0,0.00900900900900901,0,0,0,0,0,0,0,0.045045045045045,0,0,0,0,0,0,0,0,0,0,0,0,0,0,0,0,0,0,0,0,0,0,0,0,0,0,0,0,0,0,0,0,0,0,0,0,0,0,0,0,0,0,0,0,0,0,0,0,0,0,0,0,0.00900900900900901,0,0,0,0,0,0,0,0,0,0,0,0,0,0,0,0,0,0.36036036036036,0,0,0,0,0,0,0,0,0,0,0,0.00900900900900901,0,0.00900900900900901,0,0,0,0,0,0,0,0,0,0,0,0,0,0,0,0,0,0,0,0,0,0,0,0,0,0,0,0,0,0,0,0
44,0,0,0,0,0.0104166666666667,0,0,0,0,0,0,0.0104166666666667,0,0.0104166666666667,0,0,0,0,0,0,0,0,0,0,0,0,0,0,0,0,0.0104166666666667,0,0,0,0,0,0,0.0104166666666667,0,0,0,0,0,0.0104166666666667,0,0,0,0,0,0,0,0,0,0,0,0,0,0,0,0,0,0,0,0,0,0,0,0.0104166666666667,0,0,0,0,0,0,0,0,0,0,0,0,0,0.0104166666666667,0,0,0,0,0,0,0,0,0,0,0,0,0,0,0,0,0,0,0,0,0,0,0,0.0104166666666667,0,0,0.0104166666666667,0,0,0,0.0104166666666667,0,0,0,0,0,0,0,0.0104166666666667,0,0,0,0,0,0,0,0,0,0,0,0,0,0,0,0,0,0.0104166666666667,0,0,0,0,0,0,0,0,0,0,0,0,0,0,0,0,0.0104166666666667,0,0,0.0104166666666667,0,0,0,0,0,0,0,0,0,0,0.0104166666666667,0,0.0104166666666667,0,0,0,0,0,0,0,0,0,0,0.0104166666666667,0,0,0,0,0,0,0,0,0,0.0104166666666667,0,0,0.0104166666666667,0,0,0,0,0,0.0104166666666667,0,0,0,0,0,0,0,0.0104166666666667,0,0,0,0,0,0,0,0,0,0,0,0,0,0,0.0104166666666667,0,0,0.0104166666666667,0.0104166666666667,0.0104166666666667,0,0,0,0,0,0.0104166666666667,0,0,0.0104166666666667,0,0.0104166666666667,0,0,0,0,0,0,0,0,0,0,0,0,0,0,0,0,0,0,0,0,0,0,0,0,0,0,0,0,0,0,0,0,0,0,0,0,0,0,0,0,0,0,0,0,0,0,0,0,0,0,0,0,0,0,0,0,0,0,0,0,0,0,0,0,0,0,0,0.0104166666666667,0.0104166666666667,0,0.0104166666666667,0.0104166666666667,0.0104166666666667,0,0,0,0,0,0,0,0,0.416666666666667,0,0.0104166666666667,0,0,0,0,0,0.0104166666666667,0,0,0,0,0,0,0,0,0.0104166666666667,0,0,0,0,0,0,0,0,0,0,0,0,0,0,0,0,0,0,0.0104166666666667,0,0,0,0,0,0,0,0,0,0,0,0,0,0,0.0104166666666667,0,0.0104166666666667,0,0.0104166666666667,0,0,0,0,0.0104166666666667,0,0,0,0,0,0.0104166666666667,0,0,0,0.0104166666666667,0,0,0,0,0,0.0104166666666667,0,0,0,0,0,0,0,0,0,0,0,0,0,0,0.0104166666666667,0,0,0,0,0,0,0,0,0,0,0,0,0,0,0.0104166666666667,0,0.0104166666666667,0,0,0,0.0104166666666667,0,0,0,0,0
45,0,0,0,0,0,0,0,0,0,0,0,0,0,0,0,0,0,0,0.0126582278481013,0,0,0.0126582278481013,0,0,0,0,0,0,0,0,0,0,0,0,0,0,0,0,0,0,0,0,0,0,0.506329113924051,0.0126582278481013,0,0,0,0,0,0,0,0,0.0126582278481013,0,0,0,0,0,0,0,0,0,0,0,0,0,0,0,0,0.0126582278481013,0,0,0,0,0,0,0,0,0,0,0.0126582278481013,0,0,0,0,0,0,0,0,0,0,0,0,0,0,0,0,0,0,0,0,0,0,0,0,0,0,0,0.0126582278481013,0,0,0,0,0,0,0,0,0,0,0,0,0,0,0,0,0,0.0126582278481013,0,0,0,0,0.0126582278481013,0.0126582278481013,0,0.0126582278481013,0.0126582278481013,0,0,0,0,0.0126582278481013,0,0.0126582278481013,0,0,0,0,0,0,0,0,0,0,0,0.0126582278481013,0,0,0,0,0,0,0,0,0,0,0,0.0126582278481013,0,0,0,0,0.0126582278481013,0,0,0,0,0,0,0,0.0126582278481013,0,0,0,0,0,0,0,0,0,0.0126582278481013,0,0,0,0,0,0,0,0,0,0,0,0,0,0,0,0,0,0,0,0,0,0,0,0,0,0,0,0,0,0,0,0,0,0,0,0,0,0,0,0,0,0,0,0,0,0,0,0,0,0,0,0,0,0,0.0126582278481013,0,0,0.0126582278481013,0,0,0,0,0,0,0,0,0,0,0,0,0,0,0.0126582278481013,0,0,0,0.0126582278481013,0,0,0,0,0,0,0,0,0,0.0126582278481013,0.0126582278481013,0,0,0,0,0,0,0,0,0,0,0,0,0,0,0,0.0126582278481013,0,0,0,0,0,0,0,0,0,0,0,0,0,0,0,0,0,0,0,0,0,0,0,0.0126582278481013,0,0,0.0126582278481013,0,0,0,0,0,0,0,0,0,0,0,0,0,0,0,0,0,0,0,0.0126582278481013,0,0,0,0,0,0,0,0,0,0,0,0,0,0,0,0,0,0,0.0126582278481013,0,0,0,0,0,0.0126582278481013,0,0,0,0,0.0126582278481013,0,0,0,0,0,0,0,0.0126582278481013,0,0,0,0,0,0,0.0126582278481013,0,0,0,0,0,0,0,0,0,0,0,0,0,0,0,0,0,0,0,0.0126582278481013,0,0,0.0126582278481013,0,0,0,0,0,0,0,0,0,0,0,0,0,0,0,0,0,0,0,0,0,0,0,0,0,0,0,0,0
46,0,0,0,0,0.0161290322580645,0,0,0,0,0,0,0,0,0,0,0,0,0,0,0,0,0,0,0,0,0,0,0,0,0,0.0161290322580645,0,0,0,0,0,0,0,0,0,0,0,0,0,0,0,0,0,0,0,0,0,0,0,0,0,0,0,0,0,0,0,0,0,0,0,0,0,0,0,0,0,0,0,0,0,0,0,0,0,0,0,0,0,0,0,0,0,0,0,0,0,0,0,0,0,0,0,0,0,0,0,0,0,0,0,0,0,0,0,0,0,0,0,0,0,0,0,0,0,0,0,0,0,0,0,0,0,0,0,0,0,0,0,0,0,0,0.0161290322580645,0,0,0,0,0,0,0,0,0.0161290322580645,0,0,0,0,0,0,0,0,0,0,0,0,0,0,0,0,0,0.0161290322580645,0,0,0,0,0,0,0,0,0,0,0,0,0,0,0,0,0,0,0.0161290322580645,0,0,0,0,0,0,0,0,0,0,0,0,0,0,0,0,0,0,0.0161290322580645,0,0,0,0,0,0,0,0,0,0,0,0,0,0,0,0,0,0,0,0,0,0,0,0,0,0,0,0,0,0,0,0,0,0,0,0,0,0,0,0,0,0,0,0,0,0,0,0,0,0,0,0,0,0,0,0,0,0,0,0,0,0,0,0,0,0,0,0,0,0.0161290322580645,0,0,0,0,0,0,0,0,0,0,0,0,0,0.0161290322580645,0.645161290322581,0,0,0.0161290322580645,0,0,0,0,0,0,0,0,0,0,0,0,0,0,0,0,0,0.0161290322580645,0,0,0,0,0,0,0,0,0.0161290322580645,0,0.0161290322580645,0,0,0,0,0,0,0,0,0,0,0,0.0161290322580645,0,0,0,0,0,0,0,0,0,0,0,0,0,0,0,0,0,0,0,0,0,0,0,0,0,0.0161290322580645,0,0,0,0,0,0,0,0,0,0,0,0,0,0,0,0.0161290322580645,0,0.0161290322580645,0,0,0,0,0,0,0,0.0161290322580645,0,0,0,0,0,0,0,0,0,0,0,0,0,0,0,0,0,0,0,0,0,0,0,0.0161290322580645,0,0,0,0,0,0,0,0.0161290322580645,0,0,0,0,0,0,0,0,0,0,0,0,0,0,0,0,0,0,0,0,0,0,0,0
47,0,0,0,0,0.00684931506849315,0,0,0,0.00684931506849315,0,0,0,0,0,0,0,0,0,0,0,0,0,0,0,0,0,0,0,0,0,0.00684931506849315,0,0,0,0,0,0.00684931506849315,0,0,0,0,0,0,0.00684931506849315,0,0,0,0,0,0,0,0,0,0,0,0,0,0,0,0,0,0,0,0,0,0,0,0,0,0,0,0,0,0,0,0,0,0,0,0,0.273972602739726,0,0,0,0,0,0,0,0,0,0,0,0,0,0,0,0,0,0,0,0,0.00684931506849315,0,0,0,0,0,0,0,0,0,0,0,0,0,0,0,0.00684931506849315,0,0,0,0,0,0,0,0,0,0,0,0,0,0,0,0.00684931506849315,0,0,0,0,0,0,0,0,0,0,0,0,0,0,0,0,0,0,0,0,0,0.00684931506849315,0,0,0,0,0,0,0,0,0,0,0,0,0,0.00684931506849315,0,0,0,0,0,0,0,0,0,0,0,0,0,0,0,0,0,0,0,0,0,0,0,0,0,0,0.00684931506849315,0,0,0,0,0,0,0,0,0,0,0,0,0,0,0,0,0,0,0,0,0,0,0,0,0,0,0,0,0,0,0,0.00684931506849315,0,0,0,0,0,0,0,0,0,0,0,0,0,0,0,0,0,0,0,0,0,0,0,0,0,0,0,0,0,0,0,0.00684931506849315,0,0,0,0,0.273972602739726,0.00684931506849315,0,0,0,0,0,0,0,0.00684931506849315,0,0,0,0,0,0,0,0,0,0,0,0,0,0,0,0,0,0,0,0,0,0,0,0,0,0,0,0.00684931506849315,0,0,0,0,0,0,0,0,0,0,0,0.00684931506849315,0,0,0,0,0,0,0,0.00684931506849315,0,0,0,0,0,0,0,0,0,0,0,0,0,0,0,0,0.00684931506849315,0,0,0,0,0,0,0,0,0,0,0,0,0,0,0,0,0,0,0,0,0,0,0,0,0,0,0,0,0,0,0,0,0,0,0,0.00684931506849315,0,0,0,0,0,0,0.00684931506849315,0,0,0,0,0,0,0,0,0,0,0.273972602739726,0,0,0,0,0,0,0,0,0,0,0,0,0,0,0,0,0,0,0,0,0,0,0,0,0,0,0,0,0,0,0,0,0.00684931506849315,0,0,0,0,0,0,0,0.00684931506849315,0,0,0,0,0
48,0,0,0,0,0.202796278386531,0,0,0,0,0,0,0,0,0.202796278386531,0,0,0,0,0,0,0,0,0,0,0,0,0,0,0,0,0,0,0,0,0,0,0.00506990695966327,0,0,0,0,0,0,0.00506990695966327,0,0,0,0.00506990695966327,0,0,0,0,0.00506990695966327,0,0,0,0,0,0,0,0,0,0,0,0,0,0,0,0,0,0,0,0,0,0,0,0,0,0,0,0.00506990695966327,0,0,0,0,0,0,0,0,0,0,0,0,0,0,0,0,0,0,0,0,0,0,0,0,0,0,0,0,0,0,0,0.00506990695966327,0,0,0,0,0.00506990695966327,0,0,0,0,0,0,0,0,0,0,0,0,0,0,0,0,0,0,0,0,0,0,0,0,0,0,0,0,0,0,0,0,0,0,0,0,0,0.00506990695966327,0,0,0,0,0,0,0,0,0,0,0,0,0,0,0,0.00506990695966327,0,0,0,0,0,0,0,0,0,0,0,0,0,0,0,0,0,0,0,0,0,0.00506990695966327,0,0.00506990695966327,0.00506990695966327,0,0,0,0,0,0,0,0,0,0,0,0,0,0,0,0,0,0,0,0,0,0,0,0,0,0,0,0,0,0,0,0.00506990695966327,0,0,0,0,0,0,0,0,0,0,0,0.00506990695966327,0,0,0,0,0,0,0,0,0,0,0,0,0,0,0,0,0,0,0,0,0,0,0,0,0,0,0,0,0,0,0,0,0,0,0,0,0,0,0,0,0,0,0,0,0,0,0,0,0,0,0,0,0,0.00506990695966327,0,0,0,0,0,0,0,0.0253495347983163,0,0,0,0,0,0.00506990695966327,0,0,0,0.00506990695966327,0.00506990695966327,0.00506990695966327,0,0,0,0,0,0,0,0.00506990695966327,0,0,0,0,0,0,0,0,0,0,0,0,0,0,0,0,0,0,0,0,0,0,0,0,0,0,0,0,0,0,0,0,0,0,0,0,0,0,0,0,0,0,0,0,0,0,0,0,0,0,0,0,0.00506990695966327,0,0,0,0,0,0,0.00506990695966327,0,0,0,0,0,0,0,0,0,0,0.406820885719398,0,0,0,0,0,0,0,0,0,0,0,0,0,0.00506990695966327,0,0,0,0,0,0,0,0,0,0,0,0,0,0.00506990695966327,0,0,0,0,0.00506990695966327,0,0,0,0,0,0,0,0.00506990695966327,0,0,0,0,0
49,0,0,0,0,0,0,0,0,0,0,0,0,0,0,0,0,0,0.0181818181818182,0,0,0,0,0,0,0,0,0,0,0,0,0,0,0,0,0,0,0,0,0,0,0,0,0,0,0,0,0,0,0,0,0,0,0,0.0181818181818182,0,0.0181818181818182,0,0,0,0,0,0,0,0,0,0,0,0,0,0,0,0,0,0,0,0,0,0,0,0,0,0,0,0,0,0,0,0,0,0,0,0,0,0,0,0,0,0,0.0181818181818182,0,0,0,0,0,0,0,0,0,0.0181818181818182,0,0,0,0,0,0,0,0,0,0,0,0,0,0,0,0,0,0,0,0,0,0,0,0,0,0,0,0,0,0,0,0,0,0,0,0,0,0.0181818181818182,0,0,0,0,0,0,0,0,0,0,0,0.0181818181818182,0,0,0,0,0,0,0,0,0,0,0,0,0,0,0,0,0,0,0,0,0,0,0,0,0,0,0,0,0,0,0,0,0,0,0,0,0,0,0,0,0,0,0,0,0,0,0,0,0,0,0,0,0,0,0,0,0,0,0,0,0,0,0,0,0,0,0,0,0,0,0,0,0,0,0,0,0,0,0,0,0,0,0,0,0,0,0,0,0,0,0,0,0,0,0,0,0,0,0,0,0,0,0,0,0,0,0,0,0,0,0,0,0.0181818181818182,0,0,0,0,0,0,0,0,0,0,0,0,0,0.0181818181818182,0,0,0,0,0,0,0,0,0,0,0,0,0,0,0,0,0.727272727272727,0,0,0,0,0,0.0181818181818182,0,0,0,0.0181818181818182,0,0,0,0,0,0,0,0,0,0,0,0,0,0,0,0,0,0,0,0,0,0,0,0,0,0,0,0,0,0,0,0,0,0,0,0,0,0,0,0,0,0,0,0,0,0,0,0,0,0,0,0,0,0,0,0,0,0,0,0,0,0,0,0,0,0,0,0,0,0,0,0,0,0,0,0,0,0,0,0,0,0,0,0,0,0,0,0,0,0,0,0,0,0,0.0181818181818182,0,0,0,0,0,0,0,0,0,0.0181818181818182,0,0.0181818181818182,0,0,0,0,0,0,0,0,0,0,0,0,0,0,0,0,0,0,0,0
50,0,0.00847558148951649,0,0,0,0,0,0,0,0.00847558148951649,0,0,0,0,0.00847558148951649,0,0.00847558148951649,0,0,0,0,0,0,0,0,0,0,0,0,0,0.00847558148951649,0,0,0,0,0.00847558148951649,0.00847558148951649,0,0,0,0,0,0,0.0169426873975435,0,0,0,0.00847558148951649,0,0,0,0,0,0,0,0,0,0,0,0,0,0,0,0.00847558148951649,0,0,0,0,0,0,0,0,0,0,0,0,0,0,0,0.00847558148951649,0,0,0,0,0,0,0,0,0,0,0,0,0,0,0,0,0.00847558148951649,0,0,0,0,0,0,0,0,0,0,0,0,0.00847558148951649,0,0,0,0,0,0,0,0.00847558148951649,0,0,0,0,0,0,0,0,0,0.00847558148951649,0,0,0,0,0,0.00847558148951649,0,0,0.00847558148951649,0,0,0,0,0,0,0,0,0,0,0,0,0,0,0,0,0,0,0.00847558148951649,0,0,0,0,0,0,0,0,0,0,0,0,0,0,0,0.00847558148951649,0,0.00847558148951649,0,0,0,0,0,0,0,0,0,0.00847558148951649,0,0,0,0,0,0,0,0,0,0.00847558148951649,0,0,0.00847558148951649,0,0,0,0,0,0.00847558148951649,0,0,0,0,0,0,0,0,0,0,0.00847558148951649,0.00847558148951649,0,0,0,0,0,0,0,0,0,0,0,0,0,0.00847558148951649,0,0,0,0,0,0,0,0,0,0,0,0.00847558148951649,0,0,0.00847558148951649,0.00847558148951649,0,0,0.00847558148951649,0,0,0,0.00847558148951649,0,0,0,0,0,0,0,0,0,0,0,0,0,0,0,0.00847558148951649,0.00847558148951649,0,0.00847558148951649,0,0.00847558148951649,0,0,0,0,0,0,0,0,0,0,0,0,0,0,0.33902325958066,0,0.00847558148951649,0.00847558148951649,0,0,0.00847558148951649,0.00847558148951649,0,0,0,0,0.00847558148951649,0,0,0.00847558148951649,0,0,0,0,0.00847558148951649,0,0,0,0,0.00847558148951649,0,0,0,0,0,0,0.00847558148951649,0,0,0,0,0,0,0,0,0.00847558148951649,0,0,0,0,0,0,0,0,0,0.00847558148951649,0.00847558148951649,0,0,0,0,0,0,0,0,0,0,0.0169426873975435,0,0,0,0,0,0,0,0,0,0,0,0,0,0,0,0,0,0,0,0,0,0,0.00847558148951649,0,0.00847558148951649,0,0.00847558148951649,0,0,0,0,0.00847558148951649,0.00847558148951649,0,0,0,0,0,0,0,0,0,0.0169426873975435,0,0,0,0.00847558148951649,0,0,0,0,0.00847558148951649,0,0.00847558148951649,0,0,0,0,0,0,0,0,0,0,0.00847558148951649,0,0.00847558148951649,0,0,0,0.00847558148951649,0,0,0,0,0.00847558148951649,0,0,0,0.00847558148951649,0.00847558148951649,0,0,0,0,0,0,0,0
51,0,0,0,0,0,0,0,0,0,0,0,0,0,0,0,0,0,0,0.0178571428571429,0,0,0,0,0,0,0,0,0,0,0,0,0,0,0,0,0,0,0,0,0,0,0,0.0178571428571429,0,0.0178571428571429,0,0,0,0,0,0,0,0,0,0.0178571428571429,0.0178571428571429,0,0,0,0,0,0,0,0,0,0,0,0,0,0.0178571428571429,0,0,0.0178571428571429,0,0,0,0,0,0,0,0,0,0.0178571428571429,0.0178571428571429,0,0,0,0.0178571428571429,0,0,0,0,0,0,0,0,0,0,0,0,0,0,0,0.0178571428571429,0,0,0,0,0,0,0.0178571428571429,0,0,0,0,0,0,0,0,0,0,0,0,0,0,0,0.0178571428571429,0,0.0178571428571429,0,0,0,0,0.0178571428571429,0,0,0,0,0,0,0.0178571428571429,0.0178571428571429,0.0178571428571429,0,0.0178571428571429,0,0,0,0,0,0,0.0178571428571429,0.0178571428571429,0,0,0,0.0178571428571429,0,0,0,0,0,0,0,0,0,0,0,0.0178571428571429,0,0,0,0,0.0178571428571429,0,0,0,0,0,0,0,0.0178571428571429,0,0,0,0.0178571428571429,0,0,0.0178571428571429,0,0,0.0178571428571429,0,0,0,0,0,0,0,0,0,0,0,0,0,0.0178571428571429,0,0,0,0,0,0,0,0,0,0,0,0,0,0,0,0,0,0,0,0,0,0,0,0,0.0178571428571429,0,0,0,0,0,0,0,0,0,0,0,0,0,0,0,0.0178571428571429,0,0.0178571428571429,0.0178571428571429,0.0178571428571429,0,0,0,0,0,0,0,0,0,0,0,0,0,0.0178571428571429,0,0,0,0.0178571428571429,0,0,0,0,0,0,0,0,0,0.0178571428571429,0,0,0,0,0,0,0,0,0,0,0,0,0,0,0,0,0.0178571428571429,0,0,0,0,0,0,0,0,0,0,0,0,0,0,0,0,0,0,0,0,0,0,0,0.0178571428571429,0,0,0,0,0,0,0,0,0,0,0,0,0.0178571428571429,0,0,0,0,0,0,0,0.0178571428571429,0,0,0,0,0,0.0178571428571429,0,0,0,0,0.0178571428571429,0,0.0178571428571429,0,0,0,0,0.0178571428571429,0,0,0.0178571428571429,0,0,0,0,0,0,0,0,0,0,0.0178571428571429,0,0,0.0178571428571429,0,0,0.0178571428571429,0,0,0,0,0,0,0,0,0.0178571428571429,0,0,0,0,0,0.0178571428571429,0,0,0,0,0,0,0,0,0,0,0,0,0,0,0,0,0.0178571428571429,0,0,0,0,0,0,0,0,0,0,0,0,0,0,0,0,0,0,0,0,0,0,0,0,0,0,0,0,0
52,0,0,0,0,0,0,0,0,0,0,0,0,0,0.0135136961310288,0,0,0,0,0,0,0,0,0,0,0,0,0,0,0,0,0,0,0,0,0,0,0,0.0135136961310288,0,0,0,0,0,0.0135136961310288,0,0,0,0.0135136961310288,0,0,0,0,0,0.0135136961310288,0,0,0,0,0,0,0,0,0,0,0,0,0,0,0,0,0,0,0,0,0,0,0,0,0,0,0,0,0,0,0,0,0,0,0,0,0,0,0,0,0,0,0,0,0,0,0,0,0,0,0,0,0,0,0,0,0,0,0,0,0,0,0,0,0,0,0,0,0,0,0,0,0,0,0,0,0,0,0.0135136961310288,0,0,0,0,0.0135136961310288,0,0,0,0,0,0,0,0,0,0,0,0,0,0,0,0,0,0,0,0,0,0,0,0,0,0,0,0.0135136961310288,0,0,0,0,0,0,0.0135136961310288,0,0,0,0,0,0,0,0,0,0,0,0,0,0,0,0,0,0,0,0.0135136961310288,0,0,0.0135136961310288,0,0,0,0,0,0,0,0,0,0,0,0,0,0,0,0,0,0,0.0135136961310288,0,0,0,0,0,0,0,0,0,0,0,0,0,0,0,0,0,0,0,0,0,0,0,0,0,0,0,0,0,0,0,0,0,0,0,0,0,0,0,0,0,0,0,0,0,0,0,0,0,0,0,0,0,0,0,0,0.0135136961310288,0,0,0,0,0,0,0,0,0,0,0,0,0,0,0,0.0270138785659266,0,0,0,0,0,0,0,0,0,0,0,0,0,0,0,0,0,0,0,0,0,0,0,0,0.0135136961310288,0.0135136961310288,0,0,0,0,0,0,0,0,0.540547845241152,0,0,0,0,0.0135136961310288,0,0,0,0,0,0,0,0,0,0,0.0135136961310288,0.0135136961310288,0,0,0,0,0,0,0,0,0,0,0,0,0,0,0,0,0,0,0.0135136961310288,0,0,0,0,0,0,0,0,0,0,0,0,0,0,0,0,0,0,0.0135136961310288,0,0,0,0,0,0,0,0,0,0,0.0135136961310288,0,0.0135136961310288,0.0135136961310288,0,0.0135136961310288,0,0,0,0,0,0,0,0,0,0,0,0,0,0,0,0,0,0,0.0135136961310288,0.0135136961310288,0,0,0,0,0.0135136961310288,0,0,0,0,0,0.0135136961310288,0,0,0,0,0,0,0,0,0,0,0,0,0,0,0
53,0,0,0,0,0,0,0.0790513833992095,0.00988142292490119,0,0,0,0,0,0,0,0,0.0988142292490119,0,0,0,0,0,0,0,0,0,0,0,0,0,0,0,0,0,0,0.00988142292490119,0,0,0,0,0,0,0,0.0395256916996047,0,0,0,0,0,0,0.0988142292490119,0,0,0,0,0.00988142292490119,0,0,0,0,0,0,0,0.00988142292490119,0,0,0,0,0,0,0,0,0,0,0,0,0,0,0,0,0,0,0,0,0,0,0,0,0,0,0,0,0,0,0,0,0,0,0,0,0,0,0.0395256916996047,0,0.00988142292490119,0,0,0,0,0,0,0,0,0,0,0,0,0,0,0,0,0,0,0,0,0,0,0,0,0,0,0,0,0,0,0,0,0.00988142292490119,0,0,0,0,0,0,0,0,0,0,0,0.0395256916996047,0.0395256916996047,0,0,0,0,0,0,0,0,0,0,0,0,0,0,0,0,0,0,0,0,0,0,0,0,0,0,0,0,0,0,0,0,0,0,0,0,0,0,0,0,0,0,0,0,0,0,0,0,0,0,0,0,0,0,0,0,0,0,0,0,0,0,0,0,0,0,0,0,0,0,0,0,0,0,0,0.00988142292490119,0,0,0,0,0,0,0.0395256916996047,0,0,0,0,0,0,0,0,0.00988142292490119,0,0,0,0,0.00988142292490119,0,0,0,0,0,0,0,0,0,0,0,0,0,0,0,0,0,0,0,0,0,0,0,0,0,0,0,0,0,0,0,0,0,0,0,0,0.00988142292490119,0,0,0.00988142292490119,0.00988142292490119,0.00988142292490119,0,0,0,0,0,0,0,0.0395256916996047,0,0,0,0,0.0395256916996047,0,0.0395256916996047,0.0395256916996047,0,0.0395256916996047,0,0,0,0,0,0,0,0,0,0,0,0,0,0,0,0,0,0,0,0.00988142292490119,0.00988142292490119,0,0,0,0,0,0,0,0,0,0,0,0,0.0395256916996047,0,0,0,0,0,0.000988142292490119,0,0,0.00988142292490119,0,0,0,0,0,0,0,0,0,0,0,0,0,0,0,0,0,0,0,0,0.000988142292490119,0,0,0,0,0,0,0,0,0,0.00988142292490119,0,0,0,0,0,0,0,0,0,0,0,0,0,0,0,0.0790513833992095,0,0,0,0,0,0,0,0,0,0,0,0,0,0,0,0,0,0.00988142292490119,0,0.00988142292490119,0,0,0,0,0,0,0,0,0,0,0,0,0,0,0,0,0,0,0,0,0,0
54,0,0.0161410078445298,0,0,0.0648222875036317,0,0.0161410078445298,0,0,0,0,0,0,0.0161410078445298,0.0161410078445298,0,0.0161410078445298,0,0,0,0,0,0,0,0,0,0,0,0,0,0,0,0,0,0,0,0.0161410078445298,0,0,0,0,0,0,0.000322820156890596,0,0,0,0.0161410078445298,0,0,0.0161410078445298,0,0,0.0161410078445298,0,0,0,0,0,0,0,0,0,0,0,0,0,0,0,0,0,0,0,0.0645640313781193,0,0,0,0,0,0.0645640313781193,0.161410078445298,0,0,0,0,0,0,0,0,0,0,0,0,0,0,0,0,0,0,0,0,0,0,0,0,0,0,0,0.0161410078445298,0,0,0,0,0,0,0,0,0.0161410078445298,0,0,0,0,0,0,0,0.0161410078445298,0,0,0,0,0,0,0,0,0,0,0,0.0161410078445298,0,0,0,0.00161410078445298,0,0,0,0,0.0161410078445298,0,0,0,0,0,0,0,0,0.0161410078445298,0,0,0,0,0,0,0,0,0,0,0,0,0,0,0,0.0161410078445298,0,0,0,0,0,0,0,0,0,0,0,0,0,0,0,0,0,0,0,0,0,0,0,0.0161410078445298,0.0161410078445298,0,0,0,0,0,0,0,0,0,0.0161410078445298,0,0,0,0,0,0,0,0,0,0,0,0,0,0,0,0,0,0,0,0,0,0.0161410078445298,0,0,0,0,0,0,0,0,0,0,0,0.0161410078445298,0,0,0,0,0,0,0,0,0,0,0,0,0,0,0,0,0,0,0,0.0161410078445298,0,0,0,0,0,0,0,0,0,0,0,0,0,0,0,0,0,0,0,0,0,0,0,0,0,0,0,0,0,0,0,0.0161410078445298,0,0.0161410078445298,0,0,0,0,0,0,0,0.0164476869935759,0,0,0,0,0,0.0161410078445298,0.0161410078445298,0,0,0,0,0,0,0,0,0,0,0,0,0.000322820156890596,0,0,0,0,0,0,0,0,0,0,0,0,0,0,0,0,0.0161410078445298,0,0,0,0.0161410078445298,0,0,0,0,0,0,0,0,0,0,0,0,0,0,0,0,0,0,0,0,0,0,0,0,0,0,0,0,0,0,0,0.0161410078445298,0,0,0,0,0,0.0161410078445298,0.0161410078445298,0,0,0,0,0,0,0,0,0,0,0.0284081738063725,0,0,0,0,0,0,0,0,0,0,0,0.0161410078445298,0,0,0,0,0,0,0,0,0,0.0161410078445298,0,0,0,0,0,0.0161410078445298,0,0,0,0.0161410078445298,0,0,0,0,0,0,0,0,0.0161410078445298,0,0,0,0,0
55,0,0,0,0.0108813928182807,0.0108813928182807,0,0,0,0,0,0,0,0,0,0,0,0,0,0,0,0,0,0,0,0.00108813928182807,0,0,0,0,0,0,0,0,0,0,0,0,0,0,0,0,0,0,0.043525571273123,0,0,0,0,0,0,0,0,0,0.0108813928182807,0,0,0,0,0,0,0,0,0,0,0,0,0,0,0,0,0,0,0,0,0,0,0,0,0,0,0,0,0,0,0,0,0,0,0,0,0,0,0,0,0,0,0,0,0.108813928182807,0.0108813928182807,0,0,0,0,0.0108813928182807,0,0,0,0.0108813928182807,0,0,0,0,0,0,0,0,0.0108813928182807,0,0,0,0,0,0,0,0,0,0,0,0,0,0,0,0.043525571273123,0,0,0,0,0.0108813928182807,0,0,0,0,0,0,0,0.043525571273123,0,0,0,0,0,0,0,0,0.0108813928182807,0,0,0,0,0.0108813928182807,0,0,0,0,0,0,0,0,0,0,0.043525571273123,0,0,0,0,0,0.0108813928182807,0.0108813928182807,0,0,0,0,0.0108813928182807,0,0,0,0,0,0,0,0.043525571273123,0,0,0,0,0,0,0,0,0,0,0.0108813928182807,0,0,0,0,0,0,0,0,0,0,0,0,0,0.0108813928182807,0,0,0,0,0,0,0,0,0,0,0,0,0,0,0,0,0,0,0,0,0,0,0,0,0,0,0,0,0,0,0,0,0,0,0,0,0,0,0,0,0,0,0,0,0,0,0,0,0,0,0.0108813928182807,0,0,0,0,0,0,0,0,0,0,0,0,0,0,0,0,0,0,0,0.00870511425462459,0,0,0,0,0,0,0,0,0,0,0,0,0,0,0.0108813928182807,0,0,0,0,0,0.0108813928182807,0,0,0,0,0,0,0,0,0,0,0,0,0,0,0,0,0,0,0,0,0,0,0,0,0,0,0,0,0,0.108813928182807,0.043525571273123,0,0.0108813928182807,0,0,0,0,0,0,0,0,0.0108813928182807,0,0,0,0,0,0,0.043525571273123,0,0,0,0,0,0,0,0,0,0,0,0,0,0,0.0108813928182807,0,0,0.043525571273123,0,0,0,0,0,0.0108813928182807,0,0.043525571273123,0,0,0,0,0,0,0,0,0,0.043525571273123,0,0,0,0,0,0,0,0,0,0,0,0,0,0.043525571273123,0,0,0,0,0,0,0,0,0,0,0,0,0,0.0108813928182807,0,0,0,0,0,0,0,0,0.0108813928182807,0,0,0,0,0,0,0,0,0.0108813928182807
56,0,0,0,0.02,0,0,0.02,0,0,0.002,0,0,0,0,0,0,0.02,0,0,0,0,0,0,0,0,0,0,0,0.02,0,0,0,0,0,0,0,0,0,0,0,0,0.02,0,0.02,0,0,0,0,0,0,0,0,0,0,0,0.02,0,0,0,0,0,0,0,0,0,0,0,0,0,0,0,0,0,0,0,0.02,0,0,0,0,0,0,0,0,0,0,0,0,0,0,0,0,0,0,0.02,0,0,0,0.02,0,0,0,0,0,0,0,0,0,0,0,0,0,0,0,0,0,0,0.02,0,0,0,0,0,0,0,0,0,0,0,0,0,0,0,0.02,0,0,0,0,0,0,0,0.02,0,0,0,0,0.02,0,0,0,0,0,0,0,0,0,0,0,0,0,0,0,0,0,0,0,0,0,0,0,0,0.02,0,0,0,0,0,0,0,0,0,0,0,0.02,0,0,0,0,0,0,0,0,0,0,0,0,0,0,0,0,0,0,0.02,0,0,0,0.02,0,0,0,0,0,0,0,0.02,0,0.02,0,0,0,0,0,0,0,0,0,0,0,0,0,0,0,0,0.02,0,0,0,0,0,0,0,0,0,0,0,0,0,0,0,0,0,0,0,0,0,0,0.02,0,0,0,0,0,0,0,0,0,0,0,0,0,0,0,0.02,0,0,0,0,0,0,0,0,0,0,0,0.02,0.02,0.02,0.016,0,0,0.02,0,0.02,0,0,0,0,0,0,0.02,0,0,0.02,0,0,0,0,0,0,0,0,0,0.02,0,0,0,0,0,0,0,0,0,0,0,0,0,0,0,0,0,0.02,0,0,0,0,0,0.02,0,0.02,0,0,0.02,0,0,0,0,0,0,0,0,0.02,0,0,0,0,0,0,0,0,0,0,0,0,0,0,0,0,0,0.02,0,0,0.02,0,0.02,0,0.02,0,0,0,0,0,0,0,0,0,0,0,0,0,0,0,0,0,0,0,0,0,0,0.02,0.02,0,0,0,0,0,0,0,0,0,0,0,0,0,0,0,0.02,0,0,0,0.02,0,0.02,0.02,0,0,0.02,0,0,0,0,0,0,0,0,0,0,0,0,0,0
57,0,0,0,0,0,0,0.0073413892845082,0,0,0,0,0,0,0.0293655571380328,0.0073413892845082,0,0.0587311142760656,0.0073413892845082,0,0,0,0.00803882126653648,0,0,0,0,0,0.0293655571380328,0,0,0,0,0,0,0,0.0073413892845082,0.0073413892845082,0,0,0,0,0,0,0.00073413892845082,0,0,0,0,0,0,0.0587311142760656,0,0,0,0,0.0293655571380328,0,0,0,0,0,0,0,0,0,0,0,0,0,0,0,0,0,0,0,0,0.0293655571380328,0,0,0,0,0,0,0,0,0,0,0,0,0,0,0,0,0,0.0293655571380328,0,0,0,0.0073413892845082,0,0,0,0,0,0.0073413892845082,0,0,0,0.0073413892845082,0,0,0,0,0,0,0,0,0,0,0,0,0,0,0,0,0.0293655571380328,0,0,0,0,0,0,0,0.0073413892845082,0,0,0.0073413892845082,0.0073413892845082,0,0,0,0,0,0,0,0,0,0,0,0,0.0073413892845082,0,0,0,0,0,0,0,0,0,0,0.0073413892845082,0,0.0073413892845082,0,0.0073413892845082,0.0073413892845082,0,0.0073413892845082,0,0,0.0293655571380328,0,0.0073413892845082,0,0,0,0.0073413892845082,0,0,0,0,0,0.0293655571380328,0,0,0,0,0,0,0,0,0,0,0,0.0073413892845082,0,0,0,0,0,0,0,0,0,0.0587311142760656,0.0073413892845082,0,0,0,0,0,0,0,0.0293655571380328,0,0.0073413892845082,0,0,0,0,0,0,0,0,0,0,0,0,0,0,0,0.0073413892845082,0.0073413892845082,0,0,0,0,0,0,0,0,0,0,0,0,0,0,0,0.0073413892845082,0,0,0,0,0,0,0,0,0,0,0,0,0,0,0,0,0,0,0,0,0,0,0,0,0,0,0,0,0,0,0,0.0293655571380328,0.0293655571380328,0,0.0073413892845082,0,0.0293655571380328,0.00748087568091386,0,0,0,0,0.0587311142760656,0,0,0,0,0,0,0,0,0,0.0073413892845082,0,0,0,0,0,0,0,0,0,0,0,0,0,0,0,0,0,0,0,0,0,0,0,0,0,0,0,0,0,0,0,0,0,0,0,0.0073413892845082,0,0,0,0,0.0073413892845082,0,0,0,0,0,0,0.0073413892845082,0,0,0,0,0,0,0,0,0,0,0.0073413892845082,0,0,0.0073413892845082,0,0,0,0,0.0073413892845082,0.0073413892845082,0,0,0,0,0,0,0,0.0073413892845082,0,0,0,0,0,0,0,0,0,0,0.0073413892845082,0,0,0,0.0073413892845082,0,0,0,0.0073413892845082,0,0,0,0,0,0,0,0,0,0.0587311142760656,0,0,0,0,0,0,0,0,0,0,0,0,0,0,0,0.0073413892845082,0,0,0,0,0,0,0.0073413892845082,0,0,0,0,0,0,0,0,0.0073413892845082
58,0,0,0,0,0,0,0.0146886016451234,0,0,0,0,0,0,0,0,0,0,0,0,0,0,0,0,0,0,0,0,0,0,0,0,0,0,0,0,0,0,0,0,0,0,0,0,0.0146886016451234,0,0,0,0,0,0,0,0,0,0.0146886016451234,0,0.0587544065804935,0,0,0,0,0,0,0,0,0,0,0,0,0,0,0,0,0,0,0,0.0146886016451234,0,0,0,0,0,0,0,0,0,0,0,0,0,0,0,0,0,0,0,0,0,0,0,0.0146886016451234,0.0587544065804935,0,0,0,0.0146886016451234,0,0,0,0,0,0,0,0,0,0,0,0,0,0,0,0,0,0,0,0,0,0,0,0,0,0,0,0,0.0146886016451234,0,0,0,0,0.0146886016451234,0,0,0,0,0,0,0.0587544065804935,0,0,0,0,0,0,0,0,0,0,0,0,0,0,0,0,0,0,0,0,0,0,0,0,0,0.0146886016451234,0,0,0,0,0,0,0,0,0,0,0,0.0146886016451234,0,0,0,0,0,0,0,0,0,0,0,0,0,0,0,0.0146886016451234,0,0,0.0146886016451234,0,0,0,0,0,0,0,0,0,0,0,0,0,0,0,0,0,0,0,0,0,0,0,0,0,0,0,0,0,0,0,0,0,0.0146886016451234,0,0,0,0,0,0,0,0,0,0,0,0,0,0,0,0,0,0,0,0,0,0,0,0,0,0,0,0,0,0,0,0,0,0,0,0.0587544065804935,0,0,0,0,0,0,0,0,0,0,0,0,0,0,0.265569917743831,0,0,0,0,0.0146886016451234,0,0,0,0,0,0,0,0,0,0.0146886016451234,0,0,0,0,0,0.0146886016451234,0,0,0,0.117508813160987,0,0,0,0,0,0,0,0,0,0,0,0,0,0,0,0,0,0,0,0,0,0,0,0,0,0.0146886016451234,0,0,0.0146886016451234,0,0,0,0,0,0,0,0,0.0146886016451234,0,0,0,0,0,0,0.0146886016451234,0,0,0,0,0,0,0,0,0,0,0,0,0,0,0,0,0,0.0146886016451234,0,0,0,0,0,0,0,0,0,0,0,0,0,0,0,0,0,0,0,0,0,0.0146886016451234,0,0,0,0,0,0,0,0,0,0,0,0,0,0,0,0,0,0,0,0,0,0.0146886016451234,0,0.0146886016451234,0,0,0,0,0,0,0,0,0,0,0,0,0,0,0,0.0146886016451234,0,0
59,0,0,0,0.0203276822376713,0,0,0,0,0,0,0,0,0,0,0.0203276822376713,0,0,0,0,0,0,0,0,0,0,0,0,0,0.0203276822376713,0,0,0,0,0,0,0,0,0,0,0,0,0,0,0.02225881205025,0,0,0,0,0,0,0,0,0,0,0,0,0,0,0,0,0,0,0,0,0,0,0,0,0,0,0,0,0,0,0,0.0203276822376713,0,0,0,0,0,0,0,0,0,0,0,0,0,0,0,0,0,0,0,0,0,0,0,0,0,0,0,0,0,0,0,0,0,0,0,0,0,0,0,0,0,0,0,0,0,0,0,0,0,0,0,0,0,0,0,0,0,0,0,0,0,0,0,0,0,0.0203276822376713,0,0,0,0.0203276822376713,0,0,0,0,0,0,0,0,0,0.0203276822376713,0,0,0,0,0,0,0,0,0,0,0,0,0,0,0,0.16262145790137,0,0,0,0,0,0,0,0,0,0,0.0203276822376713,0.0203276822376713,0,0,0,0,0,0,0,0,0,0,0,0,0,0,0,0,0,0,0.0203276822376713,0,0,0,0.0203276822376713,0,0,0,0,0,0,0,0.0203276822376713,0,0,0,0,0,0,0,0,0,0,0,0.0203276822376713,0,0,0,0,0,0,0,0,0,0,0,0,0,0.0203276822376713,0,0,0,0,0,0,0,0,0,0,0,0,0,0,0,0,0,0,0,0.0203276822376713,0,0,0,0,0,0,0,0,0,0,0,0.0203276822376713,0,0,0,0,0,0,0,0,0,0,0,0,0.0203276822376713,0.0203276822376713,0.0829369435296987,0,0,0,0,0,0,0,0,0,0,0,0.0203276822376713,0,0,0.0203276822376713,0,0,0,0,0,0,0,0,0,0.0203276822376713,0,0,0,0.0203276822376713,0,0,0,0,0,0,0,0,0,0,0,0,0,0,0,0,0,0,0,0,0,0,0.0203276822376713,0,0,0,0,0,0,0,0,0,0,0.0203276822376713,0,0,0,0,0,0,0,0,0,0,0,0,0,0,0,0,0,0,0,0,0,0,0.0203276822376713,0,0.0203276822376713,0,0,0,0,0,0,0,0,0,0,0,0,0,0,0,0,0,0,0,0,0,0.0203276822376713,0,0,0,0,0,0,0,0,0,0,0,0,0,0,0,0,0,0.0203276822376713,0,0.0203276822376713,0,0.0203276822376713,0,0.0203276822376713,0,0,0,0,0.0203276822376713,0,0,0,0.0203276822376713,0.0203276822376713,0,0,0,0,0,0.0203276822376713,0,0
60,0,0,0,0,0.0846023688663283,0,0,0,0,0,0,0,0,0,0,0,0,0,0,0,0,0,0,0,0,0,0,0,0,0,0,0,0,0,0,0,0,0,0,0,0,0,0,0,0,0,0,0.0846023688663283,0,0,0,0,0,0,0,0,0,0,0,0,0,0,0,0,0,0,0,0,0,0,0,0,0,0,0,0,0,0,0,0.0846023688663283,0,0,0,0,0,0,0,0,0,0,0,0,0,0,0,0,0,0,0,0,0,0,0,0,0,0,0,0,0,0,0,0,0,0,0,0,0,0.0846023688663283,0,0,0,0,0,0,0,0,0,0,0,0,0,0,0,0,0,0,0,0,0,0,0,0.0846023688663283,0,0,0,0,0.0846023688663283,0,0,0,0,0,0,0,0,0.0846023688663283,0,0,0,0,0,0,0,0,0,0,0,0,0,0,0,0,0,0,0,0,0,0,0,0,0,0,0,0,0.0846023688663283,0,0,0,0,0,0,0,0,0,0,0,0,0,0,0,0,0,0,0,0,0,0,0,0,0,0,0,0,0,0,0,0,0,0,0,0,0,0,0,0,0,0,0,0.0846023688663283,0,0,0,0,0,0,0,0,0,0,0,0.0846023688663283,0,0,0,0,0,0,0,0,0,0,0,0,0,0,0,0,0,0,0,0,0,0,0,0,0,0,0,0,0,0,0,0,0,0,0,0,0,0,0,0,0,0,0,0,0,0,0,0,0,0,0,0,0,0,0,0,0,0,0,0,0,0.00169204737732657,0,0,0,0,0,0,0,0,0,0,0,0,0,0,0,0,0,0,0,0,0,0,0,0,0,0,0,0,0,0,0,0,0,0,0,0,0,0,0,0,0,0,0,0,0,0,0,0,0,0,0,0,0,0,0,0,0,0,0,0,0,0,0,0,0,0,0,0,0,0,0,0,0.0846023688663283,0,0,0,0,0,0,0,0,0,0,0,0,0,0,0,0,0,0.0676818950930626,0,0,0,0,0,0,0,0,0,0,0,0,0,0,0,0,0,0,0,0,0,0,0,0,0,0,0,0,0,0,0,0,0,0,0,0,0,0,0,0,0,0,0,0,0,0
61,0,0,0.0106342050848825,0,0.0304124072970902,0.0304124072970902,0,0,0,0,0,0,0,0.0253436727475751,0,0,0,0,0,0,0,0,0,0,0,0.0506873454951503,0.101374690990301,0,0,0,0,0,0,0,0,0,0.0253436727475751,0,0,0,0,0,0,0.126718363737876,0,0,0,0,0,0,0,0,0,0,0,0,0,0,0,0,0,0,0,0,0,0,0,0,0,0,0.000506873454951503,0,0,0,0,0,0,0,0,0,0,0,0,0,0,0.000506873454951503,0,0,0,0,0.101780189754262,0,0,0,0,0,0,0,0,0,0,0,0,0,0,0,0,0,0,0,0,0,0,0,0,0,0.0255971094750509,0.0742062738049,0,0,0,0,0,0,0,0,0,0,0,0,0,0,0,0,0,0,0,0,0,0,0,0,0,0,0,0,0,0,0,0,0,0,0,0,0.000506873454951503,0,0,0,0,0,0,0,0,0,0,0,0,0,0,0,0,0,0,0,0.127098518829089,0.000506873454951503,0,0,0,0,0,0.000506873454951503,0,0,0,0,0,0,0,0.000506873454951503,0,0,0,0,0,0,0,0.000506873454951503,0,0,0,0,0,0,0,0,0,0,0,0,0,0.101374690990301,0,0,0,0,0,0,0.0101374690990301,0,0,0,0,0,0,0,0,0,0,0,0,0,0,0,0,0,0,0,0,0,0,0,0,0,0,0,0,0,0,0,0,0,0,0,0,0,0,0,0,0,0,0,0,0,0,0.000506873454951503,0.000506873454951503,0,0,0,0,0,0,0,0.000506873454951503,0,0,0,0,0,0,0,0,0,0,0,0,0,0,0,0,0,0,0,0,0,0,0,0,0,0,0,0.015697870899848,0,0,0,0,0,0,0,0,0,0,0,0.000506873454951503,0,0,0,0,0,0,0,0.000506873454951503,0,0,0,0.000506873454951503,0,0,0,0,0,0,0,0,0,0,0,0,0,0,0,0,0,0,0,0,0,0,0,0,0,0,0,0,0,0,0,0,0,0,0,0,0,0,0,0,0,0,0,0,0,0,0,0,0,0,0,0,0.000506873454951503,0,0,0.000506873454951503,0,0,0,0,0,0,0,0,0,0,0.0760310182427254,0,0,0,0,0,0,0,0,0,0,0,0.0060718421855986,0,0.000506873454951503,0,0,0,0,0,0,0,0,0,0,0,0,0,0,0,0,0,0,0,0,0,0,0,0,0,0,0.000506873454951503,0,0,0,0,0
62,0,0,0.00156156674123753,0,0.0464798504770551,0.0163890296303969,0,0,0,0,0,0,0,0.000781173957597565,0,0,0,0,0,0.000781173957597565,0,0,0,0,0,0,0,0,0,0,0,0,0,0,0,0,0.0624939166078052,0,0.000781173957597565,0,0,0,0,0,0,0,0,0,0,0.000781173957597565,0,0,0,0,0,0,0,0,0,0,0,0,0,0,0.000781173957597565,0.000781173957597565,0,0.000781173957597565,0,0,0.000781173957597565,0,0,0.0156234791519513,0,0,0,0,0.000781173957597565,0,0,0,0,0,0,0,0,0,0,0,0.469329001255034,0,0,0,0,0,0,0,0,0,0,0,0,0,0,0,0,0.000781173957597565,0,0,0,0,0.000781173957597565,0,0,0.000781173957597565,0.000781173957597565,0.00156156674123753,0.000781173957597565,0,0,0,0,0,0,0.000781173957597565,0,0.000781173957597565,0,0,0,0,0,0,0,0,0,0,0,0,0,0.000781173957597565,0,0,0,0,0,0,0,0,0,0,0,0,0,0.00156156674123753,0,0,0,0,0,0.000781173957597565,0,0,0,0,0,0,0,0,0,0.000781173957597565,0,0,0.117840091503593,0,0.000781173957597565,0,0,0.000781173957597565,0,0,0,0,0.000781173957597565,0,0,0,0,0,0,0.000781173957597565,0,0,0,0.000781173957597565,0,0.000781173957597565,0,0,0,0,0,0.000781173957597565,0.000781173957597565,0,0,0,0,0,0,0,0,0,0,0,0,0,0.0624939166078052,0,0,0.000781173957597565,0,0.000781173957597565,0,0,0,0,0.0624939166078052,0,0,0,0,0,0,0,0,0,0,0,0.00156156674123753,0,0,0,0,0,0,0,0,0,0,0,0,0,0,0,0,0,0.000781173957597565,0,0,0,0,0,0,0.00781173957597565,0,0,0,0,0,0,0,0,0,0,0,0,0,0,0,0,0,0,0,0,0,0,0,0,0,0,0,0,0.000781173957597565,0,0,0,0.000781173957597565,0,0,0,0,0,0,0,0,0,0.000781173957597565,0,0,0,0,0,0.000781173957597565,0,0,0,0,0,0,0,0.0468704374558539,0,0,0.000781173957597565,0,0,0,0,0,0,0,0,0,0,0,0,0,0,0,0,0,0,0,0,0,0,0,0,0,0,0,0,0.000781173957597565,0,0.000781173957597565,0,0,0.000781173957597565,0,0,0,0.000781173957597565,0,0.000781173957597565,0,0,0,0,0,0,0,0,0,0,0,0,0,0,0,0,0.000781173957597565,0,0,0,0,0,0,0,0,0,0,0.0312469583039026,0,0,0,0,0,0,0,0,0,0,0,0,0,0,0,0,0,0,0,0,0,0,0,0,0,0,0.00156156674123753,0.000781173957597565,0,0,0,0,0.000781173957597565,0,0,0.000781173957597565,0,0,0,0,0.0156234791519513,0.000781173957597565,0.000781173957597565,0,0,0
