"loc","Latitude","Longitude"
1,67.07371,56.993
2,37.472576,21.627188
3,36.895134,14.426432
4,36.801379,15.094877
5,36.684313,15.047442
6,39.4636,15.977941
7,42.729755,9.139681
8,42.412558,27.700825
9,48.279677,16.792215
10,48.221323,16.911581
11,48.300352,16.778151
12,47.75724,15.80057
13,47.59526,15.0312
14,47.58294,14.61928
15,47.58335,14.59768
16,47.54194,14.63645
17,47.56217,14.64492
18,47.56264,14.64662
19,47.53932,14.50921
20,47.55384,14.53787
21,47.21981,13.86728
22,47.2667,13.75821
23,47.73922,14.95852
24,47.52145,14.03324
25,46.5035,14.48358
26,46.57428,13.92697
27,46.60249,13.67254
28,46.60337,13.67024
29,46.60198,13.68015
30,46.45177,14.18206
31,46.59762,13.70459
32,46.61507,13.74075
33,47.67878,13.43771
34,47.64954,13.41923
35,47.67593,13.43661
36,47.08589,12.73621
37,47.57055,12.36392
38,47.64027,12.28892
39,47.61735,12.36881
40,47.56693,12.32353
41,47.6048,12.28214
42,47.57521,12.31406
43,47.59215,12.3233
44,47.54318,12.33651
45,47.61898,12.29118
46,47.46749,12.7666
47,47.22994,12.91762
48,47.18922,12.88515
49,47.20473,12.40165
50,47.23922,12.36037
51,47.1935,12.4125
52,47.2034,12.39914
53,47.19664,12.41099
54,47.19672,12.41217
55,47.2281,12.3902
56,47.22887,12.37163
57,47.24654,12.41614
58,47.19531,12.40666
59,47.21296,12.3773
60,47.21721,12.38815
61,47.1914,12.40574
62,47.1702,12.43588
63,47.17962,12.4214
64,47.16512,12.44134
65,47.18349,12.42569
66,47.21932,12.40986
67,47.20904,12.43314
68,47.20457,12.42365
69,47.17031,12.4056
70,47.16529,12.44519
71,47.16568,12.45427
72,47.19311,12.40004
73,47.16311,12.4394
74,47.22165,12.38426
75,47.1949,12.40516
76,47.16096,12.4582
77,47.19282,12.41021
78,47.15919,12.4544
79,47.19479,12.40562
80,47.19335,12.40573
81,47.16754,12.43237
82,47.21341,12.37656
83,47.20609,12.41343
84,47.23517,12.45446
85,47.23204,12.45722
86,47.16424,12.45363
87,47.18489,12.27193
88,47.18723,12.24373
89,47.18681,12.23226
90,47.17301,12.22893
91,47.15415,12.23084
92,47.15517,12.26007
93,47.17049,12.24986
94,47.17518,12.24108
95,47.1761,12.23905
96,47.17351,12.23639
97,47.17463,12.23846
98,47.18242,12.2366
99,47.19485,12.27208
100,47.19604,12.26407
101,47.19061,12.26793
102,47.18301,12.2638
103,47.17359,12.24848
104,47.1586,12.27974
105,47.17099,12.24694
106,47.13542,12.28873
107,47.14639,12.25742
108,47.1553,12.25478
109,47.15825,12.24303
110,47.18996,12.2327
111,47.15631,12.24907
112,47.18696,12.22786
113,47.1916,12.23168
114,47.1793,12.23251
115,47.15631,12.24719
116,47.15437,12.24106
117,47.15463,12.24719
118,47.18665,12.22941
119,47.17032,12.24606
120,47.15094,12.24242
121,47.16639,12.24221
122,47.16722,12.24046
123,47.16524,12.24579
124,47.13273,12.27383
125,47.13205,12.28001
126,46.75681,12.78703
127,46.75379,12.79651
128,47.05919,9.62175
129,47.05654,9.62443
130,47.0554,9.63515
131,47.05483,9.63927
132,47.05483,9.63927
133,47.05861,9.61293
134,47.06059,9.60814
135,47.90266,14.19988
136,47.07907,12.83627
137,47.08092,12.83536
138,47.08067,12.83622
139,41.196639,21.720256
140,41.201744,22.562667
141,41.210889,22.529156
142,42.038222,21.563442
143,42.04015,21.560933
144,42.040331,21.562583
145,41.953639,21.676317
146,41.903978,21.692836
147,41.906017,21.697353
148,41.903397,21.683272
149,41.903228,21.682689
150,41.641153,22.4782
151,41.619242,22.013764
152,41.569622,22.064919
153,41.560178,22.079594
154,41.53225,22.092567
155,41.530503,22.093589
156,42.079119,22.611372
157,42.085597,21.962342
158,42.105417,22.025233
159,40.75632,23.211322
160,43.63567,24.85211
161,43.38494,24.51454
162,42.62945,26.28969
163,42.67862,24.96543
164,42.68285,24.95851
165,42.680401,24.95932
166,42.6626,23.14169
167,42.79386,26.54131
168,42.2312,24.7244
169,41.39181,26.13308
170,41.49582,23.07091
171,42.15624,23.40681
172,42.15624,23.40681
173,42.15624,23.40681
174,42.15624,23.40681
175,42.15624,23.40681
176,42.15624,23.40681
177,42.15624,23.40681
178,42.15624,23.40681
179,42.7893,24.5193
180,42.5573,23.54757
181,42.10672,24.39964
182,42.10672,24.39964
183,42.10672,24.39964
184,42.10672,24.39964
185,42.10672,24.39964
186,42.03685,25.0445
187,42.27512,24.54647
188,43.3257,27.8665
189,41.5075,23.4993
190,41.259,23.2004
191,42.5768,25.4214
192,42.76359,25.44241
193,42.76359,25.44241
194,42.76359,25.44241
195,42.76359,25.44241
196,42.76359,25.44241
197,42.21013,26.58035
198,42.05763,27.78089
199,42.73588,25.39356
200,42.12112,23.12579
201,42.25951,26.57165
202,42.25951,26.57165
203,42.14795,26.54046
204,42.13696,25.13442
205,42.13696,25.13442
206,42.13696,25.13442
207,42.13696,25.13442
208,42.13696,25.13442
209,42.13696,25.13442
210,42.13696,25.13442
211,42.13696,25.13442
212,42.13696,25.13442
213,42.13696,25.13442
214,42.13696,25.13442
215,42.14372,25.20935
216,42.14372,25.20935
217,42.14372,25.20935
218,42.14372,25.20935
219,42.14372,25.20935
220,42.43687,23.80968
221,42.43687,23.80968
222,42.78343,24.6799
223,42.6626,23.14169
224,42.22752,24.74878
225,41.40488,23.31926
226,42.07504,23.08822
227,41.39796,23.20646
228,41.39796,23.20646
229,42.34791,23.52373
230,42.60092,24.77486
231,42.35643,24.73133
232,44.03942,22.77803
233,43.35079,24.47733
234,42.76558,24.11249
235,42.75471,24.3547
236,42.11192,23.55666
237,42.11192,23.55666
238,42.56597,23.50153
239,42.568,23.5434
240,42.5475,23.55
241,42.88954,24.71314
242,42.72417,24.45333
243,42.42637,25.63499
244,42.32067,26.55889
245,42.61661,26.82356
246,41.69978,23.55025
247,43.29895,-1.923249
248,43.306726,-1.799825
249,43.31612,-1.836623
250,43.131387,-2.417932
251,43.159142,-1.507527
252,43.158981,-1.495231
253,43.333999,-1.823958
254,43.278342,-1.677141
255,42.941293,-2.260387
256,43.184174,-2.208265
257,43.17517,-2.208381
258,42.913676,-2.17497
259,43.174819,-2.159172
260,43.201073,-2.060354
261,43.273896,-2.157809
262,43.246876,-2.158181
263,43.175579,-2.269881
264,43.306982,-1.824467
265,43.297051,-1.738375
266,43.193517,-2.25736
267,43.164732,-2.024008
268,43.184583,-2.269774
269,43.1755,-2.257579
270,43.183639,-2.13444
271,43.165985,-2.183896
272,43.299836,-2.021849
273,43.050426,-1.461053
274,43.308953,-2.034033
275,43.370027,-1.823262
276,43.375936,-4.452224
277,43.375936,-4.452224
278,43.375936,-4.452224
279,43.375936,-4.452224
280,42.160198,-1.591709
281,42.070263,-1.605775
282,42.276526,-1.528487
283,42.222167,-1.505517
284,42.205084,-1.578599
285,42.205084,-1.578599
286,42.230374,-1.444746
287,42.230374,-1.444746
288,42.25223,-1.759363
289,41.987019,-1.438601
290,42.039348,-1.316517
291,42.387869,-1.805288
292,42.06655,-1.327885
293,42.06655,-1.327885
294,42.075902,-1.351816
295,42.06655,-1.327885
296,42.073313,-1.883712
297,42.054936,-1.847791
298,42.030521,-1.32883
299,42.330415,-1.515106
300,42.276526,-1.528487
301,42.267523,-1.528697
302,42.048536,-1.328358
303,42.048536,-1.328358
304,41.987019,-1.438601
305,43.086917,-3.462566
306,43.131209,-3.62273
307,43.122327,-3.598054
308,43.105291,-3.3644
309,41.825968,-2.658629
310,41.834901,-2.634494
311,41.799093,-2.718943
312,43.140582,-2.454734
313,43.149341,-2.405463
314,42.331024,-3.092856
315,42.421153,-2.97145
316,42.376108,-2.983617
317,42.340067,-3.007893
318,42.853879,-1.588312
319,43.042391,-1.534902
320,43.23317,-1.665804
321,43.027,-1.756182
322,42.87361,-1.734769
323,42.798824,-3.411499
324,42.349647,-1.611769
325,42.990148,-1.683328
326,43.161687,-1.716563
327,43.025146,-1.596679
328,43.053884,-1.74336
329,43.053884,-1.74336
330,42.987126,-2.394763
331,42.668273,-1.202058
332,42.685703,-1.164937
333,42.62267,-1.16679
334,42.639069,-1.068746
335,42.686284,-1.201539
336,42.632251,-1.203096
337,42.600928,-2.691024
338,42.151625,-1.628196
339,42.133169,-1.592296
340,41.968672,-1.414913
341,42.976664,-1.340259
342,43.375541,-3.366026
343,43.366178,-3.464707
344,43.402152,-3.477331
345,43.393297,-3.440219
346,43.27547,-3.599552
347,43.393597,-3.353787
348,43.240014,-3.476051
349,43.375579,-3.353683
350,43.267404,-3.3777
351,43.141115,-3.426096
352,43.204949,-2.983434
353,43.06974,-2.860646
354,43.23182,-3.192768
355,43.277002,-3.069683
356,42.087109,-2.60888
357,42.213796,-2.826161
358,42.203913,-2.523379
359,43.287635,-1.701592
360,43.360897,-1.811098
361,43.225537,-1.789093
362,43.324346,-1.762477
363,43.324479,-1.774808
364,43.324996,-1.824132
365,43.216664,-1.80158
366,43.198389,-1.777322
367,43.198649,-1.801933
368,43.234276,-1.764302
369,43.225667,-1.801404
370,43.198649,-1.801933
371,43.234807,-1.81354
372,43.161687,-1.716563
373,43.225667,-1.801404
374,43.198389,-1.777322
375,43.216403,-1.776962
376,43.198389,-1.777322
377,43.198389,-1.777322
378,43.199277,-1.863462
379,43.234548,-1.788915
380,43.225537,-1.789093
381,43.234807,-1.81354
382,43.17176,-1.814762
383,43.19852,-1.789628
384,43.19852,-1.789628
385,43.216403,-1.776962
386,43.180506,-1.789983
387,43.189638,-1.802109
388,43.225537,-1.789093
389,43.225667,-1.801404
390,43.270035,-1.738934
391,41.511985,-0.551429
392,41.511985,-0.551429
393,41.569223,-0.705162
394,41.830559,-1.213622
395,41.830559,-1.213622
396,42.024477,-1.546381
397,43.222812,-2.811058
398,43.376072,-2.909335
399,43.249458,-2.650847
400,43.059675,-2.49228
401,43.349086,-2.995733
402,43.304042,-2.971077
403,43.240831,-2.811002
404,42.606101,-0.326217
405,41.821369,-1.201837
406,42.696453,-3.960158
407,43.009859,-1.155326
408,43.005234,-1.449913
409,42.850591,-1.34364
410,42.629025,-1.008083
411,43.27017,-1.751253
412,43.25229,-1.763938
413,43.252423,-1.776254
414,43.252554,-1.788558
415,43.25229,-1.763938
416,43.243288,-1.76412
417,43.296915,-1.72605
418,43.215581,-1.703122
419,43.150829,-3.13102
420,43.087738,-3.155446
421,42.997757,-2.983477
422,42.962103,-1.598113
423,41.904262,-0.789654
424,42.109172,-1.169546
425,41.859002,-0.779155
426,41.942539,-0.908948
427,41.810431,-1.731786
428,42.24266,-1.068742
429,43.357728,-2.711929
430,43.43528,-3.947085
431,43.43528,-3.947085
432,43.446202,-3.675398
433,43.437125,-3.687653
434,43.437125,-3.687653
435,42.974927,-1.953422
436,42.005647,-2.512774
437,42.014704,-2.524783
438,42.289282,-1.855659
439,43.273617,-2.120855
440,43.093658,-2.147996
441,43.240284,-2.601633
442,43.249331,-2.613892
443,43.021215,-2.099908
444,42.885283,-2.003921
445,42.609712,-2.617843
446,43.357636,-3.328898
447,42.850531,-2.163572
448,42.967549,-2.149726
449,42.967549,-2.149726
450,42.691149,-1.543175
451,43.055872,-1.939779
452,43.216664,-1.80158
453,43.394055,-2.872265
454,42.681142,-2.458745
455,43.329692,-2.440723
456,43.357103,-2.52684
457,43.068743,-2.504488
458,43.352388,-1.860608
459,43.295032,-3.045048
460,43.101888,-2.049572
461,43.246108,-2.059662
462,43.268009,-2.995739
463,43.140643,-1.471088
464,42.086458,-4.543275
465,42.024324,-1.534306
466,51.119412,3.206033
467,50.808554,4.448823
468,50.946215,4.789827
469,51.170065,4.007966
470,50.76231,4.61152
471,50.76912,4.6187
472,50.576139,-3.961697
473,50.681088,-3.692866
474,51.370144,-2.291592
475,50.993266,-1.434282
476,51.039439,0.109652
477,51.253233,0.021973
478,52.77711,0.508546
479,52.048657,0.291046
480,52.138476,1.472254
481,53.261218,-1.077989
482,52.167103,0.257644
483,53.24126,-2.68176
484,53.292644,-2.032972
485,53.229461,-2.251635
486,53.28673,-2.353974
487,53.283456,-2.512939
488,52.893214,-2.84574
489,54.345223,-3.033726
490,54.521148,-3.158675
491,53.790843,-2.613223
492,53.885564,-2.7135
493,54.165468,-4.669902
494,53.928773,-2.842168
495,53.424779,-2.034579
496,53.373546,-2.025519
497,53.530163,-1.229058
498,54.110138,-2.327299
499,54.095414,-2.435747
500,54.525566,-0.743786
501,51.962924,-3.042075
502,52.727387,-3.20533
503,52.704675,-3.228385
504,52.563531,-3.464918
505,52.562596,-3.467838
506,52.527578,-3.730548
507,52.419588,-4.071915
508,52.432007,-4.029836
509,52.435702,-4.024121
510,52.379217,-3.849628
511,52.379217,-3.849628
512,52.379217,-3.849628
513,51.65339,-4.956323
514,53.223636,-4.005664
515,52.935183,-3.996762
516,52.943531,-4.137055
517,52.847809,-4.524439
518,52.824679,-4.512706
519,52.814926,-4.506207
520,56.481817,-5.956364
521,56.468269,-5.958203
522,56.39807,-5.757947
523,56.401705,-5.756684
524,56.478387,-5.951132
525,56.590141,-6.217069
526,56.590141,-6.217069
527,56.478387,-5.951132
528,56.475749,-5.949233
529,56.416655,-5.226133
530,55.846421,-2.723435
531,56.53599,-3.557701
532,56.639664,-5.76728
533,56.61671,-5.78293
534,56.603813,-5.793051
535,57.690916,-5.669382
536,57.692297,-5.652733
537,57.095686,-5.384031
538,57.658147,-5.493314
539,58.28629,-4.850214
540,58.118782,-5.24105
541,57.099444,-5.960899
542,56.709948,-5.702378
543,58.242186,-5.047779
544,57.157331,-5.804935
545,56.525211,-5.746138
546,42.62945,26.28969
547,42.64554,26.43524
548,42.65217,26.4528
549,45.592099,15.614757
550,45.321749,14.80988
551,44.81522,15.042016
552,45.800261,15.611619
553,45.789367,15.611169
554,45.77511,15.593931
555,45.75609,15.636177
556,45.99402,17.160859
557,45.802692,18.668777
558,42.653644,18.118814
559,45.039268,14.15971
560,45.047743,14.158126
561,45.386544,14.887712
562,45.059402,14.667798
563,45.05932,14.663819
564,44.966566,14.740546
565,45.054283,14.70553
566,45.054121,14.7054
567,45.009497,14.570589
568,45.093213,14.66638
569,44.381633,15.12503
570,45.76513,15.62501
571,45.81111,15.66936
572,45.82376,15.61695
573,45.77452,15.6874
574,46.17311,15.88786
575,43.32903,17.05252
576,46.3199,16.36748
577,45.24468,13.93736
578,45.28108,13.94208
579,44.655811,15.720917
580,42.66567,18.10029
581,42.63819,18.14871
582,45.109242,14.648766
583,45.047544,14.683048
584,45.065362,14.139862
585,45.072088,14.13723
586,45.075385,14.131361
587,45.084141,14.139407
588,45.077999,14.132161
589,45.083837,14.143744
590,45.082201,14.141752
591,44.70221,15.03971
592,42.98569,17.17747
593,45.19178,14.240152
594,45.215917,14.243686
595,42.755235,16.883706
596,45.148037,13.612535
597,45.317416,13.608302
598,42.20848,18.92713
599,42.977274,17.130084
600,43.208546,16.561928
601,43.360534,16.727622
602,43.405663,16.283184
603,42.930585,16.787825
604,42.163838,19.001968
605,43.781865,15.646466
606,43.774214,15.62778
607,43.77316,15.65303
608,43.771874,15.63609
609,43.772972,15.662387
610,43.794669,15.64326
611,44.886684,13.965078
612,42.6681,18.11064
613,42.66679,18.08587
614,42.963505,16.014468
615,43.689567,15.851933
616,43.69195,15.850283
617,43.6882,15.853667
618,43.69245,15.838833
619,42.737452,17.878239
620,45.06315,14.144179
621,45.077643,14.148892
622,45.076174,14.15086
623,45.065232,14.151495
624,45.07302,14.13087
625,45.091296,14.132617
626,45.08999,14.133767
627,42.75689,16.88427
628,45.139579,13.686302
629,44.835114,13.878957
630,44.832073,13.905084
631,44.826465,13.89617
632,44.832079,13.905089
633,44.831299,13.902967
634,44.833384,13.920323
635,44.815772,13.967372
636,44.837672,13.887434
637,45.049623,14.154634
638,45.142848,14.172081
639,45.068451,14.144991
640,45.058133,14.157319
641,45.102202,14.662218
642,45.101632,14.660388
643,43.776441,15.644952
644,44.58283,14.422062
645,44.831358,13.906114
646,45.830013,15.600434
647,44.819275,15.067435
648,45.402768,14.863122
649,45.42452,14.928322
650,43.98537,15.712978
651,44.120337,15.423795
652,45.37275,14.670636
653,45.458965,14.550449
654,45.066214,14.667499
655,45.06682,14.66708
656,45.066677,14.666778
657,45.359359,14.644133
658,45.498889,13.998333
659,45.239892,18.004923
660,45.245228,18.003385
661,45.263027,18.021928
662,45.387548,17.978135
663,50.042222,14.375833
664,50.768889,15.543056
665,49.968333,13.941111
666,50.143333,13.833333
667,50.771111,15.535556
668,50.759167,15.534722
669,50.757222,15.535
670,50.759444,15.539444
671,48.972778,13.576667
672,48.9925,13.590556
673,48.968611,13.568611
674,48.782778,13.844722
675,50.730278,15.704722
676,50.5475,13.27
677,50.5475,13.27
678,50.361389,13.243611
679,49.544389,18.495097
680,50.854033,15.340706
681,48.683333,14.05
682,48.916667,13.816667
683,49.016667,13.45
684,48.95,13.5
685,49.1025,16.240944
686,49.5,18.316667
687,50.576667,14.656944
688,49.668056,16.908333
689,48.825,16.694444
690,48.873889,15.838611
691,49.786944,16.066667
692,49.999167,14.334722
693,49.051389,13.606944
694,50.054444,17.235278
695,49.931111,14.116389
696,50.017222,17.274167
697,50.633333,14.3
698,49.726944,14.3675
699,49.745833,14.787222
700,49.651944,15.065833
701,49.490278,18.233333
702,49.493056,18.3
703,49.893333,14.880833
704,50.175556,16.864722
705,50.738056,15.714722
706,50.743333,15.681111
707,48.779167,13.870833
708,49.0225,13.5425
709,49.496944,18.257778
710,49.496944,18.257778
711,50.355278,13.429167
712,50.181944,16.043056
713,50.030278,13.296111
714,49.878889,13.593611
715,49.676667,16.754167
716,49.526944,18.4275
717,49.526944,18.4275
718,50.343889,16.370278
719,50.888611,15.266667
720,50.093889,15.683333
721,50.093889,15.683333
722,50.731667,15.704722
723,50.853056,15.27
724,50.8175,15.357778
725,50.758333,15.525
726,50.715556,15.668333
727,50.715556,15.668333
728,50.715556,15.668333
729,50.715556,15.668333
730,50.715556,15.668333
731,50.052778,17.241667
732,49.480278,15.586389
733,49.676667,12.627222
734,50.058889,14.108611
735,40.992079,25.150452
736,51.6,28.233333
737,44.049722,18.916111
738,43.291944,22.825833
739,43.291944,22.825833
740,43.291944,22.825833
741,46.443333,25.584722
742,46.443056,25.583333
743,46.4575,25.581111
744,60.013889,17.315833
745,60.11,23.475556
746,63.6,23.677778
747,62.264722,30.360278
748,61.223333,25.353056
749,62.05,25.02
750,61.223333,25.353056
751,62,24.95
752,62.020556,24.922778
753,62,24.95
754,61.287778,25.255833
755,61.287778,25.255833
756,62.023889,25.033333
757,62.011667,24.826389
758,62.026389,25.098056
759,60.192778,29.831944
760,58.006944,33.341667
761,57.8925,34.150278
762,57.243611,30.552222
763,58.006944,33.341667
764,57.243611,30.552222
765,59.316944,30.585556
766,60.192778,29.831944
767,57.243611,30.552222
768,57.8925,34.150278
769,57.8925,34.150278
770,57.243611,30.552222
771,57.243611,30.552222
772,57.243611,30.552222
773,57.243611,30.552222
774,59.316944,30.585556
775,57.8925,34.150278
776,57.8925,34.150278
777,57.8925,34.150278
778,57.8925,34.150278
779,57.243611,30.552222
780,58.006944,33.341667
781,60.192778,29.831944
782,57.243611,30.552222
783,57.243611,30.552222
784,57.243611,30.552222
785,59.770833,28.578611
786,59.770833,28.578611
787,57.243611,30.552222
788,57.243611,30.552222
789,57.243611,30.552222
790,58.006944,33.341667
791,60.192778,29.831944
792,57.243611,30.552222
793,57.243611,30.552222
794,57.8925,34.150278
795,57.243611,30.552222
796,57.8925,34.150278
797,60.192778,29.831944
798,59.770833,28.578611
799,57.8925,34.150278
800,57.243611,30.552222
801,57.243611,30.552222
802,57.8925,34.150278
803,57.243611,30.552222
804,58.006944,33.341667
805,59.316944,30.585556
806,58.006944,33.341667
807,57.243611,30.552222
808,57.243611,30.552222
809,57.8925,34.150278
810,58.006944,33.341667
811,59.770833,28.578611
812,59.770833,28.578611
813,59.770833,28.578611
814,59.770833,28.578611
815,57.243611,30.552222
816,57.243611,30.552222
817,57.243611,30.552222
818,57.243611,30.552222
819,57.243611,30.552222
820,59.316944,33.341667
821,57.243611,30.552222
822,57.243611,30.552222
823,57.8925,34.150278
824,57.8925,34.150278
825,57.8925,34.150278
826,57.8925,34.150278
827,57.243611,30.552222
828,57.243611,30.552222
829,57.8925,34.150278
830,57.8925,34.150278
831,57.243611,30.552222
832,57.243611,30.552222
833,60.192778,29.831944
834,57.243611,30.552222
835,57.243611,30.552222
836,57.8925,34.150278
837,60.192778,29.831944
838,59.770833,28.578611
839,59.770833,28.578611
840,59.770833,28.578611
841,58.006944,33.341667
842,59.770833,28.578611
843,59.709167,28.124167
844,59.709167,28.124167
845,57.8925,34.150278
846,62.220833,22.424722
847,62.195833,22.418889
848,62.195833,22.418889
849,62.195833,22.418889
850,62.195833,22.418889
851,62.195833,22.418889
852,62.195833,22.418889
853,61.205833,22.421389
854,62.205278,22.420278
855,62.205278,22.420278
856,62.215833,22.384722
857,62.215833,22.384722
858,62.215833,22.384722
859,62.214444,22.400833
860,62.214444,22.400833
861,62.214444,22.400833
862,63.466667,36.8
863,65.853333,27.675833
864,66.146944,25.484722
865,66.364722,29.615556
866,65.853333,27.675833
867,66.146944,25.484722
868,67.613333,25.256389
869,67.613333,25.256389
870,67.613333,25.256389
871,67.613333,25.256389
872,65.853333,27.675833
873,66.146944,25.484722
874,66.146944,25.484722
875,66.149722,29.566944
876,67.608056,25.357778
877,67.608056,25.357778
878,67.608056,25.357778
879,67.608056,25.357778
880,46.607778,22.785278
881,46.571944,22.798333
882,38.989444,16.685833
883,53.727222,23.337778
884,53.727222,23.337778
885,53.727222,23.337778
886,53.727222,23.337778
887,53.727222,23.337778
888,53.727222,23.337778
889,54.796389,18.248889
890,60.859444,22.436389
891,61.233889,22.603333
892,61.116667,22.35
893,61.210278,22.597778
894,62.021667,22.510278
895,62.031111,22.683889
896,61.210278,22.597778
897,62.052778,22.75
898,62.052778,22.75
899,61.234444,22.55
900,60.845278,22.273611
901,60.859444,22.436389
902,61.233889,22.603333
903,61.233889,22.603333
904,61.234444,22.55
905,60.756389,22.394444
906,61.234444,22.55
907,60.859444,22.436389
908,60.726944,22.404722
909,60.836389,22.212222
910,60.859444,22.436389
911,60.83,22.327778
912,60.845278,22.273611
913,62.021667,22.510278
914,60.859444,22.436389
915,52.505278,33.935556
916,52.505278,33.935556
917,52.505278,33.935556
918,52.505278,33.935556
919,52.505278,33.935556
920,52.505278,33.935556
921,52.505278,33.935556
922,52.505278,33.935556
923,52.505278,33.935556
924,59.5,49.25
925,59.5,49.25
926,59.5,49.25
927,59.5,49.25
928,59.5,49.25
929,59.5,49.25
930,59.5,49.25
931,59.5,49.25
932,59.5,49.25
933,59.5,49.25
934,59.5,49.25
935,59.5,49.25
936,59.5,49.25
937,59.5,49.25
938,59.5,49.25
939,59.5,49.25
940,44.1297,3.220129
941,44.1873,3.239029
942,44.145,3.198529
943,44.1549,3.433429
944,43.9128,3.316429
945,43.902,3.734929
946,43.5861,3.110329
947,43.857,4.066129
948,43.3422,3.450529
949,43.6014,3.949129
950,43.6266,3.948229
951,49.563,4.844629
952,44.8695,5.525029
953,44.8614,5.515129
954,44.8713,5.491729
955,44.8659,5.492629
956,43.4655,5.334229
957,43.083,5.834629
958,43.2252,5.617729
959,43.191,5.719429
960,43.407,5.496229
961,42.8472,9.447229
962,43.2828,5.937229
963,43.74,3.543229
964,43.6392,3.249829
965,43.641,3.251629
966,42.885,2.348029
967,46.26,5.939929
968,46.2726,5.937229
969,46.2753,5.939929
970,46.2717,5.937229
971,46.5543,6.158629
972,43.6266,3.948229
973,43.7283,4.450429
974,43.8453,-1.391471
975,43.8453,-1.391471
976,43.8453,-1.391471
977,45.99,-1.252871
978,43.902,-1.300571
979,43.8975,-1.334771
980,43.8759,-1.337471
981,43.8552,-1.369871
982,43.8759,-1.337471
983,43.8975,-1.334771
984,43.8372,-1.373471
985,45.2196,-1.127771
986,45.2196,-1.127771
987,45.2196,-1.127771
988,43.4655,4.355929
989,43.4655,4.355929
990,43.4655,4.355929
991,44.3124,6.857029
992,44.2908,6.928129
993,44.2557,6.821929
994,44.2116,6.943429
995,44.2908,6.829129
996,48.2535,-4.435271
997,48.2535,-4.435271
998,48.4173,-3.880871
999,48.4173,-3.880871
1000,47.8134,-3.366971
1001,43.623,3.204829
1002,43.6338,3.204829
1003,42.5439,2.333629
1004,42.5619,2.325529
1005,42.5583,2.393029
1006,42.552,2.373229
1007,44.3007,4.103029
1008,44.3133,4.090429
1009,47.2266,4.868929
1010,42.8274,-0.136871
1011,46.008,1.419229
1012,45.576,1.360729
1013,45.7695,1.972729
1014,45.8235,1.855729
1015,45.7785,1.824229
1016,46.008,1.419229
1017,45.756,1.621729
1018,46.0557,1.402129
1019,46.6443,1.335529
1020,45.1332,1.041229
1021,45.8055,0.382429
1022,44.658,6.668929
1023,45.2745,1.941229
1024,45.567,0.053929
1025,43.848,-1.313171
1026,44.4636,-1.091771
1027,44.4636,-1.091771
1028,43.8534,-1.321271
1029,43.8777,-1.320371
1030,43.8777,-1.320371
1031,43.8822,-1.249271
1032,43.8822,-1.249271
1033,43.7202,-1.368071
1034,43.7085,-1.374371
1035,44.4087,-1.182671
1036,43.713,-1.371671
1037,43.7202,-1.368071
1038,43.713,-1.371671
1039,48.6045,-2.021471
1040,46.7739,6.001129
1041,47.2122,6.592429
1042,46.755,6.362929
1043,43.3197,6.405229
1044,53.497095,7.790397
1045,48.923024,11.369891
1046,51.490603,14.566755
1047,53.050438,11.473083
1048,49.429622,6.611967
1049,49.14831,7.208405
1050,50.691021,6.085911
1051,47.979222,8.746898
1052,47.979222,8.746898
1053,47.979222,8.746898
1054,47.984953,8.752027
1055,47.984953,8.752027
1056,47.984953,8.752027
1057,47.984953,8.752027
1058,47.984953,8.752027
1059,51.588842,4.802317
1060,49.284966,8.498646
1061,50.77501,10.95831
1062,50.450833,8.596667
1063,48.0754,8.8398
1064,50.009945,8.173485
1065,51.311838,9.880142
1066,53.86999,12.984982
1067,51.189144,8.464079
1068,51.265399,8.587447
1069,51.549747,10.824404
1070,51.128807,8.593343
1071,51.62502,7.95831
1072,51.87502,8.04165
1073,48.60105,13.58411
1074,48.020443,8.12645
1075,49.22502,9.79165
1076,48.553611,8.973055
1077,48.553611,8.973055
1078,48.553611,8.973055
1079,48.569906,8.244381
1080,48.569906,8.244381
1081,50.07502,11.04165
1082,50.645107,6.387692
1083,50.481214,6.111832
1084,50.733848,6.193542
1085,48.096483,7.673349
1086,47.693819,10.037127
1087,47.616667,8.416667
1088,47.616667,8.416667
1089,47.616667,8.416667
1090,47.616667,8.416667
1091,47.616667,8.416667
1092,47.616667,8.416667
1093,47.616667,8.416667
1094,47.616667,8.416667
1095,47.616667,8.416667
1096,47.633333,8.433333
1097,47.654619,8.499892
1098,47.654619,8.499892
1099,47.654619,8.499892
1100,47.654619,8.499892
1101,47.654619,8.499892
1102,47.654619,8.499892
1103,47.654619,8.499892
1104,47.654619,8.499892
1105,47.654619,8.499892
1106,48.317114,8.96575
1107,48.317114,8.96575
1108,48.317114,8.96575
1109,48.317114,8.96575
1110,48.317114,8.96575
1111,48.317114,8.96575
1112,48.413825,9.142664
1113,48.413825,9.142664
1114,48.413825,9.142664
1115,48.413825,9.142664
1116,48.413825,9.142664
1117,48.413825,9.142664
1118,48.413825,9.142664
1119,48.413825,9.142664
1120,48.413825,9.142664
1121,48.413825,9.142664
1122,48.413825,9.142664
1123,52.08139,11.44861
1124,52.08139,11.44861
1125,49.02501,12.20831
1126,48.97501,12.45831
1127,48.97501,12.45831
1128,48.82501,13.20831
1129,48.97502,12.87498
1130,48.92502,12.95832
1131,48.97502,12.87498
1132,48.92501,13.04165
1133,48.92502,12.95832
1134,48.87501,12.95832
1135,53.26113,8.00838
1136,48.87502,13.37497
1137,48.87502,13.54164
1138,48.018635,7.960281
1139,47.82501,7.79165
1140,47.773671,7.900082
1141,50.82501,11.54164
1142,47.42501,10.37498
1143,47.52501,10.37498
1144,47.52501,10.37498
1145,47.52501,10.37498
1146,47.622955,12.966921
1147,47.622955,12.966921
1148,47.622955,12.966921
1149,47.51713,10.63424
1150,47.51316,10.6122
1151,47.5198,10.63705
1152,47.49889,10.63982
1153,47.50629,10.63393
1154,47.52121,10.598
1155,47.622955,12.966921
1156,47.622955,12.966921
1157,51.7059,8.98871
1158,51.22012,8.68101
1159,51.83373,8.94975
1160,50.66752,6.25004
1161,51.40137,8.60607
1162,48.63436,10.66154
1163,47.64164,12.82427
1164,47.59294,11.69565
1165,48.22968,11.55048
1166,47.97216,11.24739
1167,49.09547,13.14606
1168,49.08819,13.11839
1169,48.25431,10.76259
1170,49.74267,9.91485
1171,35.255833,24.603333
1172,35.410278,23.661389
1173,39.1075,21.021111
1174,39.3125,21.425278
1175,39.351111,21.359722
1176,39.556944,20.1825
1177,39.555556,20.186389
1178,39.556389,20.184167
1179,39.936389,20.548056
1180,38.3325,20.589167
1181,39.436111,19.921667
1182,39.433611,19.919167
1183,38.72,20.617222
1184,38.708056,20.620556
1185,38.700833,20.6125
1186,38.901667,22.181111
1187,38.573333,22.158333
1188,37.431389,22.350556
1189,37.101944,22.641667
1190,37.296389,22.645833
1191,37.908333,22.460556
1192,37.858611,22.4425
1193,37.856944,22.448611
1194,37.841667,22.450833
1195,37.850833,22.469167
1196,36.866944,22.300278
1197,37.040278,22.385
1198,39.536111,24.989444
1199,37.134167,24.471667
1200,40.336944,22.101111
1201,40.320833,22.437222
1202,40.534722,22.6025
1203,41.029444,25.435278
1204,40.963333,25.351667
1205,41.096389,23.589167
1206,41.232222,22.7775
1207,41.2475,22.7725
1208,39.800556,22.825833
1209,40.708056,22.68
1210,40.670556,23.662778
1211,40.654444,23.6225
1212,41.058611,22.168056
1213,40.69,23.088056
1214,39.170278,20.780833
1215,39.1175,20.999444
1216,39.471667,21.298333
1217,39.586111,20.204722
1218,39.566667,20.183889
1219,39.555556,20.186389
1220,39.556389,20.184167
1221,39.678611,20.872222
1222,39.233611,20.488333
1223,37.824167,20.642222
1224,37.872778,20.664444
1225,39.817222,19.843889
1226,39.8175,19.844444
1227,39.816944,19.844722
1228,39.816667,19.845833
1229,39.202222,20.189167
1230,39.186667,20.202222
1231,37.840556,21.218889
1232,37.555556,21.563056
1233,38.641667,22.224167
1234,37.558611,22.813889
1235,37.143056,22.775
1236,37.141389,22.754444
1237,37.2525,22.6375
1238,37.980278,22.482222
1239,37.893333,22.884167
1240,36.781111,23.030278
1241,36.806944,22.668056
1242,37.062778,22.128333
1243,36.799444,21.763333
1244,36.720833,21.7525
1245,36.721389,21.7525
1246,39.528611,24.979167
1247,39.536111,24.989444
1248,35.308611,24.308611
1249,38.899167,22.183056
1250,38.15,24.012778
1251,35.896111,27.235
1252,36.24,22.966111
1253,37.697222,24.016667
1254,37.666944,24.027222
1255,39.085278,23.743611
1256,34.863611,24.064722
1257,37.900556,24.873056
1258,35.418611,23.8825
1259,35.418333,23.883056
1260,35.427222,23.881667
1261,40.45,23.415556
1262,40.447222,23.413889
1263,39.6625,22.233056
1264,38.093611,24.419722
1265,38.864167,22.244722
1266,34.93,24.771667
1267,35.035,26.154167
1268,35.329722,24.423056
1269,35.340556,24.427778
1270,41.901676,12.296311
1271,41.87001,12.28308
1272,42.032334,12.563627
1273,41.838133,12.407816
1274,41.679215,12.40784
1275,42.153184,12.551574
1276,41.652133,12.427064
1277,42.220496,12.581224
1278,41.844328,12.891097
1279,41.8432,12.905139
1280,42.243491,12.503485
1281,45.470375,8.590216
1282,45.469101,8.590984
1283,46.02655,11.059511
1284,46.025826,11.060662
1285,46.04128,11.471311
1286,45.840711,7.181148
1287,45.780217,7.247011
1288,45.806503,10.75959
1289,45.750553,10.662272
1290,41.449494,13.42831
1291,43.069331,12.65313
1292,41.524282,13.548584
1293,42.254024,11.766412
1294,41.457958,13.152957
1295,37.052138,14.472541
1296,38.765617,16.21432
1297,38.764689,16.215498
1298,38.763957,16.216192
1299,38.763392,16.217327
1300,40.816538,14.409601
1301,38.966859,16.184367
1302,37.14447,14.611478
1303,38.009581,14.482419
1304,37.247992,14.353473
1305,37.094075,14.604494
1306,37.024179,14.380076
1307,37.047608,14.394555
1308,37.065382,14.375459
1309,37.074047,14.394681
1310,42.899827,11.163765
1311,42.896716,10.823398
1312,38.970588,16.198938
1313,38.979825,16.175115
1314,38.96777,16.187619
1315,37.718136,13.491849
1316,37.969572,12.050994
1317,37.968981,12.050222
1318,43.468652,10.362076
1319,43.4687,10.362522
1320,38.68198,16.31263
1321,39.425664,16.011541
1322,39.425674,16.010388
1323,37.973386,15.941066
1324,37.972367,15.93804
1325,42.410575,12.580395
1326,42.407596,12.586007
1327,38.989627,16.199599
1328,38.989669,16.199004
1329,38.156579,13.357874
1330,42.784025,12.155358
1331,41.918515,13.1157
1332,44.057474,9.935285
1333,44.335227,9.178389
1334,44.32299,9.190493
1335,43.463518,10.399259
1336,44.138411,9.744886
1337,37.664691,14.513752
1338,37.724283,13.500296
1339,42.062859,11.953532
1340,41.504145,13.42175
1341,38.962495,16.216222
1342,41.32971,13.03585
1343,41.32813,13.041731
1344,41.332741,13.068587
1345,41.339849,13.032968
1346,41.349601,13.056229
1347,41.358054,13.031971
1348,41.348618,13.037663
1349,41.40203,13.63815
1350,41.514339,13.379652
1351,41.713396,13.407934
1352,42.838918,10.825659
1353,40.59913,16.819453
1354,41.962504,12.436432
1355,43.362624,13.038495
1356,43.25992,13.082683
1357,43.288053,13.029341
1358,43.366021,13.185897
1359,37.763979,15.09009
1360,40.507977,15.393135
1361,43.533016,13.586911
1362,41.421466,13.427008
1363,41.550453,13.289688
1364,41.545441,13.288969
1365,42.540941,12.324868
1366,42.809627,12.073561
1367,40.61571,8.438456
1368,40.575734,17.183949
1369,40.584855,16.869474
1370,44.066495,11.965413
1371,39.945567,15.775334
1372,38.164523,13.337831
1373,42.798761,10.840934
1374,39.372221,8.62086
1375,39.579669,8.702973
1376,38.919892,8.86556
1377,42.144812,12.142486
1378,42.111028,12.107434
1379,41.474466,12.719765
1380,42.188115,12.616645
1381,43.369777,13.187454
1382,38.114096,12.672166
1383,38.093497,12.730673
1384,38.096947,12.725111
1385,38.101763,12.713553
1386,38.09778,12.724337
1387,40.669275,14.579019
1388,40.29511,15.761633
1389,38.271461,16.08596
1390,37.177096,14.877626
1391,44.220135,8.371114
1392,44.32296,9.172705
1393,39.058133,16.207619
1394,39.057158,16.207976
1395,38.966932,16.185263
1396,38.965004,16.185655
1397,41.737432,12.661244
1398,42.157551,11.926206
1399,38.961006,16.218652
1400,42.828457,11.522764
1401,43.47575,13.002981
1402,43.183611,13.012889
1403,43.233578,10.685015
1404,44.574595,9.147949
1405,44.675379,9.201542
1406,41.71418,12.330349
1407,41.718266,12.346622
1408,41.716784,12.331691
1409,41.716101,12.329353
1410,39.318687,16.111865
1411,38.239009,16.046491
1412,42.626136,11.087586
1413,43.150005,11.257968
1414,57.4308,25.3316
1415,57.1909,25.6887
1416,57.4078,25.6803
1417,57.2044,25.6557
1418,57.2148,25.6806
1419,57.24,23.1604
1420,57.2418,23.1636
1421,57.2415,23.1623
1422,57.1332,25.5835
1423,57.1332,25.5839
1424,57.1347,25.5828
1425,57.1345,25.5805
1426,57.1352,25.5804
1427,57.1361,25.5772
1428,57.1344,25.584
1429,57.1359,25.584
1430,57.1361,25.586
1431,57.1389,25.578
1432,57.131,25.575
1433,57.134,25.5716
1434,57.1348,25.5722
1435,57.1281,25.5747
1436,57.1331,25.5729
1437,57.1306,25.5678
1438,57.1363,25.5773
1439,57.1325,25.5856
1440,55.615667,25.550556
1441,54.752556,25.256778
1442,54.024222,24.296306
1443,55.02925,25.632639
1444,55.358861,26.439111
1445,55.253833,25.74475
1446,55.790806,25.8825
1447,41.619242,22.013764
1448,41.53225,22.092567
1449,41.531019,22.092875
1450,41.529072,22.09245
1451,41.780556,22.009617
1452,51.941158,6.696112
1453,52.510066,6.43305
1454,52.674327,6.096888
1455,52.403868,4.549602
1456,52.638204,4.648559
1457,51.957074,5.678164
1458,51.400141,5.430311
1459,50.850995,5.827384
1460,50.788368,5.741707
1461,51.561901,5.48815
1462,51.479327,6.02059
1463,52.52205,6.006032
1464,52.52205,6.006032
1465,51.875376,5.909984
1466,50.796894,5.86942
1467,50.787964,5.855147
1468,52.074258,5.314272
1469,50.976345,5.942485
1470,52.217725,5.094541
1471,52.253676,5.094305
1472,52.188483,4.597523
1473,51.550588,3.757911
1474,51.399999,5.574011
1475,52.468622,4.872139
1476,52.468622,4.872139
1477,52.576195,4.811874
1478,53.23529,6.1448
1479,52.244687,5.680043
1480,52.312716,4.547802
1481,52.780492,6.58698
1482,52.182078,5.504174
1483,52.03483,6.06822
1484,51.988183,6.493651
1485,51.986899,6.664688
1486,52.096559,6.437955
1487,52.116959,6.117216
1488,51.804986,5.05967
1489,52.037665,5.855766
1490,50.88307,5.781793
1491,50.812595,5.973156
1492,51.795828,4.540767
1493,51.729282,4.5879
1494,51.998042,4.686358
1495,51.961615,4.939221
1496,51.920265,4.667074
1497,51.972153,4.685889
1498,51.949092,5.007565
1499,51.930111,5.096415
1500,52.126762,4.803067
1501,51.84558,4.29558
1502,52.410467,5.787103
1503,52.057428,5.565233
1504,51.83394,5.589883
1505,53.421978,5.657954
1506,53.005796,6.604586
1507,51.424031,4.538907
1508,50.778666,5.925941
1509,51.8318,3.950887
1510,52.25241,4.916732
1511,52.416381,4.591641
1512,52.145354,4.74833
1513,52.070922,4.816631
1514,51.893417,4.878739
1515,51.771396,4.352434
1516,52.125402,4.418869
1517,51.871413,5.891206
1518,51.919324,4.674939
1519,51.919897,4.776685
1520,51.980874,5.454887
1521,52.031255,6.021009
1522,51.875519,5.423564
1523,52.289189,5.682432
1524,51.920997,6.649933
1525,51.8095,5.124686
1526,51.804695,5.898855
1527,52.36357,5.829902
1528,52.41655,6.462622
1529,51.710608,4.797505
1530,52.11791,4.351719
1531,52.144961,4.371838
1532,52.145356,4.429832
1533,51.774481,4.452199
1534,51.762974,4.48648
1535,52.119742,4.475646
1536,51.844036,4.519979
1537,52.147482,4.543459
1538,52.206479,4.548194
1539,51.940948,4.675963
1540,51.907648,4.825825
1541,51.880308,4.925507
1542,51.95133,4.977871
1543,51.918275,5.072654
1544,51.945421,4.679907
1545,51.997015,4.679821
1546,51.915169,4.801458
1547,52.129404,4.792225
1548,52.144669,4.82577
1549,51.91643,4.92281
1550,53.251713,6.565438
1551,50.819333,5.753679
1552,52.380147,5.920525
1553,52.380397,4.546653
1554,69.616667,25.266667
1555,69.05,23.2
1556,70.15,28.133333
1557,69.083333,20.75
1558,69.033333,20.9
1559,68.983333,20.933333
1560,68.883333,21.166667
1561,69.908333,27.041667
1562,68.466667,22.433333
1563,69.016667,20.883333
1564,68.991667,20.916667
1565,69.291667,27.241667
1566,69.4,26.4
1567,69.75,26.991667
1568,68.45,22.5
1569,68.683333,21.5
1570,68.916667,20.95
1571,68.4,24.483333
1572,68.466667,22.466667
1573,69.516667,25.5
1574,68.683333,21.516667
1575,68.6,21.783333
1576,68.913889,20.930556
1577,68.925,20.933333
1578,68.9,20.905556
1579,69.083333,20.747222
1580,69.091667,20.744444
1581,68.4,23.663889
1582,68.669444,21.616667
1583,68.869444,21.166667
1584,69.413889,26.066667
1585,68.677778,21.558333
1586,68.675,21.652778
1587,69.033333,20.844444
1588,69.027778,20.844444
1589,69.052778,20.786111
1590,68.588889,21.908333
1591,69.733333,27.019444
1592,68.591667,21.791667
1593,68.630556,21.722222
1594,69.052778,20.733333
1595,68.672222,21.625
1596,68.508333,22.133333
1597,69.75,27.005556
1598,68.675,21.583333
1599,68.683333,21.583333
1600,69.058333,23.016667
1601,69.811111,20.9
1602,69.375,23.483333
1603,70.6,27.069444
1604,69.658333,29.391667
1605,69.794444,23.508333
1606,69.047222,20.75
1607,68.894444,21.013889
1608,69.183333,20.016667
1609,69.4,26
1610,69.727778,29.308333
1611,69.105556,23.308333
1612,69.213889,20.702778
1613,69.066667,20.763889
1614,69.052778,20.786111
1615,69.188889,20.688889
1616,69.191667,20.741667
1617,70.438889,28.063889
1618,70.452778,27.002778
1619,69.719444,29.238889
1620,69.208333,19.547222
1621,68.991667,20.855556
1622,68.697222,21.580556
1623,70.455556,24.258333
1624,69.175,20.013889
1625,69.516667,29.980556
1626,69.230556,19.844444
1627,70.486111,27.072222
1628,69.1,19.7
1629,69.816667,21
1630,70.344444,25.666667
1631,69.705556,29.325
1632,69.033333,20.847222
1633,69.205556,19.577778
1634,69.058333,19.483333
1635,70.358333,25.447222
1636,70.491667,27.072222
1637,70.594444,24.752778
1638,68.675,21.608333
1639,68.677778,21.563889
1640,69.722222,27.066667
1641,69.036111,20.838889
1642,69.061111,20.777778
1643,69.783333,29.336111
1644,70.491667,24.036111
1645,69.041667,19.433333
1646,70.455556,24.733333
1647,69.252778,20.580556
1648,69.752778,26.988889
1649,69.291667,26.722222
1650,69.858333,23.347222
1651,69.419444,25.827778
1652,69.391667,25.866667
1653,69.475,25.866667
1654,69.147222,27.108333
1655,69.458333,25.833333
1656,69.208333,19.794444
1657,69.175,19.216667
1658,69.213889,19.35
1659,69.491667,21.480556
1660,69.366667,20.291667
1661,55.512834,13.503075
1662,53.506154,13.833323
1663,52.586944,23.534167
1664,52.86,23.801667
1665,53.406944,23.509167
1666,51.034167,17.343611
1667,51.580833,16.106111
1668,51.365556,16.484444
1669,50.686389,17.165278
1670,49.486111,19.129722
1671,49.441944,19.014444
1672,49.592778,19.414167
1673,49.776111,18.975556
1674,49.592778,19.414167
1675,49.601389,19.010278
1676,49.815278,19.242222
1677,50.134167,18.901667
1678,50.861667,16.246389
1679,50.8475,17.024167
1680,50.699722,17.135278
1681,49.511111,21.499722
1682,49.511111,21.499722
1683,49.43,20.7125
1684,49.533889,20.483611
1685,49.545278,20.413611
1686,49.408889,20.563611
1687,49.424167,20.656944
1688,49.499167,20.448889
1689,49.420556,20.446667
1690,49.424722,20.457778
1691,49.613611,19.507778
1692,49.605556,19.548056
1693,50.612984,16.025877
1694,50.539478,16.729807
1695,52.267658,20.460804
1696,52.267658,20.460804
1697,52.267658,20.460804
1698,52.267658,20.460804
1699,52.267658,20.460804
1700,52.267658,20.460804
1701,52.267658,20.460804
1702,52.267658,20.460804
1703,52.267658,20.460804
1704,52.267658,20.460804
1705,54.20881,22.8744
1706,54.252537,22.914625
1707,51.360863,16.58246
1708,50.99334,16.044167
1709,50.850044,15.59832
1710,50.632816,16.511105
1711,50.632816,16.511105
1712,50.632816,16.511105
1713,50.907436,20.88051
1714,50.907436,20.88051
1715,50.907436,20.88051
1716,50.074341,20.348639
1717,50.074341,20.348639
1718,50.18658,19.40954
1719,50.17821,19.39307
1720,49.81863,19.03833
1721,53.348492,18.311228
1722,52.60593,18.894983
1723,53.638901,19.32378
1724,53.283895,18.402615
1725,52.173573,22.162678
1726,51.763096,16.73403
1727,54.658508,17.048603
1728,49.573294,19.52322
1729,53.014577,18.597965
1730,53.014577,18.597965
1731,53.014577,18.597965
1732,49.991707,21.430538
1733,52.347439,22.966381
1734,52.206162,23.205919
1735,52.613941,22.456795
1736,49.95103,19.868092
1737,50.20105,19.419709
1738,50.20105,19.419709
1739,52.170556,17.69
1740,52.170556,17.69
1741,52.075833,19.083056
1742,52.043888,19.128887
1743,52.043888,19.128887
1744,52.043888,19.128887
1745,52.19305,23.206003
1746,52.701885,23.8617
1747,52.701885,23.8617
1748,52.704527,15.845203
1749,52.522906,16.466446
1750,52.169615,17.67786
1751,49.067343,22.679558
1752,51.449942,23.149996
1753,51.380674,23.118324
1754,51.243542,23.343716
1755,51.957067,23.319511
1756,51.498378,23.410149
1757,51.091664,23.822651
1758,51.152432,22.94529
1759,51.913462,23.606873
1760,51.026713,23.541813
1761,50.772293,23.289471
1762,51.315593,22.585487
1763,50.952533,23.631506
1764,46.925,23.8464
1765,46.9044,23.098889
1766,46.8167,23.6167
1767,46.7958,23.8322
1768,46.019554,22.866109
1769,45.59,23.35
1770,45.42,25.49
1771,45.26,25.27
1772,45.38,25.49
1773,45.26,25.33
1774,46.53,23.7
1775,46.5,23.11
1776,45.61352,26.45708
1777,44.494444,24.136389
1778,44.355556,24.042222
1779,44.480001,23.973333
1780,44.257222,24.144167
1781,44.502778,23.981111
1782,46.138333,24.280556
1783,48.127222,26.463611
1784,45.656389,21.670278
1785,45.6025,21.453889
1786,46.521667,22.243889
1787,46.321667,27.473333
1788,51.403264,55.441562
1789,51.845434,58.427255
1790,53.838215,55.435895
1791,53.934232,51.29629
1792,53.937316,51.28836
1793,53.948882,51.488347
1794,53.942958,51.472316
1795,53.948318,51.454981
1796,53.939734,51.444779
1797,53.933262,51.470021
1798,53.930133,51.468055
1799,54.096233,51.437505
1800,53.953234,51.499631
1801,52.284565,44.585148
1802,51.949181,46.160423
1803,54.03198,49.746406
1804,54.348598,50.188003
1805,51.529013,49.190468
1806,51.540538,49.224844
1807,51.893714,46.314927
1808,52.115845,44.455845
1809,52.117968,44.460116
1810,51.9555,44.162728
1811,54.361556,57.942611
1812,54.38125,57.98925
1813,47.9285,46.377806
1814,48.587,45.211306
1815,46.054722,48.040972
1816,46.057583,48.040944
1817,46.036528,48.049833
1818,47.951111,46.397083
1819,55.783333,59.233333
1820,55.783333,58.95
1821,59.116667,56.05
1822,55.716667,59.133333
1823,55.783333,58.95
1824,55.983333,58.766667
1825,55.716667,59.133333
1826,55.766667,59.133333
1827,55.783333,59.233333
1828,55.783333,59.2
1829,56.05,59.116667
1830,55.716667,58.933333
1831,55.4,58.583333
1832,55.8,58.95
1833,54.816667,56.7
1834,54.866667,57.083333
1835,54.816667,57.1
1836,54.783333,57.1
1837,54.433333,56.95
1838,54.466667,56.75
1839,54.516667,56.933333
1840,54.383333,56.583333
1841,54.383333,56.583333
1842,54.3,56.616667
1843,54.45,56.666667
1844,54.433333,56.933333
1845,54.45,56.383333
1846,54.45,56.366667
1847,55.55,55.9
1848,54.8,56.466667
1849,55.433333,56.1
1850,55.5,56.016667
1851,55.766667,59.133333
1852,55.766667,59.133333
1853,55.716667,59.116667
1854,55.716667,59.133333
1855,56.05,59.15
1856,52.25,57.05
1857,56.183333,55.433333
1858,56.283333,55.85
1859,55.766667,59.166667
1860,54.916667,56.416667
1861,55.066667,56.5
1862,52.166667,57.2
1863,53.35,57.766667
1864,54.583333,56.033333
1865,55.733333,58.75
1866,54.65,55.566667
1867,55.733333,56.216667
1868,55.766667,57.916667
1869,54.466667,56.383333
1870,54.533333,53.716667
1871,53.05,57.066667
1872,53.05,57.066667
1873,53.05,57.066667
1874,53.05,57.066667
1875,53.05,57.066667
1876,53.05,57.066667
1877,53.066667,57.1
1878,53.066667,57.1
1879,55.6,58.916667
1880,55.6,58.916667
1881,55.6,58.933333
1882,52.716667,57.033333
1883,55.533333,58.3
1884,54.283333,55.216667
1885,53.766667,58.7
1886,54.066667,55.233333
1887,52.6,56.95
1888,55.533333,58.25
1889,55.533333,58.25
1890,55.833333,57.083333
1891,55.833333,57.083333
1892,53.3,57.55
1893,55.833333,57.083333
1894,55.833333,57.083333
1895,54.566667,55.8
1896,54.566667,55.85
1897,55.45,58.266667
1898,55.45,58.266667
1899,54.05,55.216667
1900,56.283333,54.916667
1901,53.7,54.533333
1902,53.7,54.533333
1903,53.066667,56
1904,53.1,55.966667
1905,52.083333,58.1
1906,52.583333,56.983333
1907,53.016667,56.95
1908,55.55,58.283333
1909,55.45,58.383333
1910,55.533333,58.333333
1911,55.533333,58.333333
1912,55.566667,58.333333
1913,55.55,58.283333
1914,54.183333,57.6
1915,53.966667,57.85
1916,54.1,57.783333
1917,54.1,57.783333
1918,54.166667,57.766667
1919,54.116667,58.966667
1920,53.966667,58.8
1921,54.116667,58.966667
1922,53.983333,58.95
1923,53.35,57.766667
1924,53.35,57.766667
1925,53.35,57.766667
1926,52.766667,57.016667
1927,52.7,56.966667
1928,54.066667,55.233333
1929,52.766667,57.033333
1930,53.233333,57.55
1931,53.016667,56.666667
1932,53.016667,56.666667
1933,53.016667,56.616667
1934,53.016667,56.616667
1935,53.05,56.533333
1936,53.066667,56.516667
1937,53,56.616667
1938,53.016667,56.683333
1939,53.2,57.033333
1940,53.116667,56.933333
1941,53.083333,56.95
1942,53.116667,56.933333
1943,53.2,57.033333
1944,52.116667,57.2
1945,53.966667,58.8
1946,55.483333,58.083333
1947,55.183333,58.233333
1948,55.483333,58.766667
1949,53.7,58.866667
1950,55.85,58.3
1951,51.85,56.833333
1952,54.233333,59.533333
1953,43.168611,21.636389
1954,42.983284,20.260415
1955,43.357051,22.589339
1956,43.29014,22.751095
1957,44.05325,20.93295
1958,44.706812,21.029277
1959,44.006345,21.230312
1960,44.52592,20.635785
1961,44.467986,19.909138
1962,44.313717,21.00379
1963,44.272206,20.807234
1964,44.373996,20.910073
1965,44.384893,20.930561
1966,42.96195,20.278105
1967,42.528274,20.196632
1968,43.759706,21.84295
1969,43.99017,20.82735
1970,44.01542,20.807624
1971,44.825348,20.574581
1972,44.817919,20.562027
1973,44.817419,20.553631
1974,43.784501,21.878637
1975,43.357522,22.687925
1976,43.347629,22.664711
1977,42.603893,21.060606
1978,42.415418,20.627183
1979,42.387711,20.628672
1980,42.368513,21.079388
1981,43.250293,22.775451
1982,43.376177,22.716632
1983,43.331429,22.794746
1984,43.331429,22.794746
1985,43.933339,21.350619
1986,43.892104,21.388931
1987,44.706812,21.029277
1988,44.268741,20.864477
1989,44.046808,20.997182
1990,42.640119,22.333804
1991,44.562988,20.884905
1992,44.113661,20.183175
1993,49.529722,19.481944
1994,49.133333,20.241667
1995,48.663889,18.8
1996,48.380556,17.013889
1997,49.140833,19.454167
1998,49.137778,18.431667
1999,49.101389,18.300833
2000,49.15,18.443333
2001,48.755556,19.990278
2002,48.505556,21.905556
2003,48.813889,18.236111
2004,49.305556,18.788889
2005,48.708333,20.886111
2006,49.148611,18.502778
2007,49.008333,19.580556
2008,48.986111,19.741667
2009,49.083889,19.818056
2010,48.083611,17.176667
2011,48.096111,17.169444
2012,49.244722,19.038333
2013,49.235556,19.054444
2014,47.799556,18.243333
2015,48.642889,17.257167
2016,49.226111,20.274167
2017,49.223056,20.272222
2018,49.219722,20.281667
2019,49.223611,20.276389
2020,49.223889,20.276389
2021,49.190278,19.845833
2022,49.220833,19.651389
2023,49.149444,20.048611
2024,49.156667,20.040278
2025,48.875556,19.058333
2026,49.164722,20.044444
2027,49.123611,20.064722
2028,49.139167,20.059722
2029,49.146389,20.038333
2030,49.218056,20.281667
2031,49.223611,20.275
2032,49.223889,20.289444
2033,49.127778,20.055556
2034,49.182778,19.876944
2035,49.191667,19.861111
2036,49.17,19.843889
2037,49.178889,19.839167
2038,48.952222,19.643889
2039,49.217778,19.938889
2040,49.195833,19.918611
2041,49.248611,19.083056
2042,49.195833,20.054167
2043,49.160278,20.130556
2044,49.193889,20.043889
2045,48.938333,19.622222
2046,48.941111,19.589167
2047,49.26,19.720556
2048,48.934444,19.144444
2049,49.159722,19.791667
2050,49.155,19.766667
2051,49.192222,19.826389
2052,49.172222,19.827778
2053,49.4875,20.011111
2054,48.926389,19.445833
2055,48.926389,19.451389
2056,48.924444,19.461667
2057,49.261111,19.725
2058,49.261111,19.731944
2059,49.268056,19.743889
2060,49.231944,19.057222
2061,49.230667,19.1005
2062,49.231,19.10375
2063,48.2875,16.996667
2064,48.544167,16.980556
2065,48.873111,17.745833
2066,49.063278,18.11725
2067,48.930361,22.185833
2068,48.645556,17.258333
2069,49.269197,20.270478
2070,46.321875,13.527553
2071,45.524081,13.684931
2072,45.524081,13.684931
2073,45.524081,13.684931
2074,46.268431,13.66065
2075,45.743728,14.384922
2076,45.724308,14.269481
2077,45.838325,14.194539
2078,46.166578,13.982389
2079,46.177842,13.97515
2080,46.155061,14.001119
2081,46.336892,13.631117
2082,46.342892,14.534308
2083,46.280353,13.629694
2084,46.196422,13.978536
2085,46.19715,13.978619
2086,46.197278,13.978597
2087,46.268269,13.722322
2088,46.268592,13.722414
2089,46.403575,13.632803
2090,46.016244,13.822906
2091,46.016264,13.822994
2092,46.281669,13.518772
2093,46.281536,13.517583
2094,46.280006,13.519597
2095,46.280311,13.519589
2096,45.958767,14.109383
2097,46.125422,13.714419
2098,45.549069,14.732636
2099,46.022297,13.8297
2100,45.826067,15.062783
2101,45.515153,15.234128
2102,45.548206,14.870522
2103,46.374664,14.688186
2104,46.374664,14.688186
2105,46.466056,13.805897
2106,46.466056,13.805897
2107,46.357839,13.739575
2108,46.274169,13.450542
2109,46.568344,15.584881
2110,46.120333,13.8024
2111,45.976942,13.961375
2112,46.059633,13.827575
2113,46.013086,13.8254
2114,45.506608,13.679025
2115,45.503342,13.682411
2116,46.120697,15.071236
2117,46.335922,13.853944
2118,41.140365,-3.57791
2119,38.09,-3.84
2120,43.5,-1.29
2121,37.79,-6.56
2122,43.5,-1.5
2123,36.64,-4.91
2124,39.24,-1.05
2125,37.41,-6.62
2126,38.11,-3.83
2127,41.51,0.51
2128,40.86,-5.44
2129,42.24,3.1
2130,47.521118,8.38
2131,47.535819,8.341079
2132,46.754551,7.990962
2133,46.7559,7.990976
2134,46.757263,7.98811
2135,46.759524,7.985777
2136,46.761772,7.9858
2137,46.764911,7.987796
2138,47.425972,8.883597
2139,47.240181,8.563269
2140,47.400606,9.218529
2141,47.541226,8.547062
2142,47.737168,8.561167
2143,47.299881,7.737448
2144,47.450589,7.626912
2145,47.257081,8.536539
2146,47.263914,8.527429
2147,47.354284,8.482285
2148,47.357354,8.490949
2149,47.349126,8.485757
2150,47.344007,8.474805
2151,47.350273,8.478236
2152,47.341268,8.479383
2153,47.380855,8.964224
2154,47.271958,8.53288
2155,47.319065,8.497469
2156,47.184921,8.556829
2157,47.213885,8.538292
2158,46.211711,6.054677
2159,46.806429,9.325016
2160,47.314805,7.351337
2161,46.950649,6.783789
2162,46.962303,6.825167
2163,46.960156,8.615351
2164,46.920123,8.632725
2165,46.931118,8.630868
2166,46.926747,8.635893
2167,46.922558,8.640789
2168,46.716117,8.218151
2169,46.667494,9.622441
2170,46.67786,9.69085
2171,46.969607,9.588066
2172,47.478663,8.579896
2173,47.479383,8.579819
2174,47.479258,8.57975
2175,47.479215,8.579497
2176,47.478774,8.579567
2177,47.478331,8.579796
2178,47.478707,8.580003
2179,47.478538,8.579734
2180,47.479571,8.579014
2181,47.479133,8.58053
2182,47.479198,8.580399
2183,47.479272,8.580188
2184,46.971321,7.409983
2185,46.866655,10.442833
2186,46.968303,8.864443
2187,47.351206,8.484541
2188,46.778094,9.430445
2189,47.290347,9.250553
2190,46.803035,8.0098
2191,46.877776,8.080122
2192,46.740367,7.831833
2193,46.775615,7.907379
2194,46.719296,7.811406
2195,46.719311,7.806828
2196,46.778302,7.910021
2197,46.713062,7.791745
2198,46.714417,7.789793
2199,46.712186,7.783893
2200,47.458685,8.742432
2201,46.272494,5.938954
2202,46.932668,6.725307
2203,46.272674,5.938949
2204,46.272387,5.937659
2205,46.61799,10.311423
2206,46.656923,10.211525
2207,46.679122,10.1682
2208,46.632175,10.320018
2209,46.718275,10.332473
2210,46.763592,9.678719
2211,46.666526,10.242091
2212,46.640839,10.261668
2213,46.681629,7.539276
2214,46.456999,7.669351
2215,46.361316,7.225218
2216,46.829372,7.976919
2217,46.461265,7.649517
2218,46.460728,7.647953
2219,46.495208,7.719336
2220,46.818379,8.084657
2221,46.528908,7.695399
2222,46.495116,7.719987
2223,46.818784,8.092524
2224,46.490248,7.72426
2225,46.491684,7.72557
2226,46.371196,7.26904
2227,46.599217,8.022395
2228,46.285248,7.633265
2229,47.351119,8.484208
2230,46.352704,7.238178
2231,46.5766,7.544626
2232,46.368273,7.269374
2233,46.405507,7.430182
2234,46.717472,7.881369
2235,46.693066,8.201476
2236,46.695187,7.751753
2237,46.599516,8.324471
2238,46.693617,8.369488
2239,46.738629,7.813829
2240,46.596733,7.873855
2241,46.3613,7.268421
2242,46.748962,7.817173
2243,46.460183,7.650685
2244,46.530175,7.87104
2245,46.693617,8.369488
2246,46.769753,8.354764
2247,46.455872,7.762217
2248,46.427992,7.407737
2249,46.455419,7.763385
2250,46.735643,8.400308
2251,46.54304,8.355946
2252,46.337251,7.781642
2253,46.49376,7.722585
2254,46.491684,7.72557
2255,46.491953,7.725832
2256,46.513408,7.843868
2257,46.211065,6.002958
2258,46.211636,6.003332
2259,46.211979,6.004061
2260,47.384435,8.965652
2261,47.457497,8.916021
2262,47.456764,8.866926
2263,47.307902,8.627518
2264,46.730145,6.365845
2265,46.928148,6.721691
2266,47.308252,7.73485
2267,47.140268,9.120864
2268,47.133368,9.161517
2269,47.134108,9.172089
2270,47.134582,9.078495
2271,47.141263,9.114302
2272,47.188026,9.115768
2273,47.135047,9.169482
2274,47.133739,9.074514
2275,47.134545,9.081131
2276,47.091322,9.083758
2277,46.938217,8.578619
2278,46.850424,8.630523
2279,46.906257,8.625198
2280,46.912526,8.627962
2281,47.126614,9.19162
2282,47.118608,9.125455
2283,47.137355,9.073306
2284,47.556841,8.193554
2285,47.557027,8.192626
2286,47.575802,8.223198
2287,46.057012,9.03708
2288,46.02521,8.995076
2289,46.196165,8.641144
2290,46.199681,8.614855
2291,46.198826,8.619177
2292,46.19742,8.633139
2293,46.200385,8.61636
2294,46.200148,8.613181
2295,46.201606,8.615804
2296,46.200308,8.623744
2297,47.71846,8.633408
2298,47.653848,8.497768
2299,47.760021,8.615006
2300,47.770051,8.619232
2301,47.760904,8.616627
2302,47.769251,8.61828
2303,47.763675,8.618289
2304,47.764259,8.6139
2305,47.761889,8.617049
2306,46.947817,9.175272
2307,47.166629,9.070903
2308,47.305439,8.952809
2309,47.265231,9.245735
2310,46.870285,7.697682
2311,47.320358,8.981015
2312,47.157466,8.916966
2313,47.157196,9.069956
2314,46.404544,6.971795
2315,47.754573,8.680505
2316,47.721204,8.646399
2317,47.724769,8.649547
2318,47.734977,8.662446
2319,47.100007,8.592602
2320,47.099094,8.5939
2321,47.233204,9.070956
2322,47.223958,9.119537
2323,47.278229,9.332769
2324,47.132132,8.856943
2325,47.077879,8.686941
2326,47.075624,8.687547
2327,47.201972,9.084523
2328,47.14686,8.829642
2329,47.249331,9.043703
2330,46.864935,7.676016
2331,47.065916,8.489176
2332,47.317273,8.976296
2333,47.2297,9.064246
2334,47.188568,9.078172
2335,47.32331,8.995654
2336,47.092408,8.587828
2337,46.841188,8.107217
2338,47.237449,9.150357
2339,47.199199,9.089718
2340,47.317643,8.98226
2341,47.323568,8.976477
2342,47.223059,9.119509
2343,47.135449,9.016556
2344,47.158929,9.074625
2345,47.330064,8.961448
2346,47.155679,8.950548
2347,47.30708,8.96476
2348,47.305696,8.967365
2349,46.659433,7.652903
2350,47.324008,8.977152
2351,46.654086,7.624141
2352,46.820146,7.779343
2353,47.770241,8.563737
2354,47.769187,8.597867
2355,47.762683,8.554772
2356,47.761604,8.554749
2357,47.770154,8.563468
2358,47.752209,8.540148
2359,47.22478,9.124846
2360,47.224847,9.120225
2361,47.224427,9.118231
2362,47.224886,9.117585
2363,47.0614,8.491062
2364,47.222169,9.11882
2365,47.204821,9.136097
2366,46.826292,8.116206
2367,47.060969,8.489079
2368,46.649961,7.666581
2369,47.206992,9.141447
2370,47.184687,9.097848
2371,47.175798,9.090315
2372,47.185596,9.097216
2373,47.183835,9.094522
2374,47.203676,9.122199
2375,47.093241,8.594433
2376,47.222647,9.116855
2377,47.088608,8.562721
2378,47.005733,7.946207
2379,47.086634,8.580461
2380,46.396685,7.188998
2381,46.424296,6.962519
2382,46.426567,6.967703
2383,47.648049,8.492595
2384,47.6557,8.491948
2385,47.654324,8.494849
2386,47.653759,8.497634
2387,47.663748,8.497034
2388,47.659606,8.497617
2389,47.64814,8.502313
2390,47.651971,8.496533
2391,47.652286,8.501331
2392,47.664274,8.508362
2393,47.655766,8.494612
2394,47.743242,8.537294
2395,47.751721,8.465721
2396,47.742793,8.537285
2397,47.749582,8.532625
2398,47.753575,8.469624
2399,47.749724,8.536628
2400,47.743472,8.531965
2401,47.770696,8.486101
2402,47.7396,8.522952
2403,47.743052,8.528889
2404,47.770674,8.488635
2405,47.647501,8.503365
2406,47.688877,8.578925
2407,47.769807,8.660317
2408,47.746175,8.666706
2409,47.745042,8.654678
2410,47.31096,8.977437
2411,47.346984,8.974506
2412,47.216805,9.147042
2413,47.310449,8.982051
2414,47.195705,9.082351
2415,47.144092,8.942309
2416,46.43596,7.265584
2417,47.167069,9.071576
2418,47.195994,9.093579
2419,47.306622,8.965408
2420,47.112817,8.658765
2421,47.272683,9.170641
2422,47.296482,9.232247
2423,47.132942,8.864216
2424,47.289479,9.24854
2425,47.289458,9.249862
2426,47.279831,9.344725
2427,46.965359,7.799973
2428,46.806767,7.738645
2429,47.128958,8.93002
2430,47.128033,8.931972
2431,47.12575,8.934544
2432,47.247264,9.062799
2433,47.089419,8.891378
2434,47.204296,9.079314
2435,47.145402,8.979268
2436,47.132165,8.854308
2437,47.078036,8.672459
2438,47.13716,8.850485
2439,47.075152,8.689512
2440,46.668762,8.785957
2441,46.30517,7.107644
2442,46.213225,6.935211
2443,46.927428,9.214014
2444,46.927867,9.214685
2445,46.621934,7.72848
2446,46.211838,6.926801
2447,46.044678,7.085973
2448,46.475749,8.749902
2449,46.92474,9.213268
2450,46.258965,6.904958
2451,46.331354,7.142547
2452,46.311989,7.133566
2453,46.821717,9.674583
2454,46.821163,9.656862
2455,46.600221,9.413446
2456,46.283498,7.918709
2457,46.833779,8.390919
2458,46.834073,8.461055
2459,46.219983,6.93774
2460,46.170771,7.13889
2461,46.064016,7.085201
2462,46.170767,7.137595
2463,46.168963,7.135663
2464,46.16851,7.134371
2465,46.170309,7.134361
2466,46.071689,7.093553
2467,46.47862,7.22508
2468,47.049346,8.744848
2469,46.776937,7.913937
2470,46.716602,7.81008
2471,46.613403,7.72256
2472,46.716612,7.80681
2473,46.207384,6.936561
2474,46.254783,7.104061
2475,46.86147,7.919929
2476,46.898604,8.328414
2477,46.909871,8.200614
2478,47.225309,9.149955
2479,47.137131,8.852857
2480,47.071241,8.676911
2481,47.069884,8.677538
2482,47.025018,8.748202
2483,47.055177,8.746306
2484,46.429699,8.875004
2485,46.421047,8.883231
2486,46.418776,9.019772
2487,46.311136,8.535605
2488,46.286914,8.779738
2489,46.908424,9.771424
2490,46.827401,10.394737
2491,46.621123,10.329881
2492,46.623152,10.320844
2493,46.564059,9.619569
2494,46.940076,10.353626
2495,46.674343,8.770411
2496,46.728653,10.090861
2497,46.660133,10.209075
2498,46.64803,10.262044
2499,46.705565,10.265056
2500,46.902581,9.131802
2501,46.75823,10.096246
2502,47.769194,8.483136
2503,47.744562,8.461648
2504,47.75342,8.466821
2505,47.752353,8.581227
2506,47.759513,8.575646
2507,47.728804,8.542326
2508,47.778934,8.576198
2509,47.778676,8.574991
2510,47.467155,8.579344
2511,47.683494,8.530727
2512,47.735976,8.678468
2513,46.216418,6.272295
2514,47.296241,7.200117
2515,46.380664,8.013156
2516,47.005469,6.933291
2517,46.969491,6.77528
2518,47.065121,6.979198
2519,46.933007,6.721888
2520,46.868542,6.513798
2521,47.524004,8.152322
2522,47.367268,8.468902
2523,47.364657,8.479178
2524,47.366497,8.47458
2525,47.364669,8.477854
2526,46.698803,7.776943
2527,46.492949,7.684808
2528,46.502447,9.862107
2529,46.595228,6.277168
2530,46.111606,8.871283
2531,46.100189,8.856369
2532,46.079063,9.080392
2533,47.160206,6.879207
2534,47.100136,6.941749
2535,47.077747,6.866507
2536,47.063773,6.842697
2537,47.618667,8.753949
2538,47.469457,9.53861
2539,47.342818,9.491128
2540,47.343007,9.490606
2541,46.50488,8.521289
2542,46.522998,8.896379
2543,47.464959,8.555421
2544,47.478152,8.354031
2545,47.478256,8.340766
2546,46.940409,10.358244
2547,46.805313,9.882295
2548,46.615878,9.403048
2549,46.516422,9.445583
2550,47.007532,9.581035
2551,46.757712,9.463734
2552,46.727114,9.463894
2553,46.977153,9.617293
2554,47.036502,8.527417
2555,47.612686,8.606816
2556,47.639763,8.632965
2557,47.070563,8.705995
2558,47.070027,8.705719
2559,47.043179,8.692845
2560,47.052808,7.029317
2561,46.59997,7.511979
2562,46.519569,7.11845
2563,46.753669,8.205867
2564,46.933429,7.699168
2565,46.670753,6.485301
2566,46.837828,7.995749
2567,47.018966,8.507659
2568,46.436819,6.925715
2569,46.361949,6.864313
2570,46.340384,6.94611
2571,46.687639,8.244931
2572,46.358154,6.861104
2573,46.448772,6.943172
2574,46.523507,7.180983
2575,46.699872,7.557746
2576,46.28448,6.979315
2577,46.199762,6.984954
2578,46.522786,7.180335
2579,46.523237,7.180984
2580,46.44649,7.000715
2581,46.445767,6.99981
2582,46.278178,6.878561
2583,46.453933,6.994668
2584,46.465324,7.189722
2585,46.453656,6.992978
2586,46.541856,7.179983
2587,46.491954,6.964789
2588,46.540496,7.175427
2589,46.39836,7.024119
2590,46.487099,6.965352
2591,46.395978,7.155846
2592,46.410914,7.157329
2593,46.409449,7.147062
2594,46.398456,7.1401
2595,46.231289,7.09902
2596,46.1671,6.982895
2597,46.322514,7.168564
2598,46.321346,7.169219
2599,46.31973,7.170915
2600,46.06485,6.990858
2601,46.541397,7.175944
2602,46.361437,6.989968
2603,46.328194,7.17399
2604,46.254362,7.113919
2605,46.25509,7.116768
2606,46.457889,7.042667
2607,46.4825,7.085722
2608,46.579573,6.630033
2609,46.585147,6.68175
2610,46.590925,6.67136
2611,47.074836,7.278656
2612,46.123657,7.49944
2613,46.180377,7.044946
2614,46.135054,7.0762
2615,46.215676,7.225207
2616,46.301149,7.955207
2617,46.080751,7.116117
2618,46.173751,7.161145
2619,46.12069,7.185736
2620,46.170608,7.145494
2621,45.971258,7.110185
2622,46.362423,8.166035
2623,46.295939,7.9536
2624,46.297233,7.945825
2625,46.250571,7.273696
2626,46.295429,8.0216
2627,46.282069,7.871468
2628,46.91512,8.629332
2629,46.91774,8.62834
2630,46.912161,8.566251
2631,46.919358,8.575331
2632,46.898572,8.646028
2633,46.898041,8.645228
2634,46.896924,8.494274
2635,46.895134,8.49332
2636,46.906637,8.657498
2637,46.905547,8.658523
2638,46.904706,8.661392
2639,46.90795,8.669342
2640,46.916635,8.664815
2641,46.919926,8.651497
2642,46.920315,8.657152
2643,46.860637,8.581828
2644,46.861251,8.618827
2645,46.867904,8.59287
2646,46.742588,8.636122
2647,46.758536,8.642367
2648,46.737684,8.640462
2649,46.828107,8.761894
2650,46.828933,8.768206
2651,46.764961,8.647355
2652,46.763719,8.719989
2653,46.74909,8.716761
2654,46.842486,8.666534
2655,46.798882,8.688728
2656,46.831725,10.401533
2657,46.831725,10.401533
2658,47.370047,8.937762
2659,47.007382,8.598106
2660,47.087593,9.478711
2661,47.14027,9.108337
2662,47.137538,9.258696
2663,47.213099,9.048425
2664,47.251658,9.038092
2665,47.041263,9.171718
2666,47.041633,9.171072
2667,47.12559,9.257498
2668,47.12559,9.257498
2669,47.12559,9.257498
2670,47.12559,9.257498
2671,47.134583,9.257804
2672,47.07871,8.46704
2673,47.077069,8.469511
2674,47.076181,8.478185
2675,47.071912,8.472703
2676,47.063826,8.481565
2677,47.060647,8.499604
2678,47.051859,8.501405
2679,47.313497,8.962562
2680,47.285697,8.878741
2681,46.871735,9.416725
2682,46.912789,9.410226
2683,46.911717,9.399289
2684,46.909131,9.408385
2685,46.908648,9.410337
2686,46.916301,9.367808
2687,46.915888,9.370945
2688,46.914214,9.374168
2689,46.915563,9.374216
2690,46.912946,9.374647
2691,46.883932,9.424261
2692,46.172993,8.735169
2693,46.171957,8.731324
2694,46.163294,8.733579
2695,46.176183,8.739389
2696,46.159822,8.738286
2697,46.443144,8.729591
2698,46.171324,8.739467
2699,46.161645,8.755615
2700,46.167532,8.732773
2701,46.167281,8.754456
2702,46.155465,8.749316
2703,46.355554,8.049659
2704,49.666667,33.783333
2705,49.666667,33.783333
2706,49.733333,33.766667
2707,49.733333,33.766667
2708,49.733333,33.766667
2709,49.733333,33.766667
2710,49.733333,33.766667
2711,51.816667,30.666667
2712,51.816667,30.666667
2713,51.416667,32.7
2714,51.416667,32.7
2715,52.25,32.966667
2716,52.3,32.433333
2717,51.4,32.766667
2718,51.416667,32.7
2719,51.416667,32.766667
2720,51.45,32.566667
2721,51.733333,30.65
2722,51.733333,30.65
2723,51.7,30.566667
2724,51.7,30.566667
2725,51.7,30.566667
2726,51.316667,33.85
2727,52.3,33.8
2728,52.3,33.8
2729,52.3,33.45
2730,52.3,33.45
2731,51.283333,33.683333
2732,51.933333,33.9
2733,52,33.666667
2734,49.683333,33.75
2735,51.2,30.483333
2736,51.2,30.483333
2737,51.2,30.5
2738,50.566667,30.6
2739,50.683333,31.133333
2740,50.716667,31.116667
2741,50.466667,30.75
2742,50.283333,31.5
2743,50.466667,31.533333
2744,50.516667,30.183333
2745,50.933333,29.95
2746,50.816667,30.35
2747,50.133333,31.6
2748,50.2,31.5
2749,51.05,30.633333
2750,51.033333,30.65
2751,51.2,30.65
2752,51.166667,30.95
2753,51.566667,31.183333
2754,51.866667,31.866667
2755,52.116667,32.35
2756,49.333333,25.35
2757,50.25,31.433333
2758,51.633333,25.283333
2759,50.233333,24.75
2760,50.166667,24.883333
2761,50.666667,30.216667
2762,50.666667,30.183333
2763,50.7,29.566667
2764,49.75,33.283333
2765,50.016667,33.666667
2766,49.45,33.8
2767,49.883333,33.5
2768,50.233333,33.683333
2769,50.233333,33.683333
2770,49.8,33.383333
2771,49.45,33.8
2772,49.533333,33.466667
2773,49.8,33.366667
2774,49.883333,33.5
2775,49.85,33.45
2776,51.783333,31.783333
2777,51.533333,31.516667
2778,51.516667,31.5
2779,51.866667,31.883333
2780,51.666667,31.616667
2781,52.216667,32.4
2782,51.883333,31.866667
2783,51.583333,31.6
2784,51.666667,31.666667
2785,51.533333,31.533333
2786,51.866667,31.883333
2787,51.85,31.85
2788,51.916667,31.866667
2789,51.683333,31.65
2790,51.766667,31.816667
2791,51.583333,31.616667
2792,51.85,31.85
2793,52.033333,31.95
2794,51.666667,31.65
2795,51.733333,31.85
2796,51.7,31.683333
2797,52.116667,32.3
2798,51.6,31.6
2799,50.583333,24.683333
2800,50.716667,24.65
2801,50.366667,31.516667
2802,50.166667,31.35
2803,50.966667,30.833333
2804,51.566667,32.783333
2805,51.433333,32.233333
2806,51.716667,32.316667
2807,52.35,33.3
2808,51.833333,30.7
2809,51.183333,30.95
2810,52.25,33.616667
2811,51.566667,32.783333
2812,51.45,31.316667
2813,52.2,32.683333
2814,50.916667,29.9
2815,51.033333,30.133333
2816,51,30.033333
2817,50.1,28.166667
2818,49.733333,36.533333
2819,49.666667,36.4
2820,49.683333,36.433333
2821,49.566667,33.433333
2822,48.566667,31.95
2823,47.9,30.45
2824,47.65,30.033333
2825,48.433333,30.833333
2826,48.816667,33.933333
2827,48.816667,33.933333
2828,48.509444,32.750556
2829,48.471389,28.434167
2830,52.27619,33.38661
2831,52.27619,33.38661
2832,52.27619,33.38661
2833,49.239722,26.172778
2834,46.083056,34.244444
2835,45.970833,34.071111
2836,46.087222,34.805833
2837,46.082472,34.247117
2838,46.092303,34.247511
2839,46.225625,38.256636
2840,46.120917,34.808911
2841,46.154203,34.811244
2842,46.158933,34.791172
2843,46.586275,35.723353
2844,46.188967,38.393058
2845,47.099889,38.020575
2846,47.095161,37.954783
2847,45.399014,36.615644
2848,46.390397,35.109122
2849,46.575869,35.278503
2850,46.125161,33.812014
2851,46.073061,34.232617
2852,43.095733,12.182517
2853,43.141017,12.031717
2854,43.142267,12.0305
2855,43.143067,12.030367
2856,42.609986,12.243513
2857,43.42369,11.12939
2858,42.12615,14.377467
2859,45.910367,8.826233
2860,37.9505,14.68555
2861,39.4636,15.977941
2862,39.4636,15.977941
2863,39.68201,9.53998
2864,45.65404,10.61432
2865,45.65877,10.60761
2866,39.30252,8.55647
2867,39.2887,8.48155
2868,36.684313,15.047442
2869,36.717044,14.816433
2870,36.720706,14.741178
2871,36.895134,14.426432
2872,37.092677,14.167048
2873,39.524029,8.437266
2874,38.57528,14.568214
2875,38.033448,12.958776
2876,37.717793,13.489409
2877,38.003062,14.60731
2878,38.130151,14.873149
2879,38.099307,12.695732
2880,36.820829,12.011232
2881,37.645211,14.93705
2882,37.5939,14.99431
2883,37.654555,14.97134
2884,37.164917,14.755057
2885,36.735492,14.738578
2886,37.62708,12.635093
2887,37.133019,14.561262
2888,37.582184,13.227668
2889,37.582184,13.227668
2890,37.582184,13.227668
2891,37.100783,14.964924
2892,37.971809,14.656191
2893,38.032941,15.36953
2894,38.0512,13.275089
2895,38.0512,13.275089
2896,38.0512,13.275089
2897,36.878591,14.470582
2898,38.047601,15.440104
2899,38.039735,15.370088
2900,38.236967,15.524454
2901,38.065629,15.4527
2902,37.004198,15.124912
2903,37.004198,15.124912
2904,36.94533,15.088735
2905,36.97417,15.097189
2906,36.831753,15.103798
2907,37.222264,14.418182
2908,37.226433,14.425478
2909,37.226433,14.425478
2910,37.048524,14.391575
2911,37.111119,14.966898
2912,37.103932,14.974794
2913,37.128024,15.025306
2914,37.147558,15.035906
2915,37.126381,15.018997
2916,38.163218,13.298553
2917,42.859959,10.412086
2918,42.75345,10.282659
2919,42.963905,11.224879
2920,43.307491,10.480439
2921,44.094234,10.821008
2922,36.91907,14.92991
2923,36.831967,14.460298
2924,36.831967,14.460298
2925,37.040357,15.305625
2926,37.040357,15.305625
2927,37.022512,15.321469
2928,40.89882,8.239819
