"BIO1_Annual_Mean_Temperature","BIO10_Mean_Temperature_Warmest_Quarter","BIO11_Mean_Temperature_Coldest_Quarter","BIO12_Annual_Precipitation","BIO13_Precipitation_Wettest_Month","BIO14_Precipitation_Driest_Month","BIO15_Precipitation_Seasonality","BIO16_Precipitation_Wettest_Quarter","BIO17_Precipitation_Driest_Quarter","BIO18_Precipitation_Warmest_Quarter","BIO19_Precipitation_Coldest_Quarter","BIO2_Mean_Diurnal_Range","BIO3_Isothermality","BIO4_Temperature_Seasonality","BIO5_Max_Temperature_Warmest_Month","BIO6_Min_Temperature_Coldest_Month","BIO7_Temperature_Annual_Range","BIO8_Mean_Temperature_Wettest_Quarter","BIO9_Mean_Temperature_Driest_Quarter","Top_Rao","Cec_Rao","Clay_Rao","Land_use","Land_system_names","N_Rao","pH_Rao","Sand_Rao","Silt_Rao","Soc_Rao","Hyd_feat_Sha","Landform_sha","lat","lon","TWI_Rao","C.hull","F.eDep","F.eRDC","F.rich","F.disp","F.div","F.eve","F.dist","F.nMST","F.rao","Sp.rich"
7.11394023895264,15.2139406204224,-0.449999988079071,867.816772460938,89.4890975952148,43.6167640686035,18.8698635101318,251.084671020508,156.669631958008,243.009231567383,219.568283081055,6.59999990463257,27.6020927429199,615.088256835938,20.2650871276855,-3.6451416015625,23.9102230072021,3.84724116325378,5.96621084213257,0.48759999871254,11.8708000183105,5.2052001953125,"42","medium-intensity forest",2.97440004348755,0.716000020503998,10.9832000732422,8.83679962158203,12.4748001098633,0.00609181355684996,0.924576878547668,3667465,4545284,2.25559997558594,49.3240432739258,0.5710129737854,0.817907333374023,0.385324865579605,2.76484036445618,0.899982333183289,0.45897102355957,3.28627872467041,0.711545467376709,3.11395478248596,1.13128209114075
9.1611328125,17.25,1.35000002384186,693.324096679688,72.8064804077148,41.2223205566406,14.4109058380127,204.803619384766,143.732208251953,204.803619384766,170.004837036133,6.90000009536743,28.826150894165,620.766906738281,22.5499992370605,-1.45000004768372,24,17.25,4.80058574676514,0.499599993228912,14.78600025177,10.3640003204346,"43","high-intensity forest",3.40520000457764,1.67960000038147,23.5484008789062,19.5207996368408,6.81120014190674,0,1.16486668586731,3309465,4372284,1.43840003013611,23.2753391265869,0.573420405387878,0.736742794513702,0.128856986761093,2.06160235404968,0.370605170726776,0.445901989936829,2.78834676742554,0.758687973022461,2.29257845878601,0.632960975170135
9.99953651428223,16.9995365142822,3.142333984375,907.413696289062,85.1550750732422,47.8568649291992,14.1925096511841,252.94303894043,186.993927001953,237.533157348633,230.573364257812,6.80000019073486,31.4485321044922,540.643676757812,21.7995357513428,0.299536138772964,21.5,6.84999990463257,6.05000019073486,0.248799994587898,8.03995895385742,25.8779830932617,"53","high-intensity grassland",4.59006547927856,1.47625136375427,34.4954681396484,20.7520751953125,4.99725103378296,0,0,3240465,4019284,2.29400014877319,49.883918762207,0.555105030536652,0.792738258838654,0.551862359046936,3.46631121635437,0.747345268726349,0.617809295654297,3.69560933113098,0.708610653877258,4.50764465332031,2.39929366111755
10.1499996185303,16.8500003814697,3.48027348518372,908.976440429688,92.1014404296875,46.5867385864258,17.1557197570801,268.054382324219,177.902557373047,239.585006713867,221.03450012207,6.40000009536743,31.0023593902588,522.461975097656,21.3500003814697,0.75,20.6000003814697,10.7802734375,6.25,0,6.20907402038574,12.0654458999634,"53","high-intensity grassland",3.61481952667236,0.7833371758461,7.21735191345215,11.5108785629272,11.2534132003784,0.0689623579382896,0,3228465,3964284,2.69079995155334,19.2985305786133,0.299494802951813,0.8063725233078,0.280567526817322,1.84472262859344,0.726418972015381,0.770476579666138,2.42150068283081,0.700801193714142,2.4769868850708,2.00100660324097
10.0263423919678,17.2263431549072,2.95000004768372,880.715209960938,87.1158065795898,44.9071769714355,14.7783403396606,242.981201171875,176.165512084961,242.981201171875,222.632766723633,6.90000009536743,31.3499794006348,555.427917480469,22.1263427734375,0.131176754832268,21.9951725006104,17.2263431549072,6.00959491729736,0.390399992465973,4.79040002822876,28.8024005889893,"733","high-intensity agricultural mosaics",2.39199995994568,2.06640005111694,47.2672004699707,32.361198425293,6.8523998260498,0,0,3225465,4070284,2.65199995040894,50.6617698669434,0.516883075237274,0.729141533374786,0.386440366506577,4.09427881240845,0.78099650144577,0.595950484275818,2.97989773750305,0.725296020507812,5.38972043991089,2.64388847351074
10.1499996185303,16.9500007629395,3.45000004768372,909.478210449219,91.4860534667969,46.6815147399902,16.9792938232422,267.021820068359,178.590744018555,240.667572021484,221.213348388672,6.59999990463257,31.4986972808838,523.561645507812,21.5499992370605,0.649999976158142,20.8999996185303,10.75,6.25,0,10.3844690322876,16.8304767608643,"53","high-intensity grassland",6.15302801132202,1.01239347457886,23.6415538787842,21.5487213134766,8.94625854492188,0.0137468464672565,0,3222465,3958284,2.03559994697571,34.8890075683594,0.289742350578308,0.624023675918579,0.346782952547073,1.79561698436737,0.602798998355865,0.679722368717194,2.61619782447815,0.737527072429657,2.52928256988525,2.84863328933716
9.98591327667236,17.3500003814697,2.75,859.877258300781,80.4875640869141,46.0187530517578,13.6728820800781,237.547653198242,176.250747680664,227.718505859375,216.088134765625,6.90000009536743,30.9245414733887,567.005249023438,22.309326171875,-0.0375732406973839,22.3469085693359,3.88591313362122,5.96242666244507,0.306400001049042,8.57760047912598,7.46640014648438,"71","forest/shrubs and cropland mosaics",2.72320008277893,2.13560009002686,10.2047996520996,6.71040010452271,5.25360012054443,0.202222883701324,0.26554611325264,3211465,4099284,2.52999997138977,35.3441505432129,0.480207294225693,0.748827219009399,0.390536487102509,4.06814813613892,0.869042754173279,0.733817160129547,2.89700222015381,0.734374701976776,5.18781852722168,2.67899250984192
9.99443340301514,17.3500003814697,2.75,860.63427734375,80.5260696411133,46.1148071289062,13.6062831878662,237.849563598633,176.673980712891,227.627243041992,216.504302978516,6.90000009536743,30.9025688171387,567.403503417969,22.3364505767822,-0.0500000007450581,22.3864631652832,3.89443349838257,5.94999980926514,0.29679998755455,8.07439994812012,5.37080001831055,"733","high-intensity agricultural mosaics",2.99079990386963,1.71200001239777,13.0696001052856,13.1448001861572,5.04839992523193,0.283852905035019,0.402783691883087,3211465,4100284,2.73720002174377,48.4594650268555,0.381924569606781,0.648282051086426,0.478855669498444,3.12984013557434,0.754099190235138,0.658946514129639,2.99102711677551,0.732008039951324,4.34473466873169,2.8869092464447
10.0500001907349,17.3500003814697,2.84999990463257,859.712890625,80.3235321044922,45.4924697875977,13.8999996185303,237.53205871582,175.342849731445,227.766326904297,215.373931884766,6.90000009536743,30.8999996185303,564.097534179688,22.2764644622803,0.0500000007450581,22.2264556884766,3.95000004768372,6.01547861099243,0.346799999475479,7.59000015258789,7.59359979629517,"72","forest/shrubs and grassland mosaics",2.33680009841919,1.3827999830246,10.1224002838135,9.51039981842041,5.17640018463135,0.000291506323264912,0,3207465,4094284,2.02920007705688,29.9617195129395,0.43536302447319,0.748227119445801,0.373365432024002,2.71367931365967,0.762094855308533,0.573309719562531,2.85616660118103,0.722294986248016,3.45430302619934,1.76616621017456
8.99406719207764,18.2940673828125,-0.334863275289536,560.260620117188,84.5555877685547,27.6000003814697,37.2999992370605,217.393142700195,91.9878997802734,217.393142700195,94.5207214355469,7.5,27.4479675292969,726.126403808594,23.6171875,-3.83486318588257,27.4520320892334,18.2940673828125,0.894067406654358,0.611999988555908,10.2560005187988,6.12200021743774,"43","high-intensity forest",4.75880002975464,3.896399974823,15.0436000823975,11.700400352478,7.87199974060059,0.282099395990372,0.804472327232361,3184465,4863284,3.31159996986389,36.6541938781738,0.558003723621368,0.80395781993866,0.385555475950241,2.70525574684143,0.474089026451111,0.528516292572021,3.27050971984863,0.742788851261139,3.49565601348877,1.773317694664
8.94482421875,18.155445098877,-0.3507080078125,572.241394042969,85.9551544189453,28.3547267913818,36.9056777954102,221.007171630859,94.4973983764648,221.007171630859,97.0944213867188,7.55283832550049,27.4711799621582,722.813171386719,23.5397701263428,-3.94455575942993,27.4843235015869,18.155445098877,0.839770495891571,0.379599988460541,6.96959972381592,4.47359991073608,"71","forest/shrubs and cropland mosaics",2.30879998207092,2.48320007324219,12.0319995880127,9.61600017547607,4.28200006484985,0,0.209513396024704,3176465,4863284,2.5492000579834,28.4511241912842,0.538040518760681,0.728830575942993,0.202835962176323,2.78580260276794,0.599018335342407,0.947759449481964,2.73053026199341,0.726531505584717,3.1166296005249,0.997666418552399
8.5899658203125,17.7772464752197,-0.598828136920929,619.347534179688,92.1673736572266,30.9155006408691,36.1613464355469,237.185348510742,103.516662597656,237.185348510742,106.500732421875,7.59999990463257,27.8016624450684,715.359802246094,23.078369140625,-4.15000009536743,27.2283687591553,17.7772464752197,0.578369140625,1.32360005378723,13.5248003005981,7.76760005950928,"71","forest/shrubs and cropland mosaics",4.17920017242432,3.66960000991821,39.3040008544922,38.2751998901367,4.97639989852905,0,1.57042157649994,3167465,4865284,1.7396000623703,50.937873840332,0.502172946929932,0.758514940738678,0.484414219856262,3.19404268264771,0.758679986000061,0.661153733730316,3.26209044456482,0.728940486907959,3.71109223365784,1.68499302864075
8.50151348114014,17.5517082214355,-0.550000011920929,635.862243652344,95.5397796630859,32.465877532959,36.2592239379883,244.52409362793,107.350219726562,244.52409362793,110.268188476562,7.5,27.9095611572266,707.334167480469,22.8211917877197,-4.13032245635986,26.9515113830566,17.5517082214355,0.550000011920929,0.974799990653992,11.0500001907349,7.18599987030029,"43","high-intensity forest",3.01160001754761,1.20840001106262,32.6464004516602,30.5219993591309,6.67000007629395,0.00448124343529344,1.69794452190399,3165465,4844284,1.36640000343323,43.6766662597656,0.630329310894012,0.84034651517868,0.406694442033768,3.40772032737732,0.756637513637543,0.599536061286926,3.48294067382812,0.711196005344391,4.09133625030518,1.98925709724426
9.64999961853027,18.3500003814697,0.991015613079071,658.624877929688,76.3495864868164,41.0531234741211,19.8721008300781,208.078582763672,133.886276245117,208.078582763672,150.337554931641,7.09999990463257,27.7232913970947,674.434020996094,23.3500003814697,-2.15000009536743,25.5,18.3500003814697,5.15000009536743,0.17399999499321,6.70520114898682,2.33484554290771,"43","high-intensity forest",5.57989645004272,2.15303134918213,8.14531707763672,8.61310386657715,3.36435556411743,0.552174627780914,0.216217622160912,3154465,4592284,2.88560009002686,16.435173034668,0.433673530817032,0.797213554382324,0.28034844994545,1.63319790363312,0.806819438934326,0.645767688751221,2.55718994140625,0.724090576171875,1.91026401519775,1.4181467294693
10.4499998092651,17.6108894348145,3.34999990463257,831.805847167969,78.8699188232422,47.2107734680176,11.8000001907349,230.146926879883,176.055267333984,216.913528442383,215.309844970703,7.09999990463257,32.0999984741211,554.038940429688,22.5499992370605,0.449999988079071,22.1000003814697,4.48916006088257,6.44999980926514,0.018800001591444,6.27600002288818,8.81680011749268,"72","forest/shrubs and grassland mosaics",2.27119994163513,1.87440001964569,34.4631996154785,31.339599609375,5.896399974823,0.232757866382599,0,3150465,4002284,2.74119997024536,55.0951347351074,0.410819113254547,0.801437139511108,0.408360958099365,2.81962847709656,0.806787252426147,0.701791405677795,2.91869688034058,0.652004063129425,3.6058943271637,2.03187394142151
7.41206073760986,16.1044425964355,-1.22529292106628,781.401000976562,105.645248413086,42.8698806762695,29.6523342132568,282.135070800781,139.755996704102,282.135070800781,153.911880493164,7.90000009536743,29.966121673584,676.871215820312,21.4386711120605,-4.96162128448486,26.4003105163574,16.1044425964355,2.86066889762878,3.11199998855591,12.4496002197266,7.26200008392334,"42","medium-intensity forest",3.87919998168945,1.91120004653931,10.75119972229,10.2896003723145,4.23960018157959,0.15000119805336,1.48018515110016,3069465,4628284,2.53080010414124,38.8068656921387,0.332844525575638,0.545988857746124,0.463130563497543,3.36812901496887,0.792641162872314,0.718412935733795,2.89911818504333,0.733378291130066,4.41892957687378,3.54868125915527
6.40725088119507,14.5163326263428,-1.63217771053314,1202.0234375,126.539329528809,77.3491592407227,12.5135555267334,345.726623535156,263.697845458984,300.814056396484,327.863830566406,7.09999990463257,28.9887294769287,629.609130859375,19.473705291748,-5.09182119369507,24.5655345916748,-0.330957025289536,9.8262939453125,2.67400002479553,10.306378364563,12.0499172210693,"43","high-intensity forest",3.49301385879517,1.57304537296295,8.52517509460449,8.42104244232178,4.01611566543579,0.206756249070168,1.74383282661438,3054465,4379284,2.10960006713867,46.163688659668,0.643492758274078,0.853379547595978,0.381022274494171,3.07678484916687,0.905511081218719,0.562710225582123,3.45392823219299,0.713331341743469,3.8901994228363,1.48916661739349
2.34831547737122,10.4788818359375,-5.65322256088257,1275.37719726562,177.142013549805,58.9553527832031,38.6129684448242,496.763824462891,201.951904296875,496.763824462891,201.951904296875,7.80000019073486,31.0882263183594,633.156188964844,14.8810300827026,-10.1607179641724,25.0417423248291,10.4788818359375,-5.65322256088257,13.1728000640869,10.4188003540039,13.6084003448486,"41","low-intensity forest",2.59120011329651,0.914799988269806,11.3976001739502,8.44120025634766,6.94000005722046,0.00515751726925373,0.773549914360046,2985465,5009284,0.783599972724915,28.5562362670898,0.660149693489075,0.807491600513458,0.314012706279755,2.78520798683167,0.671086728572845,0.389557778835297,3.2712504863739,0.720953643321991,3.28229308128357,1.41015112400055
10.6024417877197,17.00244140625,4.40244150161743,958.345886230469,111.785911560059,62.3867721557617,20.1423854827881,313.023071289062,199.090545654297,199.090545654297,268.42236328125,7.30000019073486,35.2899398803711,489.977203369141,21.9457035064697,1.30244135856628,20.6432399749756,7.80244159698486,17.00244140625,1.46880006790161,6.87680006027222,9.87720012664795,"43","high-intensity forest",4.66120004653931,3.29399991035461,17.4107990264893,23.6156005859375,12.6775999069214,0.00636566011235118,1.75513184070587,2964465,3647284,2.17720007896423,38.9837303161621,0.689396440982819,0.872082233428955,0.281681180000305,3.785968542099,0.786482036113739,0.581608295440674,3.15594434738159,0.720912873744965,4.88415384292603,1.91053116321564
2.05937504768372,10.678955078125,-6.68405771255493,1787.82580566406,244.768432617188,88.2023010253906,35.4823188781738,677.782836914062,288.04931640625,677.782836914062,288.04931640625,8.08581733703613,30.2446136474609,678.701477050781,15.2698974609375,-11.4193601608276,26.6892490386963,10.678955078125,-6.68405771255493,18.0456008911133,36.7144012451172,34.5036010742188,"42","medium-intensity forest",5.9015998840332,0.653999984264374,46.1500015258789,18.0928001403809,7.82159996032715,0.00357229122892022,1.15265250205994,2951465,5055284,1.56000006198883,26.0715770721436,0.704245448112488,0.790736317634583,0.23420824110508,5.50430822372437,0.773465692996979,0.485046446323395,3.50815582275391,0.733739018440247,6.71307849884033,1.48267328739166
2.89582514762878,11.7146968841553,-6.07004404067993,1820.91625976562,249.119705200195,89.625617980957,35.4181861877441,689.845458984375,293.694000244141,689.845458984375,293.694000244141,8.09265518188477,29.9062595367432,694.420532226562,16.262939453125,-10.7295169830322,26.9924659729004,11.7146968841553,-6.07004404067993,12.6087999343872,23.2719993591309,34.1124000549316,"41","low-intensity forest",3.00279998779297,0.699200034141541,42.2775993347168,14.2735996246338,5.0952000617981,0.225444078445435,1.46216857433319,2950465,5054284,2.74880003929138,44.0012321472168,0.72895485162735,0.818512082099915,0.380770832300186,5.34000062942505,0.818857848644257,0.346941590309143,3.97953534126282,0.719714283943176,6.56821584701538,1.63372194766998
1.25048828125,9.83835411071777,-7.31982421875,2071.63598632812,282.956970214844,101.641593933105,35.1996459960938,783.069946289062,334.910491943359,783.069946289062,334.910491943359,8.00738620758057,30.3381252288818,672.972778320312,14.3653316497803,-12.1098146438599,26.4751396179199,9.83835411071777,-7.31982421875,17.6172008514404,33.6169357299805,9.55768013000488,"41","low-intensity forest",9.19863510131836,0.866018772125244,23.3306846618652,20.7870140075684,7.67728614807129,0.173659056425095,1.11824584007263,2949465,5052284,2.51839995384216,46.6065254211426,0.712210536003113,0.775922656059265,0.398587912321091,4.39844179153442,0.731961727142334,0.66645210981369,3.93066668510437,0.721019148826599,5.12603664398193,1.4876880645752
-0.327978521585464,8.01328086853027,-8.56162071228027,2209.66357421875,299.826599121094,108.471008300781,34.8069343566895,831.472045898438,358.424011230469,831.472045898438,358.424011230469,8.05340957641602,30.8574829101562,650.806579589844,12.5632810592651,-13.5044679641724,26.0677452087402,8.01328086853027,-8.56162071228027,25.6812000274658,25.3492946624756,13.3488464355469,"90","bare and rocks",5.3867301940918,0.909090578556061,21.6184329986572,14.4600267410278,5.78373336791992,0.0823719650506973,1.46971666812897,2947465,5052284,2.70560002326965,27.5076751708984,0.205303817987442,0.467435628175735,0.339741110801697,2.09487128257751,0.720116138458252,0.77329283952713,2.48198890686035,0.741419851779938,2.81340670585632,2.84508562088013
-0.167651370167732,8.20144081115723,-8.41086387634277,2164.10498046875,293.283996582031,106.61775970459,34.7118988037109,813.581420898438,351.577301025391,813.581420898438,351.577301025391,8.07939624786377,30.8915367126465,651.804565429688,12.7545413970947,-13.31494140625,26.0694694519043,8.20144081115723,-8.41086387634277,23.5704002380371,22.407506942749,13.9227705001831,"11","water body",5.51380252838135,0.890432953834534,16.7422332763672,13.5392875671387,5.13966655731201,0.508208274841309,1.50997459888458,2947465,5053284,3.20440006256104,18.728271484375,0.35590472817421,0.690543949604034,0.304283887147903,1.75497543811798,0.693099975585938,0.569804847240448,2.4748387336731,0.748837411403656,2.32023453712463,2.26711487770081
0.620336890220642,9.2200927734375,-7.95798349380493,2104.50708007812,287.323211669922,101.167106628418,35.4996719360352,797.3671875,338.821746826172,797.3671875,338.821746826172,8,30.2039833068848,672.517395019531,13.70703125,-12.7255373001099,26.4325714111328,9.2200927734375,-7.95798349380493,20.4351997375488,32.3087997436523,22.243200302124,"74","forest/shrubs and bare mosaics",6.69999980926514,1.24360001087189,38.1059989929199,22.6084003448486,7.26319980621338,0.099687896668911,1.4838650226593,2945465,5047284,1.76279997825623,33.1585388183594,0.235070303082466,0.461352229118347,0.358919829130173,2.04249930381775,0.646571099758148,0.68443638086319,2.50225043296814,0.743653416633606,2.78061866760254,2.90596604347229
0.237060546875,8.563232421875,-8.03432655334473,2021.869140625,271.534759521484,102.155494689941,33.7241744995117,754.205688476562,334.997192382812,754.205688476562,334.997192382812,8.10000038146973,30.9453029632568,650.464294433594,13.1261720657349,-12.9420900344849,26.0682792663574,8.563232421875,-8.03432655334473,15.5732002258301,17.5116004943848,9.26000022888184,"80","shrub",5.33279991149902,0.805199980735779,26.989200592041,24.1543998718262,8.52799987792969,0.142485797405243,1.32672512531281,2944465,5059284,1.67480003833771,24.9639759063721,0.4840427339077,0.86133486032486,0.371027916669846,2.77518272399902,0.838344991207123,0.695688605308533,2.85553240776062,0.737195014953613,3.2130434513092,1.73174941539764
0.531445324420929,9.07976055145264,-7.996826171875,1980.83264160156,266.345611572266,97.3504333496094,34.2950668334961,741.978454589844,324.477783203125,741.978454589844,324.477783203125,8.01264667510986,30.445499420166,667.804504394531,13.6024656295776,-12.8116455078125,26.4141139984131,9.07976055145264,-7.996826171875,14.6611995697021,18.3843994140625,16.2492008209229,"41","low-intensity forest",8.87080001831055,0.876399993896484,47.492000579834,33.7695999145508,9.93120002746582,0.0923429876565933,1.40383648872375,2942465,5052284,1.69000005722046,29.007869720459,0.660822093486786,0.849785208702087,0.311064600944519,1.97488391399384,0.593642294406891,0.602022290229797,3.235675573349,0.740275084972382,2.3195788860321,1.17704463005066
2.6107177734375,11.482177734375,-6.43632793426514,1684.76208496094,225.299560546875,83.3106918334961,33.906810760498,629.169738769531,278.450866699219,629.169738769531,278.627105712891,8.02342414855957,29.595874786377,700.092834472656,16.0821781158447,-11.0853023529053,27.1674861907959,11.482177734375,-5.99392080307007,5.1547999382019,13.277624130249,13.423677444458,"42","medium-intensity forest",4.6999044418335,1.29968667030334,8.62168312072754,13.0590152740479,6.22801542282104,0.407974779605865,1.43824744224548,2940465,5053284,3.01559996604919,22.4353542327881,0.413604646921158,0.797248601913452,0.275142759084702,1.5520156621933,0.572223842144012,0.657279968261719,2.41267037391663,0.754608273506165,2.24011969566345,2.6514368057251
11.0933351516724,15.9879150390625,6.59348154067993,1298.35583496094,161.145004272461,64.1677474975586,30.062479019165,457.944427490234,208.178924560547,232.415740966797,427.6103515625,5.75527429580688,35.2911224365234,374.533874511719,19.9751224517822,3.72617197036743,16.2489585876465,7.49733877182007,15.9560298919678,3.25160002708435,11.3227996826172,14.0931997299194,"42","medium-intensity forest",2.6340000629425,1.01919996738434,8.50039958953857,10.3507995605469,3.44039988517761,0.0334531292319298,1.25832366943359,2900465,3282284,1.48839998245239,38.2785339355469,0.377143859863281,0.744505882263184,0.454338103532791,3.87249255180359,0.872737109661102,0.748825371265411,2.90761733055115,0.725120365619659,4.79138851165771,2.59962463378906
8.04851055145264,16.7597160339355,-0.732983410358429,902.893920898438,107.172897338867,51.245246887207,20.7542133331299,291.854553222656,169.396270751953,291.854553222656,201.195846557617,8,30.3185615539551,679.518371582031,21.9611568450928,-4.4964599609375,26.4576263427734,16.7597160339355,3.54851078987122,3.47560000419617,9.12639999389648,6.042799949646,"72","forest/shrubs and grassland mosaics",4.48199987411499,2.3283998966217,8.62039947509766,8.97679996490479,4.03840017318726,0.164574652910233,1.55499625205994,2893465,4494284,2.1515998840332,16.305944442749,0.662584185600281,0.840812981128693,0.14110903441906,1.75298225879669,0.482701987028122,0.612368226051331,2.47114825248718,0.757903814315796,2.47583055496216,1.50615358352661
6.02788066864014,14.4206790924072,-2.46699213981628,1443.13708496094,163.358169555664,79.4741897583008,17.2106647491455,439.918029785156,297.115417480469,439.918029785156,359.259094238281,8.19314670562744,31.3997249603271,659.6044921875,19.5129890441895,-6.50969219207764,26.0226745605469,14.4206790924072,1.34267580509186,7.35920000076294,23.4032001495361,9.84160041809082,"42","medium-intensity forest",7.44840002059937,1.07599997520447,11.1680002212524,11.796799659729,8.22720050811768,2.23422102862969e-05,1.35732281208038,2875465,4533284,0.81360000371933,26.5790939331055,0.865873515605927,0.887300372123718,0.197935253381729,4.02871751785278,0.767877697944641,0.465076327323914,3.88502168655396,0.745044112205505,5.05626201629639,1.62239646911621
8.7557373046875,19.1263675689697,-2.052001953125,652.595703125,113.965469360352,24.263786315918,53.0701675415039,288.252227783203,77.1411285400391,288.252227783203,77.1411285400391,8.5,27.8367252349854,824.734375,24.190357208252,-6.43776845932007,30.6281223297119,19.1263675689697,-2.052001953125,0.607200026512146,11.0021209716797,13.3496341705322,"71","forest/shrubs and cropland mosaics",2.47436380386353,2.12451267242432,8.64846897125244,10.7312545776367,4.51405763626099,0.154111802577972,0.917075872421265,2874465,5530284,2.19959998130798,30.9189109802246,0.348646998405457,0.619062423706055,0.387570798397064,3.04198288917542,0.790113031864166,0.781470715999603,2.73706293106079,0.74249130487442,3.98201131820679,3.57484769821167
11.4504880905151,17.05810546875,6.15810537338257,958.88525390625,116.566673278809,46.8874015808105,28.7325897216797,327.271789550781,151.660873413086,151.660873413086,304.462982177734,6.43128967285156,34.8326187133789,430.321716308594,21.4854736328125,3.03142094612122,18.4540500640869,9.25810527801514,17.05810546875,0.839600026607513,10.907600402832,5.44519996643066,"42","medium-intensity forest",4.66520023345947,1.53480005264282,5.60920000076294,7.63079977035522,9.74639987945557,0,1.66558313369751,2831465,3355284,1.38479995727539,36.9831161499023,0.57761561870575,0.802776753902435,0.32178807258606,1.61754310131073,0.798994123935699,0.438114285469055,2.91979789733887,0.717890501022339,2.2881121635437,1.3735157251358
9.61174297332764,20.3406982421875,-1.54072260856628,608.066772460938,94.5261077880859,26.7409858703613,39.8505249023438,235.743041992188,89.0625381469727,233.409423828125,90.4246978759766,8.57903480529785,27.2631168365479,849.63720703125,25.5579109191895,-5.82143545150757,31.3793640136719,18.7660636901855,0.00583496084436774,3.58520007133484,8.04006004333496,20.0978469848633,"71","forest/shrubs and cropland mosaics",5.20875930786133,3.16105937957764,15.3261270523071,10.62220287323,10.3913412094116,0.078537292778492,1.29925060272217,2807465,5651284,2.60520005226135,28.8306102752686,0.508723139762878,0.77744197845459,0.389811545610428,4.37763547897339,0.832283556461334,0.702636301517487,2.95103478431702,0.72429096698761,5.76516723632812,2.57266759872437
8.87321758270264,16.9958744049072,0.962060570716858,1267.88098144531,129.387420654297,80.2530899047852,15.4522190093994,381.865905761719,262.876007080078,378.883728027344,281.626892089844,8.24204063415527,32.7190170288086,623.307189941406,21.996997833252,-3.14018559455872,25.1371841430664,15.4110593795776,4.65642070770264,9.50240039825439,11.4228401184082,120.828598022461,"42","medium-intensity forest",5.84464406967163,3.64977335929871,65.9347457885742,57.7595405578613,17.9471015930176,0,1.39142966270447,2708465,4199284,1.37919998168945,28.051607131958,0.363784104585648,0.67982679605484,0.417830497026443,3.34826469421387,0.872135639190674,0.775804758071899,2.76551866531372,0.729527354240417,4.04945230484009,2.47885060310364
8.81511211395264,19.134204864502,-1.91184079647064,601.874206542969,94.0957794189453,21.8437919616699,49.4501686096191,257.988983154297,74.6398620605469,255.897613525391,74.6398620605469,9,29.5094699859619,817.832397460938,24.234203338623,-6.2818603515625,30.5160636901855,17.634204864502,-1.91184079647064,3.54320001602173,6.11721754074097,8.10512161254883,"72","forest/shrubs and grassland mosaics",1.90422391891479,1.54907071590424,6.21205854415894,11.5380125045776,3.89000034332275,0,1.60832488536835,2707465,5601284,1.31879997253418,22.3598766326904,0.533566892147064,0.817903637886047,0.308121681213379,3.0785129070282,0.940519630908966,0.651462376117706,2.8742663860321,0.727371752262115,3.54020953178406,1.36560451984406
10.2440919876099,18.4697513580322,2.10075688362122,1359.42944335938,133.336395263672,92.4399566650391,10.5326862335205,368.000152587891,295.353210449219,344.496215820312,325.197357177734,7.69999980926514,30.6174373626709,633.896606445312,23.2285652160645,-1.87128901481628,25.0998611450195,6.1771240234375,6.14409160614014,5.52759981155396,11.812292098999,11.450756072998,"71","forest/shrubs and cropland mosaics",6.15322828292847,2.29145431518555,36.8621368408203,44.9809799194336,6.40008068084717,0.170381784439087,1.58093702793121,2697465,4075284,3.58960008621216,27.0349254608154,0.365936160087585,0.641846537590027,0.348145753145218,2.37134480476379,0.784878015518188,0.665936052799225,2.55114412307739,0.753523170948029,3.23546576499939,2.96610999107361
9.05930137634277,19.3935546875,-1.57377934455872,652.083557128906,100.473731994629,24.9677772521973,44.9563255310059,268.155731201172,85.4980087280273,268.155731201172,85.4980087280273,8.84225940704346,29.1815528869629,814.566589355469,24.4921875,-5.81103515625,30.3032035827637,19.3935546875,-1.57377934455872,4.32760000228882,6.3452000617981,19.6072006225586,"42","medium-intensity forest",2.0492000579834,1.36319994926453,15.8243999481201,15.3540000915527,5.07320022583008,0,1.2511875629425,2687465,5624284,1.33360004425049,32.5782127380371,0.373395800590515,0.638020217418671,0.428507536649704,4.15173673629761,0.889625787734985,0.80234694480896,2.8502824306488,0.717083871364594,4.90823936462402,2.39950752258301
8.18842792510986,16.1401119232178,0.377587884664536,1482.03271484375,145.972122192383,102.321846008301,10.3623561859131,398.718688964844,321.788757324219,385.550903320312,356.196228027344,7.80000019073486,31.6963920593262,612.474304199219,20.8401126861572,-3.70769047737122,24.5477962493896,14.5629634857178,3.94733881950378,9.92119979858398,29.6704006195068,15.8971996307373,"72","forest/shrubs and grassland mosaics",3.41120004653931,1.8827999830246,29.4792003631592,26.1375999450684,5.62080001831055,0.0442435070872307,1.10705876350403,2683465,4086284,1.40559995174408,48.3572311401367,0.410369068384171,0.661274373531342,0.556768238544464,3.67800140380859,0.808449029922485,0.624807417392731,3.32133364677429,0.705904304981232,4.81189346313477,2.9058575630188
9.74741172790527,20.1740226745605,-0.8704833984375,621.680786132812,91.8405380249023,25.6233711242676,39.8913192749023,243.577423095703,88.7838897705078,243.577423095703,88.7838897705078,8.59570217132568,28.38307762146,819.012817382812,25.1822509765625,-4.97958993911743,30.1618347167969,20.1740226745605,-0.8704833984375,5.89079999923706,9.06560039520264,16.1135997772217,"42","medium-intensity forest",3.22959995269775,2.46720004081726,8.19999980926514,17.4423999786377,6.17799997329712,0.00783291272819042,1.08937728404999,2669465,5633284,1.28079998493195,31.198787689209,0.293027073144913,0.720092177391052,0.47189798951149,4.39242696762085,0.885486125946045,0.792843043804169,2.87587141990662,0.72022557258606,5.19382762908936,2.56578016281128
10.1128177642822,18.621654510498,1.5975341796875,1784.60290527344,211.786819458008,103.46354675293,26.2622222900391,620.615295410156,333.658538818359,620.615295410156,333.658538818359,8.19195747375488,31.303955078125,660.562927246094,23.161060333252,-2.91936039924622,26.0804080963135,18.621654510498,1.5975341796875,4.51440000534058,19.0376529693604,9.90233135223389,"63","high-intensity cropland",3.73168683052063,0.566322207450867,20.2742595672607,19.0877132415771,7.75926780700684,0.357560187578201,1.15512466430664,2660465,4214284,2.84280014038086,59.8154182434082,0.552872717380524,0.760321795940399,0.454746693372726,2.58181953430176,0.7161825299263,0.534128248691559,3.3253378868103,0.730639755725861,3.42057871818542,2.86872887611389
8.50937461853027,16.6343269348145,0.566650390625,1390.8798828125,131.115951538086,94.8517532348633,9.65508842468262,369.357269287109,301.234649658203,361.655181884766,335.747802734375,7.59999990463257,30.6592311859131,623.578491210938,21.2891845703125,-3.54440927505493,24.8335800170898,14.7629642486572,4.16228008270264,13.461199760437,49.2299995422363,12.4644002914429,"42","medium-intensity forest",4.49919986724854,1.13639998435974,18.3087997436523,15.9323997497559,10.121600151062,0.156640648841858,1.38890659809113,2655465,4076284,2.47639989852905,36.5592460632324,0.307173073291779,0.537291347980499,0.455894738435745,3.64650201797485,0.827996492385864,0.635053813457489,2.78988361358643,0.741473317146301,4.81635141372681,3.30917048454285
9.3739013671875,17.5216789245605,1.30258786678314,1300.38842773438,127.909744262695,90.825080871582,8.91050148010254,354.482116699219,288.070831298828,319.080596923828,332.821624755859,7.40000009536743,29.7838134765625,629.095581054688,22.0225582122803,-2.80888676643372,24.8314247131348,5.73771953582764,5.027099609375,10.0176000595093,31.4833755493164,23.1503067016602,"71","forest/shrubs and cropland mosaics",3.16019058227539,1.21902084350586,32.7904777526855,17.3438835144043,8.54480743408203,0.19503952562809,1.34307742118835,2637465,4056284,2.0984001159668,44.3173980712891,0.295801222324371,0.645476698875427,0.484959036111832,3.83715581893921,0.832660853862762,0.636601686477661,2.86545586585999,0.71382737159729,4.76912450790405,2.73708295822144
9.20290565490723,17.2406730651855,1.22456049919128,1300.54064941406,128.650955200195,90.4602813720703,9.3168363571167,358.138702392578,287.287353515625,316.333190917969,333.949676513672,7.29926776885986,29.6438903808594,622.073364257812,21.604076385498,-2.908203125,24.5122833251953,5.62529277801514,4.80290508270264,3.84200000762939,16.0835990905762,30.992000579834,"63","high-intensity cropland",2.68079996109009,0.893199980258942,40.8251991271973,20.417200088501,4.47079992294312,0.00557181192561984,0.998755812644958,2631465,4051284,1.24800002574921,41.1420364379883,0.341834098100662,0.566810369491577,0.401539653539658,3.36884069442749,0.834033846855164,0.6177738904953,2.73116540908813,0.733299136161804,4.47444248199463,2.88448929786682
10.057861328125,18.2190914154053,1.86091303825378,1133.55541992188,111.403732299805,79.0403823852539,9.63985157012939,312.707580566406,248.006561279297,276.552734375,287.589508056641,7.22913885116577,29.1079559326172,632.900512695312,22.6066398620605,-2.2462158203125,24.8528671264648,6.35283184051514,5.66499042510986,2.53559994697571,9.85591983795166,9.03489398956299,"43","high-intensity forest",1.51514029502869,1.98358678817749,12.1998558044434,6.47802305221558,9.9538049697876,0.123146720230579,1.3486499786377,2630465,4053284,2.00799989700317,34.6710968017578,0.368297755718231,0.640556335449219,0.366858243942261,3.51598143577576,0.907219529151917,0.748820543289185,2.61314129829407,0.732363939285278,4.4808554649353,2.64668321609497
6.115234375,13.553955078125,-1.02224123477936,1645.42114257812,168.040481567383,115.653686523438,10.1934471130371,465.078369140625,372.038909912109,383.112335205078,438.103576660156,7.01070404052734,30.6220893859863,571.610412597656,17.7980709075928,-5.11550283432007,22.9135704040527,3.13874506950378,1.615234375,2.18440008163452,11.0355997085571,15.1492004394531,"43","high-intensity forest",2.04200005531311,1.95480000972748,9.9379997253418,8.02639961242676,2.8808000087738,0,1.49410080909729,2627465,4034284,1.12080001831055,46.6213989257812,0.429991215467453,0.702848136425018,0.501624524593353,3.65794968605042,0.870332181453705,0.741614997386932,3.22107529640198,0.707266986370087,4.52514791488647,2.37268686294556
10.1607418060303,18.2079105377197,2.17299795150757,1086.94763183594,106.415237426758,75.6201324462891,10.3327770233154,302.515502929688,235.05973815918,264.308044433594,273.193908691406,6.88707637786865,28.4897270202637,622.909484863281,22.3624267578125,-1.80859375,24.1710109710693,6.57565927505493,5.68476581573486,2.37720012664795,8.50080013275146,13.5271997451782,"43","high-intensity forest",2.04719996452332,1.82200002670288,10.6028003692627,9.86999988555908,5.67439985275269,0.125758618116379,1.58332371711731,2624465,4052284,1.9811999797821,37.488353729248,0.377306640148163,0.655666887760162,0.43021348118782,3.60565137863159,0.865027725696564,0.666607558727264,2.83226156234741,0.735253572463989,4.53849458694458,2.78220391273499
10.0705080032349,18.0939445495605,2.16811513900757,1103.88854980469,108.339416503906,76.6734466552734,10.3567914962769,307.876647949219,238.988723754883,267.689117431641,278.359222412109,6.85381984710693,28.4298820495605,619.528259277344,22.2477779388428,-1.75920414924622,24.0069637298584,6.568115234375,5.6103515625,2.46480011940002,9.63080024719238,7.98960018157959,"43","high-intensity forest",3.43680000305176,1.66960000991821,13.2388000488281,11.9759998321533,5.99480009078979,0.00626769429072738,0.989349067211151,2623465,4051284,1.49559998512268,42.5213813781738,0.322502434253693,0.569823920726776,0.489625990390778,4.16724824905396,0.819477736949921,0.65658837556839,2.92331123352051,0.737878084182739,5.28681230545044,2.9641170501709
10.1055908203125,17.9465084075928,2.52546381950378,1529.29138183594,151.56330871582,107.276756286621,10.4769153594971,431.546478271484,335.570648193359,366.154937744141,386.222015380859,6.34014463424683,27.8398475646973,601.933532714844,21.6864013671875,-1.11506342887878,22.8014640808105,6.815673828125,5.59895038604736,8.27719974517822,14.171199798584,21.6555995941162,"31","extensive perm-crops",6.03919982910156,1.49880003929138,14.7595996856689,13.4267997741699,8.93159961700439,0,1.00233888626099,2602465,4037284,1.12960004806519,39.076545715332,0.396246314048767,0.77554178237915,0.390165388584137,3.19053268432617,0.697091281414032,0.518085896968842,2.71425580978394,0.741993129253387,4.39844799041748,2.86483025550842
4.43559551239014,13.0639162063599,-4.17275381088257,1950.39965820312,201.429656982422,86.2512741088867,24.6800899505615,596.136291503906,304.640258789062,591.140319824219,329.849914550781,8.80261516571045,32.2607498168945,669.308166503906,17.9956550598145,-9.315185546875,27.3108310699463,9.584228515625,-3.20065927505493,22.5928001403809,19.2756004333496,13.0108003616333,"41","low-intensity forest",3.80640006065369,1.21360003948212,6.82520008087158,11.9748001098633,10.592399597168,0.0535481944680214,1.27715706825256,2599465,4652284,1.20039999485016,50.6347770690918,0.498014360666275,0.81414657831192,0.472935914993286,3.47622489929199,0.740850389003754,0.636405408382416,3.22018265724182,0.706296801567078,4.23662376403809,2.20473432540894
2.42019033432007,11.1355953216553,-6.45654296875,2430.95166015625,280.346923828125,95.7882461547852,27.5972843170166,799.770751953125,356.939971923828,672.077270507812,407.873229980469,8.50240898132324,31.217472076416,681.753784179688,15.8390140533447,-11.4314451217651,27.2704467773438,3.16228032112122,-5.26206064224243,16.8663997650146,10.497200012207,16.4783992767334,"80","shrub",5.62960004806519,1.11640000343323,11.8107995986938,8.41759967803955,12.7536001205444,0.00516607100144029,1.37117171287537,2598465,4600284,1.3944000005722,58.9967422485352,0.33675616979599,0.526735484600067,0.541584134101868,3.35717129707336,0.738008618354797,0.76766037940979,3.10729598999023,0.737321078777313,4.54904556274414,3.48295927047729
6.43889141082764,15.1351318359375,-2.29255366325378,1643.76977539062,189.235534667969,74.3037567138672,26.0169372558594,529.755126953125,260.189086914062,529.755126953125,272.0693359375,8.7176570892334,31.7635860443115,675.985473632812,20.1184329986572,-7.39453125,27.5129489898682,15.1351318359375,-1.23312985897064,22.4755992889404,27.2444000244141,10.4451999664307,"41","low-intensity forest",8.71840000152588,0.679199993610382,10.2144002914429,21.0704002380371,10.8895998001099,0.138297587633133,1.23728334903717,2588465,4677284,1.25960004329681,53.4924011230469,0.43954011797905,0.698069214820862,0.518403053283691,3.86575961112976,0.748141944408417,0.745238721370697,3.26965236663818,0.690827250480652,5.23775005340576,3.49189782142639
8.205322265625,17.2392826080322,-1.12060546875,1571.16870117188,181.168975830078,72.0803451538086,25.6387844085693,502.819885253906,250.457611083984,502.819885253906,262.879943847656,8.76139640808105,30.6984596252441,710.039672851562,22.3006839752197,-6.2005615234375,28.5012359619141,17.2392826080322,0.249462887644768,16.8920001983643,24.7455997467041,13.7411994934082,"41","low-intensity forest",6.17640018463135,0.736800014972687,8.59720039367676,9.80599975585938,5.78280019760132,0.220553919672966,1.31753063201904,2586465,4677284,2.19359993934631,21.2574062347412,0.320145279169083,0.609378814697266,0.411441266536713,3.21639943122864,0.775038540363312,0.741221129894257,2.80596804618835,0.723644316196442,4.19908571243286,3.35849165916443
2.44550776481628,12.020263671875,-7.32111835479736,1045.67248535156,102.205612182617,66.0769500732422,12.0916500091553,296.773254394531,224.30859375,292.679412841797,241.387359619141,9.17069911956787,30.6011543273926,747.249633789062,17.3202629089355,-12.6089601516724,29.9292240142822,9.786865234375,-2.27973628044128,22.918399810791,14.2416000366211,23.4692001342773,"42","medium-intensity forest",7.65919971466064,2.73160004615784,14.2039995193481,14.3708000183105,14.8444004058838,0.006611168384552,1.09655261039734,2582465,4149284,0.767599999904633,32.1034622192383,0.564032852649689,0.787476181983948,0.345053434371948,3.10778427124023,0.894142150878906,0.604992926120758,2.95491051673889,0.716815054416656,3.61800742149353,1.74005663394928
9.93342304229736,19.1829833984375,0.3763427734375,1453.25671386719,156.605194091797,71.2902450561523,22.9196586608887,442.137054443359,243.34358215332,431.051177978516,262.124481201172,8.69999980926514,30.1938076019287,724.065551757812,24.317066192627,-4.44560527801514,28.7626838684082,15.0353031158447,1.95393061637878,7.46360015869141,12.1831998825073,14.8011999130249,"41","low-intensity forest",2.62319993972778,1.64880001544952,8.12600040435791,14.3475999832153,7.21560001373291,2.32640632020775e-05,1.56656777858734,2568465,4670284,1.33039999008179,42.8643188476562,0.53420752286911,0.800079464912415,0.397917747497559,2.40377950668335,0.537078619003296,0.607009470462799,3.17489218711853,0.738206028938293,3.11362266540527,1.58563137054443
10.658935546875,20.0557861328125,0.897656261920929,1392.81799316406,149.539703369141,68.7172088623047,22.6886444091797,423.724273681641,234.561813354492,410.313568115234,252.904266357422,8.69999980926514,29.7116298675537,737.652160644531,25.2342529296875,-3.98200678825378,29.2162418365479,15.8045902252197,2.54765629768372,2.91960000991821,9.36093139648438,11.1211032867432,"42","medium-intensity forest",3.91245603561401,0.961140394210815,18.3700981140137,23.1817626953125,3.78334307670593,0.0493693090975285,1.58708310127258,2566465,4670284,2.79159998893738,42.8562889099121,0.544085025787354,0.803329110145569,0.43501004576683,3.42796874046326,0.562215805053711,0.65885466337204,3.33247065544128,0.724490284919739,4.4259786605835,2.08971881866455
-0.2730712890625,9.37883281707764,-10.0242671966553,1107.98046875,132.206451416016,57.1579513549805,20.2438316345215,323.041473388672,213.636596679688,282.112182617188,213.637420654297,8.93296718597412,29.8412380218506,753.623413085938,14.6156005859375,-15.3342037200928,29.9498176574707,3.17863774299622,-10.0093259811401,23.9815998077393,12.914400100708,18.913200378418,"42","medium-intensity forest",9.00279998779297,1.6923999786377,7.37720012664795,11.410400390625,13.5131998062134,2.3866783521953e-05,0.79175853729248,2565465,4154284,0.812799990177155,73.189208984375,0.425532549619675,0.726034641265869,0.662019908428192,4.13741254806519,0.854396522045135,0.68964022397995,3.71675658226013,0.664784610271454,4.69816732406616,1.65180313587189
11.3730955123901,20.8830070495605,1.45991206169128,840.744140625,96.0131301879883,44.8308296203613,22.3646106719971,249.039184570312,147.227600097656,247.581146240234,159.323547363281,8.70460891723633,29.5397548675537,750.574462890625,26.6830081939697,-2.84999990463257,29.5330085754395,16.6080322265625,3.159912109375,1.43760001659393,13.207200050354,5.30840015411377,"71","forest/shrubs and cropland mosaics",6.53439998626709,1.99559998512268,9.56159973144531,6.94999980926514,1.39320003986359,0.00370806641876698,1.35106539726257,2561465,4855284,1.61000001430511,22.7373752593994,0.470337152481079,0.749936640262604,0.361244410276413,3.40147924423218,0.815307676792145,0.735766351222992,2.80067944526672,0.723812639713287,4.5861234664917,2.75123286247253
11.6499996185303,21.4500007629395,1.3062744140625,664.557983398438,84.4533767700195,35.6754379272461,22.035961151123,206.665069580078,119.698669433594,206.665069580078,131.741775512695,8.85281562805176,29.2000007629395,778.839477539062,27.3500003814697,-2.95000004768372,30.2999992370605,21.4500007629395,3.04999995231628,0.426799982786179,8.88319969177246,8.67199993133545,"42","medium-intensity forest",3.95679998397827,1.01080000400543,12.7340002059937,8.01000022888184,2.98559999465942,0.139179572463036,0.787440836429596,2551465,4991284,2.70359992980957,26.9182147979736,0.391493737697601,0.60381817817688,0.364663451910019,2.50669932365417,0.913997828960419,0.689002573490143,2.68747615814209,0.740333080291748,3.36052513122559,2.67769837379456
7.66313457489014,16.278003692627,-0.851049780845642,1997.20776367188,217.477203369141,115.174880981445,20.3305702209473,625.633728027344,374.226501464844,488.776306152344,420.8974609375,8.07058143615723,30.4242610931396,665.550170898438,21.233715057373,-5.25104999542236,26.4847621917725,8.22807598114014,0.112622067332268,4.41680002212524,13.2779998779297,14.2363996505737,"42","medium-intensity forest",1.98800003528595,0.714399993419647,9.83520030975342,16.9351997375488,3.55200004577637,0,1.65896248817444,2523465,4658284,1.64279997348785,29.882884979248,0.40847310423851,0.695087671279907,0.430093050003052,4.17126989364624,0.88861745595932,0.731519758701324,2.9766628742218,0.713057935237885,5.20779085159302,2.72817969322205
7.911376953125,16.5885257720947,-0.692138671875,1975.65991210938,215.602584838867,114.077537536621,20.4411659240723,619.625854492188,370.203002929688,483.210510253906,416.842590332031,8.0302677154541,30.2973537445068,670.03857421875,21.4959468841553,-5.03581523895264,26.5317497253418,8.43217754364014,0.330175787210464,4.92759990692139,7.37599992752075,12.5984001159668,"42","medium-intensity forest",2.99880003929138,0.787599980831146,11.921199798584,18.653600692749,4.12160015106201,0,1.75355041027069,2522465,4659284,2.05839991569519,43.5894088745117,0.360869526863098,0.680106580257416,0.522167325019836,3.40748500823975,0.713979721069336,0.640519976615906,3.1214439868927,0.691633999347687,4.60258674621582,2.82934236526489
12.0500001907349,21.7396965026855,2.04999995231628,911.199401855469,98.3883819580078,50.5223350524902,20.0787258148193,264.703643798828,163.736373901367,263.175842285156,174.870010375977,9.10000038146973,30.0581550598145,757.849609375,27.6396980285645,-2.613037109375,30.2527351379395,17.3270015716553,3.80307626724243,0.324000000953674,6.35120010375977,34.2140007019043,"42","medium-intensity forest",4.53919982910156,1.09640002250671,20.4843997955322,13.4200000762939,3.41240000724792,0.222577005624771,0.0856985822319984,2515465,4809284,2.24160003662109,39.9047737121582,0.30757063627243,0.57391494512558,0.394758433103561,2.13501334190369,0.542935431003571,0.740582823753357,2.62318468093872,0.718260765075684,3.14901733398438,2.91673278808594
10.2488279342651,20.1729984283447,-0.0234863273799419,817.107421875,92.6176528930664,48.6535911560059,18.5752029418945,251.253692626953,151.542388916016,234.820922851562,177.99690246582,9.3956937789917,30.9670295715332,785.354614257812,25.6767826080322,-4.66225576400757,30.3390464782715,18.632007598877,1.71281743049622,2.54439997673035,4.75600004196167,8.8996000289917,"42","medium-intensity forest",4.78520011901855,0.992799997329712,8.74600028991699,15.9147996902466,2.05640006065369,6.96400775268557e-06,1.65911054611206,2514465,5336284,1.34119999408722,49.4569129943848,0.422608852386475,0.748688340187073,0.506255447864532,3.83803701400757,0.870539546012878,0.692924201488495,3.15803456306458,0.666378438472748,4.42043113708496,1.96992015838623
8.5574951171875,17.386646270752,-0.372949212789536,1672.66564941406,173.273544311523,89.0862274169922,19.3449764251709,500.114074707031,303.801818847656,451.829650878906,330.611511230469,8.59440422058105,31.0036354064941,686.216735839844,22.7293949127197,-4.90083026885986,27.6302089691162,9.73520469665527,0.867968738079071,5.32600021362305,6.12599992752075,10.826000213623,"72","forest/shrubs and grassland mosaics",1.43799996376038,1.1191999912262,13.0431995391846,12.28600025177,4.63439989089966,0.0991964042186737,1.16275763511658,2512465,4713284,2.41840004920959,46.9218635559082,0.461786717176437,0.763871192932129,0.380165994167328,3.17879486083984,0.777256369590759,0.636201798915863,2.74765610694885,0.680469751358032,4.08438968658447,2.15223217010498
12.1936283111572,21.8499755859375,2.04999995231628,894.836059570312,96.6525573730469,48.5837860107422,18.6714534759521,255.570159912109,168.337844848633,246.95881652832,176.004806518555,9,29.7813816070557,763.74267578125,27.549976348877,-2.65000009536743,30.1999759674072,12.3499755859375,3.89362788200378,0.0572000034153461,5.76000022888184,8.44919967651367,"42","medium-intensity forest",3.23600006103516,0.746399998664856,11.7728004455566,11.7679996490479,4.8471999168396,0.0121169136837125,0.150991767644882,2499465,4855284,2.52760004997253,32.0119476318359,0.391366750001907,0.613740026950836,0.294270783662796,3.26128911972046,0.74702650308609,0.525966644287109,2.46368813514709,0.751541018486023,4.19797039031982,2.95545411109924
10.9180173873901,21.227855682373,0.0598388686776161,629.471313476562,75.1813201904297,34.7003555297852,25.8650875091553,213.412628173828,108.466468811035,213.412628173828,119.823204040527,9.12712955474854,29.3944339752197,821.177062988281,26.5278568267822,-4.57746601104736,31.1053218841553,21.227855682373,1.932373046875,1.85199999809265,11.7483997344971,26.1923999786377,"71","forest/shrubs and cropland mosaics",3.53999996185303,2.61439990997314,15.0640001296997,22.6044006347656,4.78079986572266,0,1.54825747013092,2499465,5428284,1.31760001182556,35.114330291748,0.321919918060303,0.600189507007599,0.440561026334763,3.81236171722412,0.769848048686981,0.853029906749725,2.7893054485321,0.730329692363739,5.19877147674561,3.6561803817749
11.0892086029053,20.6535148620605,1.033203125,918.531860351562,105.758201599121,45.2140998840332,19.9009418487549,275.873443603516,166.89372253418,274.494354248047,176.474822998047,9,30.105676651001,758.716491699219,26.2535152435303,-3.64382314682007,29.8973331451416,19.074146270752,2.72170400619507,3.33319997787476,5.17159986495972,13.3087997436523,"42","medium-intensity forest",1.81920003890991,1.16999995708466,6.81199979782104,8.16479969024658,1.98679995536804,0,1.21524977684021,2498465,4940284,1.42280006408691,21.8423519134521,0.533634603023529,0.739645421504974,0.230167150497437,2.58872556686401,0.881736516952515,0.660993099212646,2.49895358085632,0.74554306268692,2.98944735527039,1.76399338245392
13.7730464935303,22.779956817627,4.96110820770264,1787.7265625,228.712432861328,68.3200759887695,32.1180458068848,654.391418457031,311.180236816406,311.180236816406,440.712951660156,6.04342794418335,23.7453269958496,689.158813476562,26.7889652252197,1.35498046875,25.4339694976807,14.3033199310303,22.779956817627,2.09439992904663,9.44690990447998,11.2531681060791,"42","medium-intensity forest",4.1336088180542,2.50964713096619,6.71170234680176,10.8483552932739,3.81395792961121,0.0859444439411163,1.78875052928925,2461465,4681284,1.89680004119873,43.3675842285156,0.414269685745239,0.744520008563995,0.468984574079514,2.65015983581543,0.820952117443085,0.732678532600403,3.12063574790955,0.72673624753952,3.38494181632996,2.09542107582092
13.9979734420776,22.4711666107178,5.81123065948486,1486.84301757812,193.545989990234,51.0327491760254,34.7554512023926,558.343078613281,239.71484375,239.71484375,376.195739746094,5.07319784164429,21.9071102142334,647.884948730469,25.8965339660645,2.7796630859375,23.1168766021729,14.7028322219849,22.4711666107178,3.38039994239807,9.58162593841553,7.61502695083618,"42","medium-intensity forest",5.17944145202637,2.23020124435425,5.96292781829834,8.92998790740967,5.28698205947876,0.0402287021279335,1.2109215259552,2450465,4680284,2.57760000228882,27.2659358978271,0.617684781551361,0.764007270336151,0.304987013339996,3.92867827415466,0.84933078289032,0.70644336938858,2.92210912704468,0.733871936798096,4.89654541015625,2.07381010055542
6.50112295150757,15.104736328125,-1.81613767147064,2033.82202148438,235.845581054688,83.3640289306641,25.5009651184082,681.372131347656,377.785827636719,377.785827636719,505.896423339844,7.32889080047607,28.0009708404541,659.078674316406,19.4813480377197,-6.61301279067993,26.0943698883057,7.2989501953125,15.104736328125,7.46040010452271,7.60319995880127,14.6399993896484,"42","medium-intensity forest",3.46840000152588,0.955200016498566,10.4563999176025,7.82679986953735,6.71119976043701,0,1.55065429210663,2430465,4722284,1.67040002346039,37.7392120361328,0.396778643131256,0.63806563615799,0.40629705786705,3.47805547714233,0.818457305431366,0.732733190059662,2.75469541549683,0.72270792722702,4.45227432250977,3.06353902816772
5.69985342025757,13.7562990188599,-1.92270505428314,2280.83056640625,272.211456298828,82.9336395263672,28.788049697876,784.950256347656,387.348083496094,387.348083496094,591.092529296875,6.47359085083008,26.5775566101074,619.476745605469,17.6512699127197,-6.68710947036743,24.3383903503418,6.70456552505493,13.7562990188599,4.88920021057129,13.7391996383667,10.089599609375,"41","low-intensity forest",1.70159995555878,0.730399966239929,7.26760005950928,5.55800008773804,5.49399995803833,2.39480959862703e-06,1.77326965332031,2422465,4715284,1.92159998416901,28.2881107330322,0.20885843038559,0.670687437057495,0.315031111240387,1.59477412700653,0.697348654270172,0.747877895832062,2.39086580276489,0.718272626399994,2.10944890975952,1.88912105560303
7.76503896713257,16.3186531066895,-0.749365210533142,1704.6162109375,185.787704467773,93.4194717407227,19.5038032531738,531.198547363281,350.542846679688,350.542846679688,413.177642822266,9.04879093170166,32.6523666381836,661.230346679688,21.8854007720947,-5.78874492645264,27.6741390228271,8.40607929229736,16.3186531066895,9.01159954071045,14.0811996459961,22.9556007385254,"43","high-intensity forest",3.74200010299683,0.409600019454956,22.3068008422852,8.13599967956543,4.91200017929077,0,1.32553803920746,2422465,4777284,1.05560004711151,26.7072868347168,0.404594033956528,0.753476023674011,0.363513916730881,2.18653178215027,0.942709565162659,0.767416775226593,2.75287103652954,0.704667329788208,2.7031524181366,1.78129911422729
7.3775634765625,16.1502437591553,-1.10478520393372,2074.13623046875,245.836334228516,80.7115173339844,27.2481384277344,703.895324707031,368.015808105469,368.015808105469,531.120300292969,7.28384304046631,27.7313632965088,670.584594726562,20.4402351379395,-5.78208017349243,26.2223052978516,8.17658710479736,16.1502437591553,2.62960004806519,11.7608003616333,5.46719980239868,"42","medium-intensity forest",1.75360000133514,0.920000016689301,5.04559993743896,5.09000015258789,4.18639993667603,0.196250736713409,1.52286231517792,2420465,4724284,2.93959999084473,40.0698165893555,0.366831868886948,0.619381487369537,0.462177336215973,3.56051135063171,0.82134336233139,0.742481648921967,2.88944482803345,0.698785305023193,4.42945623397827,2.72565245628357
7.39018535614014,15.9647703170776,-0.793530285358429,2459.66748046875,302.354431152344,87.846565246582,29.8392086029053,853.408996582031,406.336364746094,406.336364746094,649.808715820312,7.09061336517334,27.6078548431396,652.3759765625,20.1676025390625,-5.4591064453125,25.6267147064209,4.07819843292236,15.9647703170776,7.86439990997314,33.1168022155762,10.7136001586914,"42","medium-intensity forest",2.99799990653992,1.04760003089905,6.8568000793457,8.42039966583252,14.9559993743896,0.196187764406204,1.15941226482391,2411465,4721284,2.3199999332428,32.9202880859375,0.382673293352127,0.724431455135345,0.43840754032135,3.60971283912659,0.85870498418808,0.745918333530426,2.86894178390503,0.719372987747192,4.36747884750366,2.38828754425049
9.53022480010986,19.279369354248,-0.696972668170929,899.50830078125,115.966903686523,50.1142196655273,26.2307033538818,314.602081298828,163.864379882812,281.026214599609,163.864379882812,9.69999980926514,32.0050811767578,774.229614257812,24.279369354248,-5.91484355926514,30.1942195892334,17.4916744232178,-0.696972668170929,8.61800003051758,7.13306951522827,17.2600555419922,"42","medium-intensity forest",4.09834480285645,0.70727127790451,13.9429044723511,9.08456420898438,5.53369235992432,0.00436017801985145,0.983869433403015,2329465,5415284,1.5324000120163,27.4652080535889,0.34427085518837,0.686879932880402,0.36238357424736,2.10896801948547,0.829625368118286,0.81009167432785,2.60526490211487,0.702722907066345,2.58626770973206,2.1108341217041
7.3712158203125,16.610424041748,-2.20322275161743,901.301147460938,116.437942504883,50.093147277832,26.6351661682129,316.504272460938,162.869232177734,283.468505859375,162.869232177734,9.67250728607178,33.271125793457,729.415893554688,21.6177730560303,-7.41054677963257,29.0283164978027,14.88525390625,-2.20322275161743,5.06720018386841,7.04400014877319,10.2164001464844,"41","low-intensity forest",1.99960005283356,1.4132000207901,8.63399982452393,8.96479988098145,4.0524001121521,0,1.62635898590088,2328465,5413284,1.40880000591278,24.6357116699219,0.47338742017746,0.77969628572464,0.301935613155365,2.08357858657837,0.604142010211945,0.732955694198608,2.5845992565155,0.734159767627716,2.80756211280823,2.29403209686279
10.4420652389526,16.7117671966553,4.54807138442993,1907.21032714844,221.103668212891,82.7441864013672,29.6332855224609,648.976440429688,281.080352783203,281.080352783203,591.853881835938,7.91732406616211,37.2024040222168,480.306060791016,21.712890625,0.402148425579071,21.3107585906982,5.40500497817993,16.7117671966553,7.1988000869751,7.77199983596802,32.9528007507324,"42","medium-intensity forest",2.03119993209839,1.1923999786377,25.6891994476318,9.65520000457764,3.58599996566772,0.138936772942543,1.66617035865784,2289465,3364284,1.92840003967285,43.2947387695312,0.41497278213501,0.82493382692337,0.551604688167572,2.72984647750854,0.947756290435791,0.663558065891266,3.29333186149597,0.692984521389008,2.91066646575928,0.905570268630981
11.4049558639526,17.6232662200928,5.40727519989014,1582.58715820312,183.863250732422,67.7582855224609,29.9683170318604,539.276672363281,231.8115234375,231.8115234375,491.101135253906,8.03642559051514,37.2520790100098,482.268737792969,22.7049560546875,1.13779294490814,21.5671577453613,6.23549795150757,17.6232662200928,3.54640007019043,10.6787996292114,17.4136009216309,"42","medium-intensity forest",3.6716001033783,1.292799949646,13.8551998138428,9.91079998016357,9.79199981689453,0.189372465014458,1.52454054355621,2286465,3361284,2.74559998512268,41.9282112121582,0.346954494714737,0.735992193222046,0.410718321800232,4.05828762054443,0.820767939090729,0.748645603656769,2.72889161109924,0.727426946163177,5.37905168533325,2.38373398780823
10.9484615325928,17.193675994873,4.953125,1591.23095703125,189.969909667969,64.1987915039062,31.6666679382324,552.804870605469,226.115234375,226.115234375,499.331115722656,8.35056495666504,38.0387992858887,482.883239746094,22.6037101745605,0.647778332233429,21.9559211730957,5.75947284698486,17.193675994873,7.63360023498535,10.6199998855591,15.8299999237061,"42","medium-intensity forest",3.46160006523132,1.29840004444122,24.1380004882812,15.8523998260498,9.73359966278076,0.138636365532875,1.46554517745972,2285465,3336284,1.69840002059937,41.5370788574219,0.359505623579025,0.733600378036499,0.405455976724625,4.1877703666687,0.842885196208954,0.709114015102386,2.66587519645691,0.72505921125412,4.78207588195801,2.04958033561707
8.10085487365723,17.1008548736572,-0.7479248046875,1946.48767089844,269.976928710938,66.7200393676758,37.1680526733398,744.943908691406,259.239318847656,259.239318847656,601.332580566406,8.60000038146973,30.4701728820801,697.48046875,22.3915519714355,-5.84892559051514,28.2404689788818,4.45107412338257,17.1008548736572,10.9555997848511,7.15560007095337,26.9272003173828,"71","forest/shrubs and cropland mosaics",3.83399987220764,0.730799973011017,17.7716007232666,9.67800045013428,6.4967999458313,0.0976896286010742,1.41131258010864,2255465,5060284,2.94799995422363,22.9356784820557,0.500234544277191,0.82404100894928,0.310240060091019,1.42075264453888,0.451380014419556,0.710873305797577,2.61241841316223,0.744166135787964,2.0473952293396,1.77300906181335
1.4793701171875,10.5944089889526,-8.0206298828125,1192.33654785156,139.713577270508,60.7288131713867,24.1136665344238,386.593688964844,200.676773071289,286.299987792969,318.766052246094,9.10000038146973,31.5917720794678,724.841003417969,15.2444581985474,-13.5813961029053,28.8258609771729,0.9444580078125,2.37937021255493,15.4840002059937,10.1476001739502,5.12360000610352,"74","forest/shrubs and bare mosaics",6.46479988098145,2.95919990539551,17.2360000610352,11.7911996841431,13.4364004135132,0.120657697319984,1.28461539745331,2212465,5439284,1.97640001773834,29.2353019714355,0.539156675338745,0.827553868293762,0.367839783430099,2.29495859146118,0.92416900396347,0.655366837978363,2.94442439079285,0.721861779689789,2.55265736579895,1.24209010601044
7.46240234375,16.369457244873,-1.59965825080872,940.52978515625,106.25057220459,54.6446533203125,22.2146415710449,309.290222167969,184.447052001953,288.263275146484,222.31103515625,8.69999980926514,31.6959629058838,700.200317382812,20.7679691314697,-6.67319345474243,27.4411735534668,14.5970706939697,8.36240196228027,8.42800045013428,10.3563995361328,8.58559989929199,"41","low-intensity forest",3.75639986991882,1.04719996452332,17.8003997802734,11.5771999359131,6.14400005340576,0.102965176105499,1.4581538438797,2192465,5541284,1.62279999256134,37.8578186035156,0.500982701778412,0.767596840858459,0.429885923862457,3.5772705078125,0.905148923397064,0.69834703207016,3.06045794487,0.691444516181946,4.50263690948486,2.24778962135315
16.406982421875,23.9075202941895,9.79367637634277,730.425476074219,132.963012695312,7.64718914031982,67.1725006103516,339.573272705078,34.760814666748,34.760814666748,294.101806640625,7.59154415130615,31.5440101623535,565.644348144531,29.4876461029053,5.43505859375,24.0525817871094,11.3455562591553,23.9075202941895,1.93840003013611,6.77719974517822,8.38479995727539,"71","forest/shrubs and cropland mosaics",9.89920043945312,2.05679988861084,8.04240036010742,9.84160041809082,8.42560005187988,0.244510740041733,1.7382652759552,1560465,4773284,2.49839997291565,30.0531368255615,0.527431964874268,0.76508629322052,0.3190558552742,2.3104944229126,0.60819798707962,0.642775058746338,2.74770474433899,0.705877125263214,3.14862370491028,2.68696427345276
