"Species","SLA","PlantHeight","SeedMass","LDMC","StemSpecificDensity","N","P"
"Abies alba",1.72959731543624,3.6555033557047,4.09308724832215,-1.18939597315436,-0.704697986577181,2.55268456375839,0.346040268456376
"Abies sibirica",1.78,3.81,2.77,-1.175,-0.82,2.515,0.27
"Acer campestre",2.66640350877193,2.61342105263158,3.85333333333333,-1.08833333333333,-0.54780701754386,3.03078947368421,0.607719298245614
"Acer hyrcanum",2.91,2.88,3.56,-1.11,-0.605,2.94,0.405
"Acer monspessulanum",2.43,2.1475,3.5185,-0.8435,-0.19025,2.95725,0.45425
"Acer opalus",2.76296296296296,2.37481481481481,4.52518518518518,-1.03444444444444,-0.362592592592593,3.12888888888889,0.519259259259259
"Acer platanoides",2.96403225806452,3.23306451612903,4.945,-1.0108064516129,-0.56758064516129,3.0358064516129,0.563870967741935
"Acer pseudoplatanus",2.65792134831461,3.33168539325843,4.17983146067416,-1.05522471910112,-0.602134831460674,3.22050561797753,0.669438202247191
"Acer tataricum",2.78,2.1575,3.66416666666667,-1.05833333333333,-0.588333333333333,2.58833333333333,0.178333333333333
"Achillea millefolium",2.72354430379747,-0.921350210970464,-1.99443037974684,-1.40548523206751,-5.75151898734177,3.00548523206751,0.862405063291139
"Aconitum napellus",3.04037037037037,0.105925925925926,1.17962962962963,-1.79481481481481,-1.18814814814815,3.40703703703704,0.693703703703704
"Aconitum vulparia",2.985,0.03,1.38,-1.835,-1.185,3.31,0.535
"Actaea spicata",3.56525,-0.7035,2.76125,-1.42075,-1.247,2.987,1.15925
"Adenophora liliifolia",3.25666666666667,-0.191666666666667,-1.42333333333333,-1.805,-0.451666666666667,3.425,0.356666666666667
"Adenostyles alliariae",3.27615384615385,-0.0907692307692308,0.486153846153846,-2.14692307692308,-3.76307692307692,3.22923076923077,0.809230769230769
"Adenostyles alpina",3.36666666666667,-0.0766666666666666,0.166666666666667,-2.24,-3.88666666666667,3.28,0.833333333333333
"Adoxa moschatellina",3.64805555555556,-2.385,2.50027777777778,-2.05638888888889,-0.410555555555556,3.67055555555556,1.49694444444444
"Aegopodium podagraria",3.36337209302326,-0.367093023255814,0.845,-1.47720930232558,-3.1106976744186,3.34790697674419,1.44662790697674
"Agrostis capillaris",3.35902597402597,-1.08733766233766,-2.86694805194805,-1.23,-1.49564935064935,3.17506493506494,0.760779220779221
"Ajuga genevensis",3.37352941176471,-1.49588235294118,0.0235294117647059,-1.95176470588235,-2.81117647058824,3.05235294117647,1.45647058823529
"Ajuga pyramidalis",3.00071428571429,-1.74678571428571,0.420357142857143,-1.38714285714286,-2.56678571428571,3.0025,1.15714285714286
"Ajuga reptans",3.49274509803922,-1.76352941176471,0.417450980392157,-1.80725490196078,-2.65470588235294,3.01509803921569,1.26450980392157
"Alchemilla flabellata",2.95,-1.56,-1.01,-1.38,-1.18,2.96,0.8
"Alliaria petiolata",3.73140350877193,-0.55280701754386,0.885964912280702,-1.86,-1.1780701754386,3.61105263157895,1.10421052631579
"Alnus glutinosa",2.72876404494382,2.91612359550562,0.300337078651685,-1.1473595505618,-0.780112359550562,3.45106741573034,0.546404494382022
"Alnus incana",2.98323943661972,2.49957746478873,-0.301267605633803,-1.22971830985915,-0.791549295774648,3.49338028169014,0.860704225352113
"Amelanchier lamarckii",2.37333333333333,2.13666666666667,1.93666666666667,-1.07333333333333,-0.4,2.912,0.898666666666667
"Amelanchier ovalis",2.42310344827586,1.06241379310345,1.59586206896552,-1.00827586206897,-0.415172413793103,2.88965517241379,0.921379310344828
"Anemone nemorosa",3.2796875,-1.47979166666667,0.848020833333333,-1.47927083333333,-1.1621875,3.36270833333333,0.98625
"Anemone ranunculoides",3.55961538461538,-1.79769230769231,0.713461538461538,-1.77115384615385,-1.17230769230769,3.39923076923077,1.13923076923077
"Angelica sylvestris",3.2225,0.0036764705882353,0.334264705882353,-1.66867647058824,-4.99411764705882,3.44897058823529,1.29970588235294
"Anthericum ramosum",3.10636363636364,-0.6,1.12772727272727,-1.84681818181818,-2.31181818181818,3.36772727272727,0.528636363636364
"Anthoxanthum odoratum",3.20361809045226,-1.06301507537688,-0.922763819095477,-1.28391959798995,-1.86281407035176,3.05241206030151,0.307989949748744
"Anthriscus sylvestris",3.40155963302752,-0.14743119266055,1.47266055045872,-1.51798165137615,-5.03045871559633,3.37009174311927,1.36825688073395
"Aposeris foetida",2.72166666666667,-1.9025,0.778333333333333,-1.5875,-3.51083333333333,3.21166666666667,0.773333333333333
"Arabidopsis thaliana",3.47508771929825,-1.87789473684211,-2.40122807017544,-2.32350877192982,-7.39771929824561,3.60105263157895,1.57666666666667
"Arabis hirsuta",3.18181818181818,-0.789242424242424,-2.25772727272727,-1.81924242424242,-7.30136363636364,3.54090909090909,1.19590909090909
"Arabis turrita",3.11045454545455,-0.805,-0.499090909090909,-1.87727272727273,-7.34409090909091,3.52954545454545,1.14909090909091
"Aremonia agrimonoides",2.685,-1.27833333333333,0.65,-1.23833333333333,-0.996666666666667,3.03,0.571666666666667
"Aristolochia rotunda",3.068,-0.42,3.83,-1.316,-0.45,3.516,1.818
"Arum cylindraceum",3.354,-1.292,3.21,-2.288,-2.392,3.636,1.14
"Arum italicum",3.44,-1.386,3.656,-2.234,-2.334,3.772,1.298
"Arum maculatum",3.50024390243902,-1.21756097560976,3.44609756097561,-2.19951219512195,-2.35585365853659,3.69292682926829,1.23560975609756
"Asarum europaeum",3.22333333333333,-2.5337037037037,1.3362962962963,-2.02111111111111,-0.544444444444445,3.33222222222222,1.52740740740741
"Asparagus acutifolius",2.28428571428571,0.01,3.61857142857143,-1.25285714285714,-1.81571428571429,3.26142857142857,1.41714285714286
"Asperula cynanchica",3.3015,-1.35,-0.351,-1.1635,-0.501,2.816,0.0845
"Asphodelus albus",2.345,-0.435,1.87,-1.185,-2.4,3.015,0.145
"Asplenium scolopendrium",2.84846153846154,-0.84,-7.44692307692308,-1.43846153846154,-7.28615384615385,2.67615384615385,-0.173846153846154
"Asplenium trichomanes",2.37909090909091,-1.36818181818182,-7.75454545454545,-1.23272727272727,-7.29181818181818,2.64,-0.0772727272727273
"Asplenium viride",2.7875,-1.615,-6.835,-1.2475,-7.255,2.6725,-0.1825
"Astragalus glycyphyllos",3.03612244897959,-0.288367346938776,1.49836734693878,-1.31918367346939,-0.612448979591837,3.80551020408163,0.82734693877551
"Bartsia alpina",2.76517857142857,-2.08160714285714,-1.23357142857143,-1.66607142857143,-2.50589285714286,3.06910714285714,0.52125
"Bellis perennis",3.52204081632653,-2.61959183673469,-2.15571428571429,-2.20591836734694,-3.63469387755102,3.2165306122449,1.13836734693878
"Berberis vulgaris",2.57621052631579,0.749789473684211,2.59894736842105,-1.10242105263158,-0.319368421052632,3.12905263157895,0.229684210526316
"Betula pendula",2.6442735042735,3.06997150997151,-1.58740740740741,-1.00521367521368,-0.49022792022792,3.27891737891738,0.662364672364672
"Betula pubescens",2.639875,2.7475,-1.6125,-0.953,-0.554125,3.193,0.685375
"Blechnum spicant",2.446,-0.732,-4.932,-1.313,-7.238,2.459,-0.825
"Brachypodium pinnatum",3.20013157894737,-0.578421052631579,0.817105263157895,-0.935,-3.56394736842105,2.99,0.138026315789474
"Brachypodium sylvaticum",3.79708860759494,-0.259240506329114,0.977721518987342,-1.21696202531646,-3.53126582278481,3.0779746835443,0.636708860759494
"Bromus benekenii",3.09235294117647,-0.148235294117647,1.90235294117647,-1.11411764705882,-7.05823529411765,2.95235294117647,0.427647058823529
"Bromus erectus",2.79633333333333,-0.349888888888889,1.39377777777778,-1.06822222222222,-7.281,2.78733333333333,0.003
"Bromus ramosus",3.16431818181818,0.0588636363636364,1.89409090909091,-1.40431818181818,-7.15568181818182,3.34068181818182,0.421818181818182
"Buglossoides purpurocaerulea",3.61181818181818,-0.619090909090909,2.31272727272727,-1.93,-0.646363636363636,3.28545454545455,0.341818181818182
"Bupleurum falcatum",2.90916666666667,-0.435555555555556,0.538333333333333,-1.30638888888889,-5.04388888888889,2.87333333333333,0.354722222222222
"Bupleurum longifolium",2.64428571428571,-0.272857142857143,1.50714285714286,-1.33285714285714,-5.10714285714286,2.87714285714286,0.342857142857143
"Calamagrostis arundinacea",2.89588235294118,0.117058823529412,-0.893333333333333,-0.844901960784314,-1.51156862745098,3.00294117647059,1.15843137254902
"Calamagrostis epigejos",2.68345454545455,-0.168363636363636,-3.14,-0.883090909090909,-1.26254545454545,3.04654545454545,-0.225090909090909
"Calamagrostis varia",2.74909090909091,-0.250909090909091,-2.06,-0.85,-1.55727272727273,2.89545454545455,0.406363636363636
"Calamagrostis villosa",3.22666666666667,-0.247777777777778,-2.50222222222222,-1.21222222222222,-1.60222222222222,3.14555555555556,0.561111111111111
"Calluna vulgaris",2.41230366492147,-0.970680628272251,-3.97329842931937,-1.00738219895288,-0.750314136125654,2.59094240837696,-0.0356020942408377
"Caltha palustris",3.37024096385542,-1.30192771084337,-0.0216867469879518,-2.08024096385542,-1.37180722891566,3.52771084337349,1.38759036144578
"Calystegia sepium",3.51487804878049,0.385121951219512,3.37780487804878,-1.74268292682927,-1.88439024390244,3.44487804878049,0.68390243902439
"Campanula glomerata",3.31295454545455,-1.05795454545455,-1.93977272727273,-1.55227272727273,-0.513863636363636,3.27363636363636,0.680454545454545
"Campanula latifolia",4.00119047619048,-0.138095238095238,-1.34047619047619,-1.86880952380952,-0.456428571428571,3.35285714285714,0.65452380952381
"Campanula persicifolia",3.05021739130435,-0.373695652173913,-2.69891304347826,-1.55413043478261,-0.378260869565217,3.03782608695652,0.497391304347826
"Campanula rapunculoides",3.90973684210526,-0.448684210526316,-2.185,-2.00315789473684,-0.585789473684211,3.33342105263158,0.755526315789474
"Campanula rotundifolia",3.13394957983193,-0.93546218487395,-2.81033613445378,-1.3127731092437,-0.471512605042017,3.14823529411765,0.738991596638655
"Campanula scheuchzeri",2.76071428571429,-0.872142857142857,-2.19357142857143,-1.57928571428571,-0.585714285714286,3.51714285714286,0.807857142857143
"Campanula trachelium",3.70916666666667,-0.326111111111111,-1.86166666666667,-1.90166666666667,-0.505,3.36305555555556,0.787777777777778
"Cardamine bulbifera",3.48,-0.797857142857143,1.06142857142857,-1.95071428571429,-7.38535714285714,3.54107142857143,1.15571428571429
"Cardamine enneaphyllos",3.485,-1.295,0.1675,-1.875,-7.4925,3.4675,1.145
"Cardamine flexuosa",3.77108108108108,-1.17432432432432,-2.12324324324324,-2.12675675675676,-7.3972972972973,3.49243243243243,1.12675675675676
"Cardamine heptaphylla",3.74181818181818,-0.795454545454545,1.85090909090909,-2.05272727272727,-7.45727272727273,3.46636363636364,1.29090909090909
"Cardamine hirsuta",3.37254545454545,-1.77581818181818,-1.11,-2.12690909090909,-7.58672727272727,2.95618181818182,1.07454545454545
"Cardamine pentaphyllos",3.47,-0.934,1.316,-1.942,-7.606,3.504,1.2
"Cardamine trifolia",3.47555555555556,-1.23,0.794444444444445,-1.96,-7.55,3.47,1.18111111111111
"Carduus defloratus",2.54571428571429,-0.602857142857143,1.20571428571429,-1.79428571428571,-3.65071428571429,2.95,0.641428571428571
"Carex acuta",2.66095238095238,-0.0371428571428571,-0.163333333333333,-1.03857142857143,-1.56095238095238,3.27380952380952,0.689047619047619
"Carex alba",2.825,-1.685,0.5775,-1.0445,-1.6255,2.9385,0.4235
"Carex digitata",2.915625,-1.32625,0.22625,-1.12083333333333,-1.59020833333333,3.03,0.560208333333333
"Carex divulsa",3.23358974358974,-0.919230769230769,0.588717948717949,-1.76435897435897,-1.73102564102564,3.01820512820513,0.451538461538462
"Carex elongata",3.71,-0.514117647058824,-0.620588235294118,-1.31470588235294,-1.62117647058824,3.04529411764706,0.51
"Carex ericetorum",3.00916666666667,-1.59333333333333,-1.535,-1.11416666666667,-1.5975,2.87583333333333,0.235
"Carex ferruginea",2.87272727272727,-0.720909090909091,-0.0509090909090909,-1.04181818181818,-1.64,2.86636363636364,0.296363636363636
"Carex flacca",2.76732142857143,-1.01660714285714,-0.557261904761905,-1.05940476190476,-1.64017857142857,2.79642857142857,0.29827380952381
"Carex humilis",2.90157894736842,-1.27736842105263,0.194210526315789,-1.06684210526316,-1.64315789473684,2.90789473684211,0.284210526315789
"Carex montana",2.74333333333333,-1.49911111111111,-0.175777777777778,-1.16244444444444,-1.74866666666667,2.85755555555556,0.580444444444444
"Carex muricata",2.84019607843137,-0.830196078431373,0.434705882352941,-1.04764705882353,-1.59274509803922,2.96137254901961,0.425686274509804
"Carex ornithopoda",3.23368421052632,-2.45578947368421,-0.302105263157895,-1.31105263157895,-1.58631578947368,2.97578947368421,0.391052631578947
"Carex pairae",2.92333333333333,-0.646666666666667,-0.00833333333333333,-1.19166666666667,-1.61666666666667,2.89833333333333,0.201666666666667
"Carex pediformis",2.975,-0.645,-1.09,-1.03,-1.53,2.84,-0.3
"Carex pilosa",3.08333333333333,-0.6875,1.13166666666667,-1.2375,-1.56083333333333,3.0175,0.3775
"Carex pilulifera",3.09222222222222,-1.51955555555556,-0.0402222222222222,-1.05133333333333,-1.93644444444444,3.20533333333333,0.728444444444444
"Carex remota",3.17864864864865,-0.698378378378378,-0.846486486486487,-1.41243243243243,-1.60108108108108,2.79837837837838,0.443243243243243
"Carex sempervirens",2.58647058823529,-1.43352941176471,-0.0429411764705882,-0.990588235294118,-1.65882352941176,2.80529411764706,0.0805882352941176
"Carex spicata",2.975,-0.804642857142857,0.526071428571429,-1.12785714285714,-1.62392857142857,2.94321428571429,0.33
"Carex strigosa",3.6055,-0.194,-0.66,-1.7975,-1.578,3.118,0.5425
"Carex sylvatica",3.31047619047619,-0.639047619047619,0.261428571428571,-1.12642857142857,-1.51642857142857,3.11214285714286,0.109761904761905
"Carpinus betulus",3.03218181818182,2.95245454545455,3.42881818181818,-1.37290909090909,-0.493272727272727,3.049,0.688545454545455
"Carpinus orientalis",3.22333333333333,2.00333333333333,2.58333333333333,-1.3,-0.43,3.11666666666667,0.736666666666667
"Castanea sativa",2.5621568627451,3.35124183006536,8.6402614379085,-1.07640522875817,-0.530915032679739,3.08882352941176,0.560261437908497
"Cephalanthera longifolia",3.51421052631579,-1.09789473684211,-4.91263157894737,-1.74736842105263,-2.38052631578947,2.68894736842105,-0.535263157894737
"Ceratocapnos claviculata",4.46111111111111,-0.446666666666667,-0.141111111111111,-2.61277777777778,-0.708888888888889,3.77888888888889,1.245
"Ceterach officinarum",2.69,-1.81666666666667,-6.86,-1.24,-7.34666666666667,2.52666666666667,-0.156666666666667
"Chaerophyllum aromaticum",3.10416666666667,0.318333333333333,2.03416666666667,-1.445,-5.085,3.56583333333333,1.93166666666667
"Chaerophyllum aureum",3.06,-0.2275,2.1555,-1.49,-5.0955,3.633,1.5005
"Chaerophyllum hirsutum",3.13263157894737,-0.420526315789474,1.68736842105263,-1.80157894736842,-5.00105263157895,3.22736842105263,1.14421052631579
"Chaerophyllum temulum",3.33161290322581,-0.323870967741935,0.843225806451613,-1.45,-5.07322580645161,3.43387096774194,1.54064516129032
"Chamaecytisus absinthioides",1.545,-1.235,1.6,-1.1,-0.33,3.095,0.145
"Chelidonium majus",3.7706,-0.5528,-0.2868,-1.7044,-0.4774,3.5478,1.0304
"Chrysosplenium alternifolium",3.59916666666667,-1.73,-3.19208333333333,-2.20791666666667,-0.1175,3.3625,0.6125
"Circaea alpina",3.72566666666667,-1.742,-0.310666666666667,-1.81333333333333,-1.88766666666667,2.89466666666667,1.145
"Circaea lutetiana",3.83169811320755,-0.974150943396226,0.885283018867924,-1.70698113207547,-1.85830188679245,3.19264150943396,0.85622641509434
"Cirsium helenioides",3.26269230769231,-0.313076923076923,0.769230769230769,-1.97307692307692,-2.80576923076923,2.99846153846154,0.537692307692308
"Cirsium oleraceum",3.32333333333333,0.181428571428571,1.06333333333333,-1.99952380952381,-2.86857142857143,3.5852380952381,0.902857142857143
"Cirsium palustre",2.85981481481481,-0.396851851851852,0.545555555555556,-1.84981481481481,-2.47685185185185,2.85685185185185,0.544074074074074
"Cistus creticus",1.75222222222222,0.0733333333333333,-0.384444444444444,-0.83,-0.594444444444444,2.72111111111111,0.0888888888888889
"Clematis alpina",3.10181818181818,0.612727272727273,0.780909090909091,-1.47454545454545,-0.601818181818182,3.25272727272727,0.325454545454545
"Clematis flammula",2.71,1.497,2.377,-1.339,-0.576,3.17,0.191
"Clematis recta",3.073,0.617,1.991,-1.483,-0.584,3.201,0.357
"Clematis vitalba",3.161875,2.48453125,0.84125,-1.47375,-0.52421875,3.40140625,0.23265625
"Clinopodium grandiflorum",3.36,-0.51,-0.98,-1.25,-0.83,2.83,1.6
"Clinopodium vulgare",3.31033898305085,-0.962372881355932,-0.891016949152542,-1.31966101694915,-0.987966101694915,2.67983050847458,0.696949152542373
"Colutea arborescens",2.67757575757576,1.37818181818182,2.6169696969697,-1.44424242424242,-0.266666666666667,3.32727272727273,0.153333333333333
"Convallaria majalis",3.36842105263158,-1.12907894736842,3.06302631578947,-1.47355263157895,-1.66236842105263,3.39315789473684,1.49947368421053
"Cornus mas",3.28275,1.7155,5.36775,-1.17825,-0.53525,2.83775,0.678
"Cornus sanguinea",2.85195488721804,1.16390977443609,4.11345864661654,-1.10789473684211,-0.481278195488722,3.02518796992481,0.832481203007519
"Coronilla coronata",2.81363636363636,-0.8,2.31636363636364,-1.74681818181818,-0.709545454545455,3.29818181818182,-0.0940909090909091
"Coronilla vaginalis",2.90866666666667,-2.45533333333333,0.875333333333333,-1.832,-0.784666666666667,3.32,-0.0166666666666667
"Corydalis cava",3.9288,-1.4096,2.0156,-1.9712,-0.35,3.8672,1.438
"Corydalis intermedia",3.422,-1.624,1.744,-1.984,-0.34,3.83,1.336
"Corylus avellana",2.78307228915663,1.54,6.70632530120482,-0.951927710843373,-0.525240963855422,3.06271084337349,0.749698795180723
"Cotinus coggygria",2.25764705882353,1.04529411764706,2.23235294117647,-1.05705882352941,-0.731764705882353,2.84176470588235,0.2
"Cotoneaster integerrimus",2.5865625,0.5015625,2.7159375,-0.9896875,-0.4165625,3.04625,0.665
"Cotoneaster nebrodensis",2.412,0.66,3.504,-0.982,-0.526,3.106,0.712
"Crataegus laevigata",3.04363636363636,2.03659090909091,4.66818181818182,-1.06977272727273,-0.556590909090909,3.09136363636364,0.589090909090909
"Crataegus monogyna",2.47109452736318,1.53995024875622,4.60034825870647,-0.908009950248756,-0.416318407960199,2.91099502487562,0.164975124378109
"Crepis paludosa",3.48175,-0.49925,-0.43925,-1.9805,-3.67075,3.21225,0.9325
"Crepis praemorsa",3.51444444444444,-1.53111111111111,-1.38888888888889,-2.04111111111111,-3.63555555555556,3.20111111111111,0.968888888888889
"Crocus vernus",2.35333333333333,-2.28833333333333,1.605,-1.39666666666667,-1.18833333333333,3.585,0.481666666666667
"Cruciata glabra",3.26076923076923,-1.05230769230769,0.227692307692308,-1.31,-0.276923076923077,2.80153846153846,0.440769230769231
"Cruciata laevipes",3.34366666666667,-1.02333333333333,1.446,-1.483,-0.232333333333333,3.13433333333333,0.532
"Cyclamen purpurascens",3.11625,-2.23875,1.88875,-1.7975,-1.67,3.10875,0.4175
"Cypripedium calceolus",3.15153846153846,-0.856153846153846,-5.85692307692308,-2.14923076923077,-2.38769230769231,2.81923076923077,-0.277692307692308
"Cystopteris alpina",3.065,-1.175,-5.63,-1.3,-7.055,3.105,0
"Cystopteris fragilis",3.10181818181818,-1.07454545454545,-5.12363636363636,-1.42909090909091,-7.13272727272727,3.22636363636364,0.121818181818182
"Daboecia cantabrica",2.23666666666667,-0.723333333333333,-2.07,-1.06,-0.31,2.60333333333333,-0.32
"Dactylis glomerata",3.2105625,-0.3805,-0.3126875,-1.31696875,-6.81115625,3.147875,0.81390625
"Dactylorhiza maculata",3.14695652173913,-0.68,-6.02521739130435,-2.19869565217391,-2.35217391304348,3.41,0.0226086956521739
"Danthonia decumbens",2.7984,-1.3376,0.1764,-0.9166,-3.6238,2.6748,0.1638
"Daphne laureola",2.274,-0.116666666666667,2.91133333333333,-1.30066666666667,-0.636666666666667,3.12,0.839333333333333
"Daphne mezereum",3.23410714285714,0.00214285714285714,3.63053571428571,-1.53089285714286,-0.594285714285714,3.26089285714286,1.11839285714286
"Delphinium elatum",2.596,0.501,0.45,-1.616,-1.264,3.266,0.541
"Deschampsia cespitosa",2.69786163522013,-0.566792452830189,-1.57056603773585,-1.10025157232704,-1.9551572327044,2.89327044025157,0.0540880503144654
"Deschampsia flexuosa",3.06,-1.3193,-0.852,-1.02875,-1.5269,2.95705,0.53435
"Digitalis grandiflora",3.32277777777778,-0.239444444444444,-1.77444444444444,-1.73,-2.25,3.53833333333333,1.39888888888889
"Digitalis lutea",3.244,-0.673333333333333,-1.794,-1.75133333333333,-2.32266666666667,3.596,1.49133333333333
"Digitalis purpurea",3.01666666666667,0.00333333333333333,-2.3745,-1.45216666666667,-2.28433333333333,3.67566666666667,1.42966666666667
"Diphasiastrum complanatum",1.944375,-2.175625,-7.1025,-1.238125,-7.2575,2.056875,-0.124375
"Doronicum austriacum",3.35666666666667,-0.0633333333333333,-1.07833333333333,-2.14833333333333,-3.74,3.06833333333333,0.626666666666667
"Dryopteris carthusiana",3.22333333333333,-0.261111111111111,-7.58777777777778,-1.30277777777778,-7.09722222222222,3.16444444444444,0.667222222222222
"Dryopteris dilatata",3.15,-0.181333333333333,-6.99266666666667,-1.27866666666667,-7.026,3.104,0.828
"Dryopteris expansa",3.05142857142857,0.137142857142857,-7.12285714285714,-1.31428571428571,-7.08285714285714,3.17714285714286,0.874285714285714
"Elymus caninus",3.05263157894737,-0.0410526315789474,1.44921052631579,-1.17578947368421,-4.75736842105263,3.14342105263158,0.807894736842105
"Epilobium angustifolium",2.84451327433628,-0.00592920353982301,-2.2583185840708,-1.05070796460177,-2.11185840707965,3.19946902654867,0.897345132743363
"Epilobium montanum",3.29037735849057,-0.610188679245283,-2.16056603773585,-1.50339622641509,-2.09735849056604,3.20716981132075,0.508301886792453
"Epipactis atrorubens",3.27578947368421,-0.777894736842105,-5.06210526315789,-1.65052631578947,-2.30947368421053,2.80421052631579,-0.152105263157895
"Epipactis helleborine",3.42423076923077,-0.362692307692308,-6.53769230769231,-1.87153846153846,-2.34846153846154,2.78884615384615,-0.183461538461538
"Equisetum arvense",2.59897435897436,-0.828974358974359,-4.69538461538462,-1.20794871794872,-2.51923076923077,3.19538461538462,0.815384615384615
"Equisetum pratense",2.326,-0.87,-4.282,-1.346,-7.254,3.084,0.258
"Equisetum sylvaticum",3.20444444444444,-1.21888888888889,-6.16333333333333,-1.38111111111111,-7.15555555555556,3.08111111111111,0.292777777777778
"Erica herbacea",2.28714285714286,-1.65142857142857,-3.24142857142857,-0.991428571428571,-0.658571428571429,2.38285714285714,0.952857142857143
"Erica tetralix",2.27660377358491,-0.879056603773585,-4.48264150943396,-0.765849056603774,-0.547924528301887,2.40603773584906,-0.605849056603774
"Erica vagans",2.20428571428571,-1.03857142857143,-2.87714285714286,-1.05142857142857,-0.56,2.15,1.37714285714286
"Erigeron annuus",3.08705882352941,-0.294313725490196,-3.54862745098039,-1.26588235294118,-1.35450980392157,2.61745098039216,0.470588235294118
"Erigeron canadensis",2.80714285714286,-1.54214285714286,-3.04714285714286,-1.28714285714286,-1.19285714285714,2.93714285714286,0.707857142857143
"Euonymus europaeus",2.76,1.28238095238095,3.52142857142857,-1.17428571428571,-0.511547619047619,3.21345238095238,0.52952380952381
"Euonymus latifolius",2.63090909090909,1.64181818181818,3.06363636363636,-1.14727272727273,-0.395454545454545,3.13454545454545,0.165454545454545
"Euonymus verrucosus",3.517,1.424,2.807,-1.278,-0.46,3.008,0.26
"Eupatorium cannabinum",3.13577777777778,-0.433777777777778,-1.35533333333333,-1.59577777777778,-1.39266666666667,2.97488888888889,-0.0935555555555556
"Euphorbia amygdaloides",3.18,-0.80027027027027,1.27243243243243,-1.27189189189189,-0.692702702702703,3.02864864864865,0.682162162162162
"Euphorbia cyparissias",3.3734375,-1.3340625,0.694375,-1.1515625,-0.7075,3.1440625,0.714375
"Euphorbia dulcis",3.52866666666667,-1.00066666666667,1.19133333333333,-1.468,-0.730666666666667,3.06666666666667,0.728666666666667
"Euphorbia palustris",3.05846153846154,0.113846153846154,2.18076923076923,-1.13615384615385,-0.67,2.96769230769231,0.696923076923077
"Fagus sylvatica",2.66828828828829,3.3881981981982,5.43189189189189,-1.12246846846847,-0.388648648648649,3.14664864864865,0.240468468468468
"Fallopia convolvulus",3.09539682539683,-0.0977777777777778,1.05761904761905,-1.71952380952381,-1.89015873015873,3.24793650793651,0.593650793650794
"Fallopia dumetorum",3.38884615384615,0.776153846153846,1.46038461538462,-1.59230769230769,-1.95038461538462,3.23730769230769,0.471153846153846
"Festuca airoides",2.73916666666667,-2.165,-1.28416666666667,-1.1075,-3.71416666666667,2.68333333333333,0.176666666666667
"Festuca altissima",3.35178571428571,-0.130357142857143,-0.469285714285714,-1.38107142857143,-3.665,3.15178571428571,0.669285714285714
"Festuca arundinacea",2.78981132075472,-0.16811320754717,0.737547169811321,-1.45849056603774,-3.66452830188679,3.26207547169811,0.508679245283019
"Festuca drymeja",2.71,-1.29,0.14,-1.08,-3.66,2.77,0.12
"Festuca gigantea",3.39243243243243,0.138108108108108,1.15621621621622,-1.54756756756757,-3.71027027027027,3.37189189189189,0.763513513513513
"Festuca heterophylla",2.73333333333333,-0.812666666666667,0.466666666666667,-1.10066666666667,-3.684,2.788,0.186666666666667
"Festuca nigrescens",2.77333333333333,-0.815833333333333,-0.16,-0.956666666666667,-3.645,2.68666666666667,-0.124166666666667
"Festuca ovina",2.71222891566265,-1.21487951807229,-0.788493975903614,-1.03572289156627,-2.69692771084337,2.72036144578313,-0.00933734939759036
"Festuca rubra",2.74440476190476,-0.915119047619048,-0.0714880952380952,-1.09892857142857,-1.60880952380952,2.78208333333333,0.507142857142857
"Filipendula ulmaria",3.23329113924051,-0.099620253164557,-0.66253164556962,-0.927721518987342,-1.21405063291139,3.31392405063291,0.864050632911392
"Fragaria moschata",3.62909090909091,-1.47363636363636,1.99090909090909,-1.01272727272727,-0.634545454545455,3.01636363636364,1.37818181818182
"Fragaria vesca",2.87527472527473,-1.93857142857143,-1.06307692307692,-0.72010989010989,-1.21384615384615,2.84153846153846,1.34197802197802
"Fragaria viridis",2.77058823529412,-1.82323529411765,-0.932058823529412,-1.03147058823529,-0.803235294117647,2.81147058823529,0.957941176470588
"Frangula alnus",3.1453164556962,1.29886075949367,3.22088607594937,-1.11670886075949,-0.84746835443038,3.44303797468354,0.94506329113924
"Fraxinus angustifolia",2.66634146341463,2.45024390243902,4.23243902439024,-1.14341463414634,-0.591463414634146,3.26170731707317,0.745853658536585
"Fraxinus excelsior",2.58123552123552,3.22073359073359,4.17320463320463,-1.11799227799228,-0.402471042471042,3.06640926640927,0.718223938223938
"Fraxinus ornus",1.89227272727273,2.18136363636364,3.16090909090909,-0.932272727272727,-0.49,2.98681818181818,0.655909090909091
"Gagea lutea",3.16153846153846,-1.39384615384615,1.01846153846154,-2.32538461538462,-2.45846153846154,3.73230769230769,1.01
"Galanthus nivalis",3.13636363636364,-1.80863636363636,2.00045454545455,-2.32636363636364,-2.43318181818182,3.05409090909091,0.670454545454545
"Galeopsis bifida",3.39047619047619,-0.751904761904762,0.876190476190476,-1.6652380952381,-2.71619047619048,3.56333333333333,0.92
"Galeopsis speciosa",3.615,-0.4996875,1.356875,-1.3896875,-2.69375,3.4803125,0.921875
"Galeopsis tetrahit",3.48406779661017,-0.69,1.23762711864407,-2.05118644067797,-2.7628813559322,3.45542372881356,1.01423728813559
"Galium album",3.24652173913043,-0.385652173913043,0.364782608695652,-1.52869565217391,-1.23478260869565,3.05869565217391,0.724347826086956
"Galium anisophyllon",3.61333333333333,-1.39,-0.85,-1.6,-1.20333333333333,2.96333333333333,0.62
"Galium aparine",3.62773913043478,-0.601565217391304,1.90330434782609,-1.92530434782609,-1.25052173913043,3.47608695652174,0.810260869565217
"Galium boreale",3.334,-0.841833333333333,0.4505,-1.2105,-1.00616666666667,2.94416666666667,0.624166666666667
"Galium mollugo",3.42675,-1.1095,-0.79475,-1.5591875,-1.144375,3.3414375,0.709125
"Galium odoratum",3.71354166666667,-1.42520833333333,1.83333333333333,-1.51833333333333,-1.855,3.19479166666667,0.92
"Galium rotundifolium",3.82666666666667,-1.4725,-0.356666666666667,-1.59333333333333,-1.29666666666667,3.08833333333333,0.774166666666667
"Galium sylvaticum",4.02380952380952,-0.312857142857143,0.0285714285714286,-1.74904761904762,-1.21333333333333,3.15,0.853809523809524
"Galium verum",3.22009433962264,-1.07622641509434,-0.695377358490566,-1.14858490566038,-0.986603773584906,2.98990566037736,0.974905660377358
"Genista germanica",2.72916666666667,-0.580833333333333,1.18083333333333,-1.20916666666667,-0.635833333333333,3.03583333333333,0.3275
"Genista pilosa",2.6825,-1.3975,1.01,-1.02833333333333,-0.589166666666667,3.06416666666667,0.4575
"Genista radiata",2.59,-0.51,1.47,-1.17,-0.63,2.98,0.41
"Genista sagittalis",2.735,-1.1475,0.9675,-1.22,-0.5575,3.0825,0.55
"Genista tinctoria",2.92863636363636,-0.719545454545455,1.205,-1.39977272727273,-0.641590909090909,3.40295454545455,0.751136363636364
"Gentiana asclepiadea",3.12411764705882,-1.19705882352941,-2.18,-1.37705882352941,-5.35882352941176,3.23058823529412,0.712352941176471
"Gentiana lutea",2.6704,0.0492,0.2084,-1.5488,-5.4528,3.1788,0.4756
"Geranium lucidum",3.33794117647059,-1.37941176470588,-0.502941176470588,-1.65,-0.587941176470588,3.245,1.54882352941176
"Geranium macrorrhizum",3.346,-1.314,0.572,-1.618,-0.662,3.168,1.414
"Geranium nodosum",3.22285714285714,-1.29571428571429,1.72,-1.55714285714286,-0.365714285714286,3.20428571428571,1.42571428571429
"Geranium phaeum",3.5516,-0.8112,1.5328,-1.8936,-0.6968,3.2524,1.5564
"Geranium robertianum",3.48734375,-1.21921875,0.151875,-1.71734375,-0.53609375,3.40546875,1.06828125
"Geranium sanguineum",3.12020408163265,-1.08244897959184,2.04755102040816,-1.38632653061224,-0.505918367346939,3.08979591836735,1.17183673469388
"Geranium sylvaticum",3.1319298245614,-1.39745614035088,1.65850877192982,-1.41789473684211,-0.643947368421053,3.17078947368421,1.46263157894737
"Geum rivale",3.0624,-0.557333333333333,0.0978666666666667,-1.30546666666667,-1.0736,2.98333333333333,0.384266666666667
"Geum urbanum",3.16380952380952,-0.634444444444444,0.369206349206349,-1.08222222222222,-1.14920634920635,2.99968253968254,0.793809523809524
"Glechoma hederacea",3.56883333333333,-1.47116666666667,-0.414833333333333,-1.872,-2.026,3.4405,1.11083333333333
"Glechoma hirsuta",3.74,-1.33,-0.62,-1.99,-2.13,3.38,1.13
"Globularia nudicaulis",2.00333333333333,-1.83555555555556,-0.223333333333333,-1.22777777777778,-0.787777777777778,2.21,-0.613333333333333
"Goodyera repens",3.18421052631579,-1.58842105263158,-6.26263157894737,-2.12947368421053,-2.48421052631579,2.81263157894737,-0.179473684210526
"Gymnocarpium dryopteris",3.84269230769231,-1.18807692307692,-5.89653846153846,-1.67384615384615,-7.11115384615385,3.02461538461538,0.110769230769231
"Hacquetia epipactis",3.065,-0.635,1.235,-1.73,-5.2,3.08,0.965
"Hedera helix",2.42369098712446,1.99557939914163,2.44227467811159,-1.12291845493562,-0.785064377682403,2.70141630901288,0.387811158798283
"Helianthemum nummularium",2.53535947712418,-1.70457516339869,-0.0794771241830065,-1.26045751633987,-0.407908496732026,3.22326797385621,0.700718954248366
"Helleborus foetidus",2.23272727272727,-0.881212121212121,2.43606060606061,-1.75969696969697,-1.33151515151515,2.84151515151515,0.831212121212121
"Helleborus niger",2.357,-1.377,2.137,-1.713,-1.496,2.839,0.703
"Helleborus viridis",2.38142857142857,-1.19952380952381,2.05380952380952,-1.51238095238095,-1.37666666666667,2.92238095238095,0.744761904761905
"Hepatica nobilis",3.26847826086957,-2.04086956521739,1.24869565217391,-1.61304347826087,-1.19847826086957,2.76326086956522,0.58
"Heracleum sphondylium",3.03287356321839,0.170804597701149,1.94103448275862,-1.6016091954023,-5.01068965517241,3.38287356321839,1.14666666666667
"Hieracium glaucinum",2.95285714285714,-1.35714285714286,-0.432857142857143,-1.95142857142857,-7.22857142857143,2.77428571428571,0.524285714285714
"Hieracium murorum",3.64529411764706,-0.876470588235294,-0.724117647058824,-2.15,-7.33176470588235,2.85588235294118,0.633529411764706
"Hieracium praealtum",3.0975,-0.2925,-0.475,-1.8725,-7.145,2.6775,0.4775
"Hieracium sabaudum",3.781875,0.17375,-1.125625,-2.17875,-7.21625,2.833125,0.778125
"Hieracium umbellatum",3.04948717948718,-0.325128205128205,-0.825897435897436,-1.67820512820513,-2.79333333333333,3.17051282051282,0.855897435897436
"Hippocrepis comosa",2.75,-1.59024390243902,1.19512195121951,-1.49024390243902,-0.572682926829268,3.3409756097561,0.155121951219512
"Hippocrepis emerus",2.725,0.281666666666667,1.9225,-1.46666666666667,-0.505,3.41333333333333,0.133333333333333
"Holcus lanatus",3.4797619047619,-0.964047619047619,-1.33827380952381,-1.44279761904762,-1.92083333333333,3.13410714285714,0.319880952380952
"Holcus mollis",3.60051282051282,-0.785384615384615,-1.36641025641026,-1.51384615384615,-2.19512820512821,3.37102564102564,0.861538461538462
"Homogyne alpina",2.80764705882353,-1.14941176470588,-0.577058823529412,-2.13764705882353,-3.64941176470588,3.00352941176471,0.672352941176471
"Hordelymus europaeus",3.58948717948718,-0.00666666666666667,1.90717948717949,-1.62948717948718,-3.75076923076923,3.00846153846154,0.486410256410256
"Huperzia selago",2.62928571428571,-1.77928571428571,-9.21571428571429,-1.07214285714286,-7.18214285714286,2.39357142857143,0.206785714285714
"Hypericum androsaemum",3.36666666666667,-0.474166666666667,-1.43166666666667,-1.27,0.0108333333333333,3.09,0.470833333333333
"Hypericum hirsutum",3.476,-0.418666666666667,-2.14288888888889,-1.31755555555556,0.0526666666666667,3.22044444444444,0.621777777777778
"Hypericum maculatum",3.40754385964912,-0.727894736842105,-2.57912280701754,-1.10105263157895,-0.043859649122807,3.26736842105263,0.643333333333333
"Hypericum montanum",3.27390243902439,-0.624390243902439,-2.58170731707317,-1.31024390243902,-0.0224390243902439,3.16365853658537,0.557560975609756
"Hypericum perforatum",3.26703389830508,-0.541271186440678,-2.09881355932203,-1.12008474576271,-0.0109322033898305,3.13084745762712,0.446016949152542
"Hypericum pulchrum",2.96875,-0.9078125,-2.1771875,-1.206875,0.043125,3.143125,0.431875
"Ilex aquifolium",1.92351020408163,2.27648979591837,3.03955102040816,-1.07212244897959,-0.57265306122449,2.67465306122449,0.109918367346939
"Impatiens parviflora",4.74396226415094,1.30679245283019,1.9477358490566,-2.63509433962264,-1.73094339622642,3.36452830188679,1.6388679245283
"Inula conyza",2.77730769230769,-0.42,-1.49,-1.44076923076923,-3.70961538461538,2.99730769230769,-0.314230769230769
"Iris pseudacorus",2.77868421052632,-0.129210526315789,3.78552631578947,-1.75157894736842,-1.38421052631579,3.01710526315789,0.138684210526316
"Isopyrum thalictroides",3.28,-1.26,1.3,-1.7,-1.17,3.31,1.04
"Juglans regia",2.66739726027397,3.2541095890411,9.0541095890411,-1.18767123287671,-0.58013698630137,3.05315068493151,0.692054794520548
"Juncus effusus",1.79097222222222,-0.115694444444444,-4.55791666666667,-1.14763888888889,-2.30305555555556,2.66027777777778,0.480277777777778
"Juncus squarrosus",1.75,-1.24139534883721,-2.83302325581395,-1.2246511627907,-1.75953488372093,2.61441860465116,0.281162790697674
"Juncus tenuis",2.495,-0.8734375,-4.6078125,-1.3909375,-1.731875,2.9790625,0.6190625
"Juniperus communis",2.11442105263158,1.24894736842105,2.69568421052632,-0.739052631578947,-0.572315789473684,2.32652631578947,-0.104631578947368
"Juniperus oxycedrus",1.63027027027027,1.86486486486486,4.56054054054054,-0.849189189189189,-0.362972972972973,2.25702702702703,-0.234864864864865
"Knautia dipsacifolia",2.94714285714286,-0.289285714285714,1.66357142857143,-1.85428571428571,-0.64,2.88357142857143,0.700714285714286
"Knautia drymeia",3.12428571428571,-0.401428571428571,0.877142857142857,-1.84,-0.658571428571429,3.10428571428571,0.82
"Laburnum alpinum",2.74625,1.855,3.2225,-1.31125,-0.49,3.62375,0.71375
"Lactuca perennis",3.26461538461538,-0.930769230769231,0.35,-1.97846153846154,-3.46769230769231,3.08769230769231,1.21692307692308
"Lamium album",3.56696428571429,-0.963928571428571,0.347678571428571,-1.80982142857143,-1.85857142857143,3.77785714285714,1.04446428571429
"Lamium galeobdolon",3.16375,-0.56,0.82,-1.77375,-1.7825,3.55625,0.96625
"Lamium maculatum",3.53862068965517,-0.656896551724138,0.339655172413793,-1.68034482758621,-1.6248275862069,3.46379310344828,0.928965517241379
"Lapsana communis",3.99,-0.42,-0.147954545454545,-2.16909090909091,-3.75409090909091,3.14886363636364,0.734545454545455
"Larix decidua",2.27268292682927,3.77951219512195,1.70292682926829,-0.991073170731707,-0.648780487804878,2.98975609756098,0.60780487804878
"Larix kaempferi",2.26,3.51222222222222,1.535,-1.11166666666667,-0.861111111111111,2.78333333333333,0.628888888888889
"Larix sibirica",2.1237037037037,3.66,1.76185185185185,-1.00333333333333,-0.752962962962963,2.85666666666667,0.78037037037037
"Laserpitium latifolium",2.643,-0.074,2.088,-1.3665,-4.9935,3.2375,0.5505
"Laserpitium siler",2.71076923076923,-0.192307692307692,2.10076923076923,-1.49769230769231,-5.00538461538462,3.16692307692308,0.637692307692308
"Lathyrus laevigatus",3.17888888888889,-0.704444444444444,4.60666666666667,-1.44777777777778,-0.546666666666667,3.54111111111111,0.755555555555556
"Lathyrus montanus",3.03529411764706,-1.42882352941176,3.21970588235294,-1.35911764705882,-0.493823529411765,3.495,0.662352941176471
"Lathyrus niger",3.33416666666667,-0.541666666666667,2.99416666666667,-1.39,-0.590833333333333,3.70166666666667,0.825
"Lathyrus sylvestris",3.31666666666667,0.347878787878788,3.67272727272727,-1.39636363636364,-0.59,3.56757575757576,0.751212121212121
"Lathyrus vernus",3.69793103448276,-1.10810344827586,2.68551724137931,-1.64724137931034,-0.622068965517241,3.80810344827586,0.991724137931035
"Ledum palustre",1.8874358974359,-0.193205128205128,-4.42730769230769,-0.86025641025641,-0.306025641025641,2.69217948717949,0.185769230769231
"Leucanthemum adustum",3.022,-0.666,-0.578,-1.92,-3.732,2.906,0.616
"Ligustrum vulgare",2.44651376146789,1.53403669724771,2.60963302752294,-0.995045871559633,-0.220183486238532,2.80605504587156,-0.00293577981651376
"Lilium martagon",3.2548,-0.3228,1.7804,-2.0552,-2.5304,3.6532,0.9156
"Linnaea borealis",3.36447368421053,-1.75289473684211,0.258947368421053,-1.39289473684211,-0.626052631578947,2.24526315789474,0.276315789473684
"Lonicera alpigena",3.298,0.492,3.53666666666667,-1.492,-0.655333333333333,3.20133333333333,0.815333333333333
"Lonicera caerulea",2.52,0.08,0.9125,-1.2925,-0.615,3.155,0.9
"Lonicera caprifolium",2.86666666666667,1.54555555555556,2.31222222222222,-1.34444444444444,-0.817777777777778,3.20888888888889,0.715
"Lonicera etrusca",2.71285714285714,0.83,1.78142857142857,-1.28285714285714,-0.76,2.92857142857143,0.635714285714286
"Lonicera nigra",2.44545454545455,0.602727272727273,2.45181818181818,-1.32909090909091,-0.727272727272727,3.20636363636364,0.710909090909091
"Lonicera periclymenum",2.71984126984127,1.37968253968254,2.03650793650794,-1.28253968253968,-0.620634920634921,3.14825396825397,0.646349206349206
"Lonicera xylosteum",2.64914285714286,0.888857142857143,1.07085714285714,-1.13314285714286,-0.624571428571429,3.07714285714286,0.4
"Lotus corniculatus",3.11238095238095,-1.21202380952381,0.139325396825397,-1.53714285714286,-1.13892857142857,3.46511904761905,0.566507936507937
"Lunaria rediviva",3.81454545454545,0.0359090909090909,3.11681818181818,-2.16181818181818,-7.22590909090909,3.60636363636364,1.16272727272727
"Luzula congesta",3.118,-1.15,-0.324,-1.47,-1.656,2.97,0.618
"Luzula forsteri",3.016,-1.449,0.195,-1.458,-1.636,2.954,0.684
"Luzula luzulina",3.08166666666667,-1.50333333333333,-0.118333333333333,-1.44,-1.56833333333333,3.05166666666667,0.728333333333333
"Luzula luzuloides",3.1512,-0.3596,-1.4616,-1.3652,-1.5944,3.022,0.7272
"Luzula multiflora",3.19911764705882,-1.52073529411765,-0.538970588235294,-1.36441176470588,-1.51161764705882,3.14176470588235,0.736617647058823
"Luzula nivea",3.01375,-0.30125,-0.5025,-1.43875,-1.62375,2.9275,0.58875
"Luzula pilosa",3.29534090909091,-1.15238636363636,0.0757954545454545,-1.41659090909091,-1.49136363636364,2.82727272727273,0.875681818181818
"Luzula sylvatica",2.85875,-0.50675,-0.3705,-1.2455,-1.514,2.942,0.57325
"Lycopodium annotinum",3.13826086956522,-1.23130434782609,-7.97391304347826,-0.982173913043478,-7.21869565217391,2.3104347826087,0.0852173913043478
"Lycopodium clavatum",3.0425,-0.999375,-7.99625,-0.95625,-7.256875,2.12375,-0.17375
"Lycopus europaeus",3.33,-0.269,-1.379,-2.30925,-1.70225,2.98875,0.4905
"Lysimachia nemorum",3.3588,-1.3252,-0.9152,-1.7064,-1.6464,3.2696,0.918
"Lysimachia nummularia",3.32193548387097,-0.858709677419355,-1.60967741935484,-1.54709677419355,-1.53483870967742,3.14741935483871,1.03
"Lysimachia vulgaris",3.12116666666667,-0.189333333333333,-1.3295,-1.54416666666667,-1.65383333333333,3.27683333333333,0.789666666666667
"Maianthemum bifolium",3.50593220338983,-1.73084745762712,2.57491525423729,-1.45203389830508,-1.56542372881356,3.21118644067797,1.0064406779661
"Malus sylvestris",2.53305555555556,2.08212962962963,3.46805555555556,-1.00592592592593,-0.48712962962963,3.08796296296296,0.513611111111111
"Matteuccia struthiopteris",3.2628,-0.2032,-5.176,-1.1948,-6.946,3.3544,0.2064
"Melampyrum cristatum",3.2635,-1.1655,1.75,-1.7635,-1.1385,3.198,0.944
"Melampyrum pratense",3.24278481012658,-1.36518987341772,1.88455696202532,-1.67759493670886,-1.25658227848101,3.25632911392405,1.07025316455696
"Melampyrum sylvaticum",3.46943396226415,-1.33849056603774,1.67528301886792,-1.88547169811321,-1.01188679245283,3.08094339622642,0.86811320754717
"Melica ciliata",3.03766666666667,-0.621,-0.505,-0.709,-3.633,3.034,0.516666666666667
"Melica nutans",2.86581818181818,-0.558727272727273,0.467636363636364,-0.870181818181818,-3.81309090909091,3.24836363636364,0.280727272727273
"Melica uniflora",3.51280701754386,-0.940350877192982,0.422982456140351,-0.981228070175439,-3.71771929824561,3.01701754385965,0.524736842105263
"Melissa officinalis",3.11928571428571,-0.392142857142857,-0.678571428571429,-1.505,-2.71857142857143,2.97857142857143,0.7
"Melittis melissophyllum",4.00176470588235,-0.901176470588235,1.61411764705882,-1.97,-2.86588235294118,3.17235294117647,0.795882352941176
"Mentha aquatica",3.18677966101695,-1.33169491525424,-1.96186440677966,-1.73389830508475,-1.80915254237288,2.77135593220339,0.193898305084746
"Mercurialis perennis",3.28237288135593,-1.28474576271186,1.59762711864407,-1.70593220338983,-0.63728813559322,3.48661016949153,1.01627118644068
"Milium effusum",3.4925,0.0530769230769231,-1.45134615384615,-1.41538461538462,-3.72019230769231,3.30384615384615,0.234038461538462
"Moehringia muscosa",3.50285714285714,-1.88714285714286,-0.612857142857143,-1.74285714285714,-8.04142857142857,3.16428571428571,0.57
"Moehringia trinervia",3.52,-1.74923076923077,-1.44346153846154,-1.74942307692308,-7.97307692307692,3.18365384615385,0.485961538461538
"Molinia caerulea",2.95364864864865,-0.335202702702703,-0.674797297297297,-0.984054054054054,-1.20587837837838,2.64067567567568,-0.314527027027027
"Moneses uniflora",2.92666666666667,-2.87277777777778,-6.86666666666667,-1.32166666666667,-0.36,3.00944444444444,0.156111111111111
"Myosotis sylvatica",3.66837837837838,-1.24540540540541,-0.327837837837838,-1.95648648648649,-0.687027027027027,3.37567567567568,0.257297297297297
"Oenanthe pimpinelloides",3.3425,-0.71375,0.64375,-1.91125,-5.0925,3.26375,1.18125
"Omphalodes verna",3.12625,-2.125,-0.615,-1.5675,-0.8075,3.20125,0.38125
"Ophioglossum vulgatum",3.39166666666667,-1.60083333333333,-5.81083333333333,-2.20916666666667,-7.32916666666667,2.76083333333333,-0.0616666666666667
"Origanum vulgare",3.18196721311475,-0.717213114754098,-2.40049180327869,-1.47098360655738,-2.89475409836066,3.1127868852459,0.443114754098361
"Orthilia secunda",2.84096774193548,-2.1358064516129,-7.01870967741935,-1.12967741935484,-0.377096774193548,2.87354838709677,-0.21
"Ostrya carpinifolia",3.61,3.00615384615385,2.29615384615385,-1.03461538461538,-0.510769230769231,3.05846153846154,0.106153846153846
"Oxalis acetosella",4.12575342465753,-2.18260273972603,0.0983561643835617,-1.96602739726027,-0.516575342465753,3.35383561643836,1.07739726027397
"Paris quadrifolia",3.53392857142857,-1.12089285714286,1.52857142857143,-1.80928571428571,-2.38928571428571,3.40892857142857,1.37571428571429
"Persicaria bistorta",3.17,-0.336666666666667,1.82333333333333,-1.67666666666667,-1.09333333333333,3.45666666666667,0.76
"Persicaria hydropiper",3.18647058823529,-0.563529411764706,0.848235294117647,-1.68176470588235,-1.08352941176471,3.38235294117647,0.748235294117647
"Persicaria minor",3.229,-1.002,-0.257,-1.679,-1.127,3.424,0.694
"Petasites albus",3.17176470588235,-0.572941176470588,-2.45941176470588,-2.14294117647059,-3.71764705882353,3.04235294117647,0.887058823529412
"Peucedanum cervaria",2.36,-0.378823529411765,1.48352941176471,-1.28882352941176,-4.80882352941176,3.75882352941176,1.27470588235294
"Peucedanum oreoselinum",2.65565217391304,-0.19695652173913,1.41434782608696,-1.38086956521739,-4.9404347826087,3.7495652173913,1.31260869565217
"Peucedanum ostruthium",2.76818181818182,-0.488181818181818,0.0772727272727273,-1.40727272727273,-4.90363636363636,3.76727272727273,1.29727272727273
"Phegopteris connectilis",3.665,-1.245,-5.80166666666667,-1.64416666666667,-7.28416666666667,2.68,-0.118333333333333
"Phillyrea latifolia",1.9827397260274,2.15808219178082,2.29547945205479,-1.65986301369863,-0.45972602739726,2.65041095890411,-0.173287671232877
"Physospermum cornubiense",2.78647058823529,-0.771764705882353,2.03117647058824,-1.63941176470588,-5.00764705882353,3.10529411764706,1.02470588235294
"Phyteuma betonicifolium",3.43692307692308,-1.05769230769231,-3.30076923076923,-2.12538461538462,-0.636923076923077,3.66538461538462,0.55
"Phyteuma spicatum",3.88422222222222,-0.754666666666667,-1.88466666666667,-2.15866666666667,-0.606888888888889,3.526,0.364222222222222
"Picea abies",1.41344747081712,3.6987859922179,1.92315175097276,-0.777221789883269,-0.802,2.49785992217899,0.350443579766537
"Picea obovata",1.45777777777778,3.91666666666667,1.63222222222222,-1.04111111111111,-0.887777777777778,2.63777777777778,0.416666666666667
"Pinus cembra",1.61407407407407,3.14666666666667,5.42555555555556,-1.00703703703704,-0.496296296296296,2.79037037037037,0.367037037037037
"Pinus heldreichii",1.46454545454545,3.30181818181818,3.62090909090909,-0.999090909090909,-0.606363636363636,2.41818181818182,0.118181818181818
"Pinus mugo",1.52896551724138,2.29413793103448,2.01586206896552,-1.04551724137931,-0.604137931034483,2.45034482758621,0.350344827586207
"Pinus sylvestris",1.57183884297521,3.3146935261708,2.10104338842975,-1.04259297520661,-0.598980716253444,2.54082300275482,0.260075757575758
"Piptatherum virescens",2.85333333333333,0.00333333333333333,1.16,-1.09666666666667,-3.73666666666667,2.81666666666667,0.29
"Pistacia lentiscus",1.70906976744186,0.964651162790698,2.7346511627907,-0.913488372093023,-0.354418604651163,2.53976744186046,0.017906976744186
"Pistacia terebinthus",2.18333333333333,1.92944444444444,3.58166666666667,-0.963888888888889,-0.233333333333333,3.06222222222222,0.23
"Platanthera bifolia",3.15,-1.24391304347826,-5.48913043478261,-2.03608695652174,-2.43086956521739,3.27521739130435,-0.159130434782609
"Poa alpina",2.82172413793103,-1.4948275862069,-0.754137931034483,-1.26,-2.38344827586207,2.88379310344828,0.307586206896552
"Poa angustifolia",2.83304347826087,-0.446304347826087,-1.69065217391304,-0.956739130434783,-2.30478260869565,2.65717391304348,0.32695652173913
"Poa chaixii",3.00533333333333,0.0106666666666667,-1.214,-1.11733333333333,-2.41066666666667,2.88333333333333,0.303333333333333
"Poa glauca",2.4,-1.32666666666667,-0.828666666666667,-1.368,-2.42466666666667,1.72733333333333,-0.209333333333333
"Poa nemoralis",3.00744680851064,-0.409042553191489,-1.67127659574468,-1.24436170212766,-2.35351063829787,2.87202127659574,0.616595744680851
"Poa trivialis",3.43785714285714,-0.786857142857143,-1.73371428571429,-1.29442857142857,-2.35914285714286,3.13457142857143,1.21628571428571
"Polygala chamaebuxus",2.53411764705882,-2.05117647058824,2.23235294117647,-1.38529411764706,-1.43529411764706,3.02,0.36
"Polygonatum multiflorum",3.78333333333333,-0.76969696969697,3.12363636363636,-1.95515151515152,-1.90666666666667,3.36151515151515,0.669090909090909
"Polygonatum odoratum",3.32452380952381,-1.07166666666667,3.19857142857143,-1.62642857142857,-1.86404761904762,3.07095238095238,-0.593809523809524
"Polygonatum verticillatum",3.7095,-0.6175,3.1755,-1.9375,-1.845,3.5795,0.57
"Polypodium vulgare",2.73733333333333,-1.124,2.02333333333333,-1.118,-7.10733333333333,2.45933333333333,-0.117333333333333
"Polystichum aculeatum",2.66466666666667,-0.0333333333333333,-7.46733333333333,-1.22266666666667,-7.04866666666667,3.01533333333333,0.308666666666667
"Polystichum lonchitis",2.05125,-0.86875,-6.77,-1.0275,-7.05375,2.9025,0.19375
"Polystichum setiferum",2.79857142857143,-0.0771428571428571,-7.83714285714286,-1.20285714285714,-7.09142857142857,2.98714285714286,0.31
"Populus tremula",2.66313725490196,2.9306862745098,-2.38450980392157,-0.973725490196078,-0.682450980392157,3.29656862745098,0.538725490196078
"Potentilla erecta",3.16778761061947,-1.51477876106195,-1.11769911504425,-1.17778761061947,-1.55929203539823,3.18840707964602,0.691327433628319
"Potentilla micrantha",2.73875,-2.44,-0.64625,-1.24625,-3.48625,3.17375,0.6425
"Potentilla sterilis",3.2,-1.93,-0.605,-1.39625,-3.4125,3.21958333333333,0.606666666666667
"Prenanthes purpurea",4.205,0.285,-1.29166666666667,-2.12666666666667,-3.65333333333333,3.39555555555556,1.125
"Primula elatior",3.22780487804878,-1.93951219512195,-0.591707317073171,-1.99024390243902,-1.52926829268293,3.35658536585366,0.768780487804878
"Primula veris",2.94430555555556,-1.695,-0.400138888888889,-1.23347222222222,-1.52277777777778,2.81222222222222,0.510138888888889
"Primula vulgaris",3.36708333333333,-2.32416666666667,0.130833333333333,-1.9025,-1.61916666666667,3.12708333333333,0.797916666666667
"Prunella grandiflora",2.98461538461538,-1.585,-0.106153846153846,-1.65576923076923,-3.00730769230769,2.86730769230769,0.546923076923077
"Prunella vulgaris",3.36928571428571,-1.63055555555556,-0.285079365079365,-1.66055555555556,-2.71650793650794,2.94436507936508,0.829047619047619
"Prunus avium",2.87260869565217,2.53869565217391,5.22550724637681,-1.11565217391304,-0.496521739130435,3.03507246376812,0.546086956521739
"Prunus mahaleb",2.74590909090909,1.92181818181818,4.21,-1.26386363636364,-0.599090909090909,3.04113636363636,0.641363636363636
"Prunus padus",2.91309090909091,2.334,4.26109090909091,-1.13181818181818,-0.751090909090909,3.08127272727273,0.474
"Prunus serotina",2.83079136690647,2.35618705035971,4.29776978417266,-1.13913669064748,-0.624532374100719,3.21093525179856,0.546690647482014
"Prunus spinosa",2.69958620689655,0.888896551724138,4.89220689655172,-1.1131724137931,-0.593241379310345,3.31662068965517,0.884206896551724
"Pseudotsuga menziesii",1.82842696629213,4.07460674157303,2.86949438202247,-0.975224719101124,-0.769157303370786,2.47634831460674,0.619719101123596
"Pteridium aquilinum",2.63527777777778,0.125,-6.98805555555556,-0.576111111111111,-7.33666666666667,3.08472222222222,0.110277777777778
"Pulmonaria mollis",3.136,-1.144,2.188,-2.09,-0.838,3.208,1.326
"Pulmonaria obscura",3.59444444444444,-1.20777777777778,1.47,-2.00111111111111,-0.765555555555556,3.24222222222222,1.31222222222222
"Pulmonaria officinalis",3.39147058823529,-1.46676470588235,1.31941176470588,-2.20823529411765,-0.757647058823529,3.20558823529412,1.41441176470588
"Punica granatum",2.09684210526316,1.59157894736842,3.00789473684211,-1.01894736842105,-0.241578947368421,2.39947368421053,-0.580526315789474
"Pyrola chlorantha",3.10666666666667,-2.05666666666667,-3.525,-1.405,-0.27,2.61333333333333,0.566666666666667
"Pyrola minor",3.08678571428571,-2.59714285714286,-6.13178571428571,-1.2747619047619,-0.265238095238095,2.75285714285714,0.689761904761905
"Pyrola rotundifolia",2.950625,-2.019375,-3.370625,-1.39125,-0.31375,2.561875,0.3925
"Pyrus communis",2.02966666666667,2.89233333333333,3.48766666666667,-0.728333333333333,-0.408666666666667,3.108,0.459333333333333
"Pyrus pyraster",2.37,2.99277777777778,3.33888888888889,-0.805,-0.488888888888889,3.05777777777778,0.486666666666667
"Quercus cerris",2.30754098360656,3.50344262295082,8.20311475409836,-0.87672131147541,-0.19655737704918,3.09081967213115,0.200327868852459
"Quercus coccifera",1.62510638297872,1.05234042553191,7.32042553191489,-0.718723404255319,-0.0970212765957447,2.48425531914894,-0.242553191489362
"Quercus ilex",1.80481236203091,2.88886313465784,7.70930463576159,-1.12841059602649,-0.106434878587196,2.62985651214128,-0.107185430463576
"Quercus petraea",2.58827586206897,3.54001044932079,7.18327063740857,-0.983019853709509,-0.298568443051202,3.04028213166144,0.262298850574713
"Quercus pubescens",2.32659090909091,2.76159090909091,6.77363636363636,-0.809545454545455,-0.185681818181818,2.8675,-0.015
"Quercus pyrenaica",2.14388888888889,2.86888888888889,1.69388888888889,-1.04833333333333,-0.200555555555556,2.89666666666667,0.338888888888889
"Quercus robur",2.64878676470588,3.33507352941176,7.75819852941176,-0.995772058823529,-0.223529411764706,3.09670955882353,0.506397058823529
"Quercus rubra",2.69580808080808,3.46207070707071,7.89151515151515,-0.999848484848485,-0.353989898989899,3.03974747474747,0.425757575757576
"Ranunculus carinthiacus",3.09,-2.1725,-0.0775,-1.88,-1.495,3.2475,1.095
"Ranunculus lanuginosus",3.14333333333333,-0.645,1.0925,-1.9,-1.63916666666667,3.21916666666667,1.14333333333333
"Ranunculus platanifolius",3.03157894736842,-0.330526315789474,0.41,-1.86,-1.50578947368421,3.25210526315789,1.06947368421053
"Ranunculus repens",3.19089285714286,-1.17919642857143,0.830089285714286,-1.825625,-1.44875,3.14883928571429,0.838303571428571
"Ranunculus serpens",3.04727272727273,-0.793636363636364,1.22363636363636,-1.87909090909091,-1.41909090909091,3.23636363636364,1.00090909090909
"Rhamnus cathartica",2.84632352941176,1.31764705882353,2.87514705882353,-1.19911764705882,-0.488970588235294,3.18941176470588,0.479705882352941
"Rhododendron ferrugineum",1.85363636363636,0.108181818181818,-3.26272727272727,-1.19,-0.625454545454545,2.52636363636364,-0.375454545454545
"Rhododendron hirsutum",1.71666666666667,-0.234444444444444,-3.09777777777778,-1.08,-0.755555555555556,2.53111111111111,-0.224444444444444
"Rhodothamnus chamaecistus",2.225,-1.193,-3.048,-1.122,-0.347,2.587,-0.124
"Ribes alpinum",2.79333333333333,0.432222222222222,1.31148148148148,-1.19777777777778,-0.394444444444444,2.90259259259259,0.409259259259259
"Ribes nigrum",2.79037037037037,0.50962962962963,1.73666666666667,-1.19203703703704,-0.562962962962963,2.94796296296296,0.553333333333333
"Ribes rubrum",3.32739130434783,0.402608695652174,2.26260869565217,-1.3704347826087,-0.746086956521739,3.0604347826087,0.577391304347826
"Robinia pseudoacacia",2.92206896551724,3.31258620689655,3.07793103448276,-1.17724137931034,-0.361724137931034,3.60844827586207,0.65448275862069
"Rosa arvensis",3.09953488372093,0.276627906976744,2.49848837209302,-1.09767441860465,-0.447441860465116,3.19651162790698,0.839418604651163
"Rosa canina",2.77028985507246,0.734492753623188,3.08,-1.11942028985507,-0.541449275362319,3.27797101449275,1.03855072463768
"Rosa majalis",3.038,0.504,1.696,-1.055,-0.446,3.072,0.763
"Rosa pendulina",3.14,0.4425,2.625,-1.10875,-0.4625,3.10625,0.80875
"Rubus caesius",3.11357142857143,-0.427142857142857,1.03214285714286,-0.997678571428571,-1.36410714285714,2.91410714285714,0.550535714285714
"Rubus idaeus",3.06786885245902,0.109918032786885,0.52016393442623,-1.05040983606557,-4.68786885245902,3.05581967213115,0.486147540983607
"Rubus pedemontanus",2.904,-1.364,0.238,-1.09,-1.938,3.036,0.696
"Rubus plicatus",3.02142857142857,0.508571428571429,0.42,-1.16,-1.80428571428571,3.09428571428571,0.655714285714286
"Rubus saxatilis",3.30897058823529,-1.33588235294118,2.55323529411765,-1.15132352941176,-1.79426470588235,2.96485294117647,1.44014705882353
"Rubus ulmifolius",2.584,0.602,0.932666666666667,-1.08133333333333,-1.792,3.33733333333333,1.252
"Rubus vestitus",2.91913043478261,0.811739130434783,0.847391304347826,-0.999565217391304,-1.82695652173913,3.01391304347826,0.330434782608696
"Rumex acetosa",3.32595588235294,-0.638014705882353,-0.272867647058824,-2.14507352941176,-1.94757352941176,3.62661764705882,1.21014705882353
"Rumex acetosella",3.15774193548387,-1.54588709677419,-1.025,-2.08387096774194,-2.29620967741935,3.39685483870968,0.920887096774194
"Rumex alpestris",3.520625,-1.931875,-0.31875,-2.1525,-3.353125,3.61,0.93125
"Rumex sanguineus",3.236,-0.256,-0.0903333333333333,-1.64933333333333,-3.23366666666667,3.42466666666667,0.823666666666667
"Ruscus aculeatus",2.85083333333333,0.0208333333333333,5.07416666666667,-1.46916666666667,-2.24166666666667,3.32833333333333,0.495833333333333
"Salix appendiculata",2.88384615384615,1.91384615384615,-2.16230769230769,-1.15923076923077,-0.764615384615385,3.22615384615385,0.487692307692308
"Salix caprea",2.72389830508475,2.13915254237288,-2.40720338983051,-1.09762711864407,-0.712542372881356,3.3035593220339,0.802372881355932
"Salix cinerea",2.4190625,1.531875,-3.0971875,-0.8215625,-0.8440625,3.0171875,0.308125
"Salix waldsteiniana",2.5025,-0.215,-2.7675,-1.0975,-0.9875,3.11,0.2575
"Salvia glutinosa",4.003125,-0.466875,1.575625,-2.2825,-2.86,3.131875,0.940625
"Salvia tomentosa",2.91,-0.64,2.4,-1.505,-2.74,2.915,0.78
"Sambucus nigra",3.06132530120482,1.69072289156627,1.855,-1.48006024096386,-1.00530120481928,3.62277108433735,0.97710843373494
"Sanguisorba officinalis",3.07583333333333,-0.255833333333333,0.715333333333333,-1.3195,-1.09266666666667,2.99033333333333,0.2005
"Sanicula europaea",3.48771428571429,-1.114,1.18142857142857,-1.65828571428571,-5.15171428571429,3.04885714285714,1.00514285714286
"Saponaria ocymoides",2.99933333333333,-0.928666666666667,1.08,-1.68333333333333,-7.794,3.15933333333333,0.578666666666667
"Saxifraga cuneifolia",2.75,-2.42,-3.39,-2.01,-0.28,2.65,0.15
"Saxifraga hirsuta",2.93,-1.84,-3.16,-2.05,-0.335,2.59,-0.02
"Saxifraga rotundifolia",2.84125,-1.0775,-3.405,-1.985,-0.43625,2.7,0.05625
"Scilla bifolia",3.70066666666667,-1.78333333333333,2.07533333333333,-2.47466666666667,-2.55066666666667,3.08266666666667,0.844
"Scilla vindobonensis",3.205,-1.555,1.62,-2.42,-2.625,3.025,0.805
"Scorzonera humilis",3.02,-1.09714285714286,0.948571428571429,-1.76657142857143,-3.60285714285714,3.20285714285714,0.819142857142857
"Scrophularia nodosa",3.38338983050847,-0.0994915254237288,-2.45237288135593,-1.94694915254237,-2.45762711864407,3.10254237288136,0.640508474576271
"Scutellaria galericulata",3.80757575757576,-1.16787878787879,-0.504848484848485,-1.59030303030303,-2.70484848484849,2.86606060606061,0.013030303030303
"Sedum album",3.15037037037037,-1.80888888888889,-3.4662962962963,-3.0162962962963,-0.671111111111111,2.62111111111111,0.721851851851852
"Sedum maximum",2.97555555555556,-0.402222222222222,-2.76555555555556,-2.60444444444444,-0.655555555555556,2.60444444444444,0.684444444444444
"Sempervivum montanum",2.57,-2.48,-3.975,-3.32,-0.84,2.495,0.795
"Senecio abrotanifolius",3.03875,-1.0475,-0.795,-2.0075,-3.7175,3.325,1.20125
"Senecio hercynicus",3.08333333333333,0.15,-0.74,-2.06333333333333,-3.68666666666667,3.27666666666667,1.14
"Senecio nemorensis",3.43583333333333,-0.219166666666667,-0.771666666666667,-2.0575,-3.66833333333333,3.60166666666667,1.36166666666667
"Senecio ovatus",3.068,0.424,-0.546,-2.102,-3.774,3.27,1.118
"Senecio sylvaticus",3.40470588235294,-0.442352941176471,-1.36852941176471,-2.22617647058824,-3.61823529411765,3.32558823529412,1.08529411764706
"Senecio viscosus",3.09444444444444,-0.858333333333333,-0.631666666666667,-2.17888888888889,-3.72777777777778,3.25777777777778,1.11861111111111
"Sesleria albicans",3.07041666666667,-1.44125,-0.5075,-1.21583333333333,-3.66125,2.99083333333333,0.10375
"Sesleria caerulea",2.76,-1.33533333333333,0.36,-1.00733333333333,-3.652,2.786,8.08634120312105e-19
"Silene dioica",3.62492307692308,-0.470615384615385,-0.778307692307692,-2.19430769230769,-7.73969230769231,3.42246153846154,1.21415384615385
"Silene nutans",3.04762711864407,-0.865423728813559,-1.12661016949153,-1.57406779661017,-7.76593220338983,3.55881355932203,1.15508474576271
"Silene vulgaris",3.18834710743802,-0.806198347107438,0.133140495867769,-1.92735537190083,-7.5901652892562,3.33322314049587,0.937190082644628
"Smilax aspera",2.33,1.98615384615385,3.73230769230769,-0.697692307692308,-0.179230769230769,2.19846153846154,-1.00769230769231
"Smyrnium perfoliatum",3.42176470588235,-0.351764705882353,1.29764705882353,-1.45764705882353,-4.90235294117647,3.10470588235294,0.807647058823529
"Solanum dulcamara",3.54744,0.35368,1.46864,-1.74592,-1.40608,3.73296,1.09168
"Soldanella alpina",3.01333333333333,-2.02777777777778,-1.38222222222222,-1.54111111111111,-1.78,3.15,0.361111111111111
"Soldanella montana",3.05,-1.5,-0.514444444444444,-1.56444444444444,-1.65555555555556,3.18888888888889,0.516666666666667
"Solidago virgaurea",3.17921568627451,-0.370686274509804,-0.481078431372549,-1.6006862745098,-3.80794117647059,3.28352941176471,1.61823529411765
"Sorbus aria",2.67864406779661,0.903898305084746,4.0128813559322,-1.25932203389831,-0.364067796610169,2.10491525423729,1.26576271186441
"Sorbus aucuparia",2.66349726775956,0.889945355191257,1.65732240437158,-1.01355191256831,-0.508579234972678,3.09863387978142,0.625191256830601
"Sorbus chamaemespilus",2.6175,0.5475,2.74833333333333,-1.04666666666667,-0.508333333333333,3.18166666666667,0.7075
"Sorbus mougeotii",2.62571428571429,2.94428571428571,2.57571428571429,-0.997142857142857,-0.532857142857143,3.20428571428571,0.72
"Sorbus torminalis",3.175,2.45809523809524,3.60047619047619,-1.11238095238095,-0.423095238095238,3.22857142857143,0.772857142857143
"Spartium junceum",2.6465,0.144,2.5695,-1.267,-0.305,3.276,0.11
"Spergula arvensis",2.58809523809524,-1.28936507936508,-1.10222222222222,-1.90571428571429,-7.79492063492063,3.40063492063492,0.555079365079365
"Stachys officinalis",3.02875,-1.03416666666667,0.4675,-1.42625,-3.06916666666667,3.16604166666667,1.08125
"Stachys palustris",3.42442307692308,-0.409807692307692,0.0707692307692308,-1.695,-2.96826923076923,3.345,1.60153846153846
"Stachys recta",3.38041666666667,-0.69625,0.275833333333333,-1.57125,-2.77333333333333,3.31333333333333,1.56666666666667
"Stachys sylvatica",3.75045454545455,-0.36530303030303,0.296969696969697,-1.60863636363636,-2.76924242424242,3.34015151515152,1.47121212121212
"Stellaria holostea",3.32836065573771,-1.18786885245902,0.966885245901639,-1.74540983606557,-7.81459016393443,3.19672131147541,1.56655737704918
"Stellaria nemorum",3.82,-1.05119047619048,-1.4647619047619,-1.99166666666667,-7.87380952380952,3.35714285714286,1.40761904761905
"Stipa calamagrostis",2.095,-0.166666666666667,-0.73,-0.948333333333333,-3.73333333333333,2.81,-0.02
"Streptopus amplexifolius",3.16363636363636,-0.243636363636364,0.852727272727273,-1.47818181818182,-1.68,2.76818181818182,0.660909090909091
"Succisa pratensis",2.84753424657534,-0.754657534246575,0.213287671232877,-1.71835616438356,-1.1358904109589,2.57013698630137,0.214794520547945
"Symphytum officinale",3.2108,-0.4692,2.2288,-2.502,-0.8928,3.4492,0.6524
"Symphytum tuberosum",3.45173913043478,-1.34478260869565,1.76826086956522,-2.22130434782609,-0.848695652173913,3.31,0.469130434782609
"Syringa vulgaris",2.60323529411765,1.85323529411765,1.60676470588235,-1.19029411764706,-0.507941176470588,2.95235294117647,0.221470588235294
"Tanacetum corymbosum",2.98739130434783,-0.187391304347826,-0.747391304347826,-1.52391304347826,-1.11130434782609,2.70695652173913,1.19086956521739
"Taxus baccata",2.00257731958763,2.75871134020619,4.0540206185567,-1.05051546391753,-0.534639175257732,3.08422680412371,0.759020618556701
"Telekia speciosa",2.85833333333333,0.445,-0.611666666666667,-1.50833333333333,-3.59333333333333,3.03666666666667,0.545
"Teucrium chamaedrys",2.65127659574468,-1.49893617021277,0.167659574468085,-1.21829787234043,-2.61702127659574,3.03446808510638,0.50063829787234
"Teucrium montanum",2.8485,-1.4545,-0.4035,-1.3515,-2.809,2.8155,0.345
"Teucrium scordium",3.624,-1.2555,-0.796,-1.8155,-2.6715,2.9715,0.385
"Teucrium scorodonia",2.6835,-1.13066666666667,-0.292,-1.00666666666667,-2.701,2.72216666666667,0.277833333333333
"Thalictrum minus",3.0042,-0.6492,0.4156,-1.2542,-1.1742,3.2326,1.1044
"Thesium alpinum",3.315,-1.675,2.003,-1.758,-0.241,2.677,0.06
"Thymus praecox",2.75772727272727,-2.14795454545455,-1.85863636363636,-1.39909090909091,-2.79840909090909,3.23818181818182,0.508863636363636
"Tilia cordata",3.24058139534884,3.13255813953488,3.44220930232558,-1.53395348837209,-0.783488372093023,3.1856976744186,0.876395348837209
"Tilia platyphyllos",3.22926829268293,3.48024390243902,4.1809756097561,-1.60073170731707,-0.786829268292683,3.36121951219512,0.709756097560976
"Tilia tomentosa",3.3,3.14384615384615,4.68384615384615,-1.57230769230769,-0.781538461538462,3.31923076923077,0.988461538461539
"Torilis japonica",3.30816326530612,-0.514081632653061,1.19469387755102,-1.31061224489796,-4.95183673469388,3.17448979591837,1.42510204081633
"Trifolium alpestre",2.46291666666667,-1.31958333333333,0.418333333333333,-1.06625,-5.17958333333333,3.25,-0.180416666666667
"Trifolium aureum",3.48966666666667,-1.03066666666667,-1.03933333333333,-1.612,-5.25233333333333,3.687,0.18
"Trifolium lupinaster",2.93333333333333,-1.53666666666667,0.43,-1.54666666666667,-5.22833333333333,3.63166666666667,0.153333333333333
"Trifolium medium",2.77333333333333,-1.08755555555556,0.978222222222222,-0.921777777777778,-5.10866666666667,3.62555555555556,0.0311111111111111
"Trifolium repens",3.29873913043478,-1.75152173913043,-0.252,-1.59513043478261,-6.21978260869565,3.80873913043478,0.468391304347826
"Trifolium rubens",2.81125,-0.675,0.80625,-1.31125,-5.1075,3.5275,0.11625
"Trollius europaeus",3.10766666666667,-1.14183333333333,-0.0416666666666667,-1.67933333333333,-1.08083333333333,3.17583333333333,0.754166666666667
"Turritis glabra",3.335,-1.82,-3,-2.17,-7.4,3.43,0.99
"Tussilago farfara",2.69416666666667,-1.26666666666667,-1.08416666666667,-1.81770833333333,-3.571875,3.22916666666667,0.968958333333333
"Ulex gallii",1.882,-0.131454545454545,1.50418181818182,-1.04036363636364,-0.402181818181818,3.20872727272727,0.642
"Ulmus glabra",2.6630534351145,3.17557251908397,2.4075572519084,-1.05709923664122,-0.543587786259542,3.10175572519084,0.588091603053435
"Ulmus minor",2.91307692307692,3.04179487179487,1.67769230769231,-1.40923076923077,-0.467435897435897,3.25358974358974,0.588974358974359
"Urtica dioica",3.38393103448276,0.16351724137931,-1.80841379310345,-1.50931034482759,-1.74186206896552,3.81613793103448,1.42151724137931
"Vaccinium myrtillus",2.90593525179856,-1.37435251798561,-1.2721582733813,-0.991258992805755,-0.707985611510791,2.78553956834532,0.387194244604317
"Vaccinium uliginosum",2.58026737967914,-1.13320855614973,-1.40304812834225,-1.00508021390374,-0.671016042780749,2.96748663101604,0.0800534759358289
"Valeriana dioica",3.36289473684211,-1.41368421052632,-0.490263157894737,-1.84710526315789,-0.701578947368421,3.12657894736842,0.477368421052632
"Valeriana montana",3.12166666666667,-0.733333333333333,0.435,-1.91166666666667,-0.731666666666667,2.84166666666667,0.426666666666667
"Valeriana officinalis",3.3414,-0.1758,0.1532,-2.0132,-0.7914,2.756,0.3306
"Valeriana tripteris",3.4125,-0.885,-0.165,-1.925,-0.648333333333333,2.90083333333333,0.265
"Veratrum album",3.32571428571429,0.14,1.30428571428571,-1.995,-0.456428571428571,3.59714285714286,0.971428571428571
"Veratrum lobelianum",3.125,0.305,0.89,-1.97,-0.42,3.05,0.74
"Veronica chamaedrys",3.36102189781022,-1.44481751824818,-1.50481751824818,-1.47226277372263,-2.24737226277372,3.05065693430657,0.747226277372263
"Veronica montana",3.51404761904762,-1.23785714285714,-0.909761904761905,-1.3497619047619,-2.33119047619048,3.03309523809524,0.778571428571429
"Veronica officinalis",3.16,-1.78950617283951,-2.0041975308642,-1.08024691358025,-2.19765432098765,2.88037037037037,1.5620987654321
"Veronica serpyllifolia",3.34863636363636,-1.85090909090909,-3.14840909090909,-1.77681818181818,-2.48681818181818,2.99772727272727,0.870681818181818
"Veronica urticifolia",3.24333333333333,-0.753333333333333,-2.15416666666667,-1.73833333333333,-2.43,3.0075,0.838333333333333
"Viburnum lantana",2.9332,1.23013333333333,3.54946666666667,-1.45253333333333,-0.287866666666667,2.43733333333333,-0.018
"Viburnum opulus",2.87739495798319,1.25705882352941,3.32789915966387,-1.14840336134454,-0.553613445378151,3.0446218487395,0.492436974789916
"Vicia dumetorum",3.238,0.527,3.974,-1.495,-0.413,3.662,0.456
"Vicia oroboides",3.2625,-0.84,2.66,-1.48,-0.52,3.6425,0.425
"Vicia sepium",3.61387096774194,-0.614354838709677,3.48951612903226,-1.14177419354839,-0.352903225806452,3.85,0.432741935483871
"Vicia sylvatica",3.27838709677419,0.264838709677419,3.02935483870968,-1.49290322580645,-0.499354838709677,3.6458064516129,0.487741935483871
"Vincetoxicum hirundinaria",3.78294117647059,-0.105882352941176,1.80147058823529,-1.78205882352941,-5.35529411764706,3.65676470588235,0.8
"Viola alba",3.14692307692308,-2.38384615384615,0.570769230769231,-1.38153846153846,-0.349230769230769,2.87692307692308,0.716923076923077
"Viola biflora",3.92470588235294,-2.11411764705882,-0.142352941176471,-2.07176470588235,-0.541764705882353,2.99941176470588,0.824117647058824
"Viola canina",3.22892307692308,-1.54015384615385,0.535846153846154,-1.13815384615385,-0.407692307692308,3.14030769230769,0.841230769230769
"Viola collina",3.197,-2.319,0.602,-1.745,-0.461,2.918,0.888
"Viola hirta",2.99382978723404,-1.95829787234043,1.19893617021277,-1.48170212765957,-0.336595744680851,2.93851063829787,0.781702127659574
"Viola mirabilis",3.93535714285714,-1.26321428571429,0.867142857142857,-1.86821428571429,-0.436428571428571,3.07285714285714,1.05035714285714
"Viola odorata",3.22375,-1.86541666666667,0.8575,-1.595,-0.50125,2.85833333333333,0.844583333333333
"Viola reichenbachiana",3.37454545454545,-2.01969696969697,0.391515151515152,-1.55757575757576,-0.515757575757576,3.03363636363636,0.810909090909091
"Viola riviniana",3.36194444444444,-1.60361111111111,0.272083333333333,-1.51013888888889,-0.445277777777778,3.04958333333333,0.89875
"Viola selkirkii",3.264,-2.344,-0.35,-1.73,-0.43,2.924,0.822
"Wahlenbergia hederacea",3.50090909090909,-2.06363636363636,-4.02363636363636,-1.76636363636364,-0.732727272727273,3.37909090909091,0.414545454545455
